{
    "Chicago Todo List": {
        "type": "FeatureCollection",
        "features": [
            {
                "type": "Feature",
                "geometry": {
                    "type": "Point",
                    "coordinates": [
                        -87.6678244,
                        41.9732449
                    ]
                },
                "properties": {
                    "name": "Meeting House",
                    "address": "5025 N Clark St, Chicago, IL 60640",
                    "reviews": "shuffleboard, billards, arcade games, popcorn"
                }
            },
            {
                "type": "Feature",
                "geometry": {
                    "type": "Point",
                    "coordinates": [
                        -87.6690501,
                        41.9833736
                    ]
                },
                "properties": {
                    "name": "Little Bad Wolf",
                    "address": "1541 W Bryn Mawr Ave, Chicago, IL 60660",
                    "reviews": ""
                }
            },
            {
                "type": "Feature",
                "geometry": {
                    "type": "Point",
                    "coordinates": [
                        -87.6679945,
                        41.981472
                    ]
                },
                "properties": {
                    "name": "Pizza Lobo",
                    "address": "5457 N Clark St, Chicago, IL 60640",
                    "reviews": ""
                }
            },
            {
                "type": "Feature",
                "geometry": {
                    "type": "Point",
                    "coordinates": [
                        -87.6688473,
                        41.9781128
                    ]
                },
                "properties": {
                    "name": "Ranalli\u2019s Pizza",
                    "address": "1512 W Berwyn Ave, Chicago, IL 60640",
                    "reviews": ""
                }
            },
            {
                "type": "Feature",
                "geometry": {
                    "type": "Point",
                    "coordinates": [
                        -87.6684015,
                        41.9731866
                    ]
                },
                "properties": {
                    "name": "Tala House",
                    "address": "5022 N Clark St, Chicago, IL 60640",
                    "reviews": ""
                }
            },
            {
                "type": "Feature",
                "geometry": {
                    "type": "Point",
                    "coordinates": [
                        -87.7053387,
                        41.9355689
                    ]
                },
                "properties": {
                    "name": "SmallBar",
                    "address": "2956 N Albany Ave, Chicago, IL 60618",
                    "reviews": "good smashburgers"
                }
            },
            {
                "type": "Feature",
                "geometry": {
                    "type": "Point",
                    "coordinates": [
                        -87.7163563,
                        41.9394475
                    ]
                },
                "properties": {
                    "name": "Late Bar",
                    "address": "3534 W Belmont Ave, Chicago, IL 60618",
                    "reviews": "goth club, open til 4am thurs-sat, cheap beer"
                }
            },
            {
                "type": "Feature",
                "geometry": {
                    "type": "Point",
                    "coordinates": [
                        -87.7022054,
                        41.9392147
                    ]
                },
                "properties": {
                    "name": "TriBecca\u2019s Sandwich Shop",
                    "address": "2949 W Belmont Ave, Chicago, IL 60618",
                    "reviews": ""
                }
            },
            {
                "type": "Feature",
                "geometry": {
                    "type": "Point",
                    "coordinates": [
                        -87.6565482,
                        41.8309771
                    ]
                },
                "properties": {
                    "name": "Chicago Maritime Museum",
                    "address": "1200 W 35th St, Chicago, IL 60609",
                    "reviews": ""
                }
            },
            {
                "type": "Feature",
                "geometry": {
                    "type": "Point",
                    "coordinates": [
                        -87.646539,
                        41.844389
                    ]
                },
                "properties": {
                    "name": "Palmisano Park",
                    "address": "2700 S Halsted St, Chicago, IL 60608",
                    "reviews": "old quarry and pond"
                }
            },
            {
                "type": "Feature",
                "geometry": {
                    "type": "Point",
                    "coordinates": [
                        -87.6458724,
                        41.8360071
                    ]
                },
                "properties": {
                    "name": "Four Seasons Dumpling",
                    "address": "3205 S Halsted St, Chicago, IL 60608",
                    "reviews": ""
                }
            },
            {
                "type": "Feature",
                "geometry": {
                    "type": "Point",
                    "coordinates": [
                        -87.6465082,
                        41.8343848
                    ]
                },
                "properties": {
                    "name": "JM Seafood",
                    "address": "3312 S Halsted St, Chicago, IL 60608",
                    "reviews": ""
                }
            },
            {
                "type": "Feature",
                "geometry": {
                    "type": "Point",
                    "coordinates": [
                        -87.6506951,
                        41.8346871
                    ]
                },
                "properties": {
                    "name": "Martinez",
                    "address": "3301 S Morgan St, Chicago, IL 60608",
                    "reviews": ""
                }
            },
            {
                "type": "Feature",
                "geometry": {
                    "type": "Point",
                    "coordinates": [
                        -87.599501,
                        41.822889
                    ]
                },
                "properties": {
                    "name": "Oakwood Beach",
                    "address": "4100 S DuSable Lake Shore Dr, Chicago, IL 60653",
                    "reviews": "Mermaid statue, long pier platform"
                }
            },
            {
                "type": "Feature",
                "geometry": {
                    "type": "Point",
                    "coordinates": [
                        -87.6157495,
                        41.785564
                    ]
                },
                "properties": {
                    "name": "Peach\u2019s",
                    "address": "4652 S King Dr, Chicago, IL 60653",
                    "reviews": ""
                }
            },
            {
                "type": "Feature",
                "geometry": {
                    "type": "Point",
                    "coordinates": [
                        -87.6242213,
                        41.8239305
                    ]
                },
                "properties": {
                    "name": "Truth",
                    "address": "56 E Pershing Rd, Chicago, IL 60653",
                    "reviews": ""
                }
            },
            {
                "type": "Feature",
                "geometry": {
                    "type": "Point",
                    "coordinates": [
                        -87.6196874,
                        41.8309954
                    ]
                },
                "properties": {
                    "name": "Bronzeville Hoagie & Panini",
                    "address": "238 E 35th St, Chicago, IL 60616",
                    "reviews": ""
                }
            },
            {
                "type": "Feature",
                "geometry": {
                    "type": "Point",
                    "coordinates": [
                        -87.6069248,
                        41.8170758
                    ]
                },
                "properties": {
                    "name": "Cleo's Southern",
                    "address": "4248 S Cottage Grove Ave, Chicago, IL 60653",
                    "reviews": ""
                }
            },
            {
                "type": "Feature",
                "geometry": {
                    "type": "Point",
                    "coordinates": [
                        -87.6097269,
                        41.8093158
                    ]
                },
                "properties": {
                    "name": "Two Fish",
                    "address": "641 E 47th St, Chicago, IL 60653",
                    "reviews": ""
                }
            },
            {
                "type": "Feature",
                "geometry": {
                    "type": "Point",
                    "coordinates": [
                        -87.6798243,
                        41.9175899
                    ]
                },
                "properties": {
                    "name": "Map Room",
                    "address": "1949 N Hoyne Ave, Chicago, IL 60647",
                    "reviews": "good cocktail menu"
                }
            },
            {
                "type": "Feature",
                "geometry": {
                    "type": "Point",
                    "coordinates": [
                        -87.6804851,
                        41.9198721
                    ]
                },
                "properties": {
                    "name": "The Charleston",
                    "address": "2076 N Hoyne Ave, Chicago, IL 60647",
                    "reviews": "candlelit tables"
                }
            },
            {
                "type": "Feature",
                "geometry": {
                    "type": "Point",
                    "coordinates": [
                        -87.6774207,
                        41.9169911
                    ]
                },
                "properties": {
                    "name": "TRUCE",
                    "address": "1935 N Damen Ave, Chicago, IL 60647",
                    "reviews": "cozy place with coffee & cocktails"
                }
            },
            {
                "type": "Feature",
                "geometry": {
                    "type": "Point",
                    "coordinates": [
                        -87.6720871,
                        41.9157282
                    ]
                },
                "properties": {
                    "name": "The 606",
                    "address": "1850 N Hermitage Ave, Chicago, IL 60622",
                    "reviews": "Walk or bike the 2-mile trail"
                }
            },
            {
                "type": "Feature",
                "geometry": {
                    "type": "Point",
                    "coordinates": [
                        -87.6699335,
                        41.9159189
                    ]
                },
                "properties": {
                    "name": "Bad Butter",
                    "address": "1655 W Cortland St, Chicago, IL 60622, United States",
                    "reviews": ""
                }
            },
            {
                "type": "Feature",
                "geometry": {
                    "type": "Point",
                    "coordinates": [
                        -87.677763,
                        41.9175667
                    ]
                },
                "properties": {
                    "name": "Le Bouchon",
                    "address": "1958 N Damen Ave, Chicago, IL 60647",
                    "reviews": ""
                }
            },
            {
                "type": "Feature",
                "geometry": {
                    "type": "Point",
                    "coordinates": [
                        -87.6869291,
                        41.7794353
                    ]
                },
                "properties": {
                    "name": "Garifuna Flava",
                    "address": "2518 W 63rd St, Chicago, IL 60629",
                    "reviews": "best jerk chicken in Chicago\nrec'd by multiple people"
                }
            },
            {
                "type": "Feature",
                "geometry": {
                    "type": "Point",
                    "coordinates": [
                        -87.6317448,
                        41.8526056
                    ]
                },
                "properties": {
                    "name": "No. 18 Karaoke",
                    "address": "2201 S Wentworth Ave, Chicago, IL 60616",
                    "reviews": ""
                }
            },
            {
                "type": "Feature",
                "geometry": {
                    "type": "Point",
                    "coordinates": [
                        -87.6317869,
                        41.8520526
                    ]
                },
                "properties": {
                    "name": "Molly Tea",
                    "address": "2227 S Wentworth Ave, Chicago, IL 60616",
                    "reviews": ""
                }
            },
            {
                "type": "Feature",
                "geometry": {
                    "type": "Point",
                    "coordinates": [
                        -87.6335248,
                        41.8512035
                    ]
                },
                "properties": {
                    "name": "Chinese American Museum of Chicago",
                    "address": "238 W 23rd St, Chicago, IL 60616",
                    "reviews": ""
                }
            },
            {
                "type": "Feature",
                "geometry": {
                    "type": "Point",
                    "coordinates": [
                        -87.6407825,
                        41.8490781
                    ]
                },
                "properties": {
                    "name": "Connie's Pizza",
                    "address": "2373 S Archer Ave, Chicago, IL 60616",
                    "reviews": ""
                }
            },
            {
                "type": "Feature",
                "geometry": {
                    "type": "Point",
                    "coordinates": [
                        -87.6345491,
                        41.8537831
                    ]
                },
                "properties": {
                    "name": "DaiFuku Ramen",
                    "address": "2155 S China Place, Chicago, IL 60616",
                    "reviews": ""
                }
            },
            {
                "type": "Feature",
                "geometry": {
                    "type": "Point",
                    "coordinates": [
                        -87.6337648,
                        41.8538607
                    ]
                },
                "properties": {
                    "name": "Hing Kee",
                    "address": "2140 S Archer Ave, Chicago, IL 60616",
                    "reviews": "rec'd by multiple people"
                }
            },
            {
                "type": "Feature",
                "geometry": {
                    "type": "Point",
                    "coordinates": [
                        -87.6316698,
                        41.852133
                    ]
                },
                "properties": {
                    "name": "May Flower ",
                    "address": "2225 S Wentworth Ave, Chicago, IL 60616",
                    "reviews": "Get Taro Puffs"
                }
            },
            {
                "type": "Feature",
                "geometry": {
                    "type": "Point",
                    "coordinates": [
                        -87.6336975,
                        41.8539136
                    ]
                },
                "properties": {
                    "name": "MCCB Chicago",
                    "address": "2138 S Archer Ave, Chicago, IL 60616",
                    "reviews": ""
                }
            },
            {
                "type": "Feature",
                "geometry": {
                    "type": "Point",
                    "coordinates": [
                        -87.6411983,
                        41.8543163
                    ]
                },
                "properties": {
                    "name": "Qiao Lin Hotpot",
                    "address": "2105 S Jefferson St, Chicago, IL 60616",
                    "reviews": ""
                }
            },
            {
                "type": "Feature",
                "geometry": {
                    "type": "Point",
                    "coordinates": [
                        -87.6321346,
                        41.8549161
                    ]
                },
                "properties": {
                    "name": "Qing Xiang Yuan Dumplings",
                    "address": "2002 S Wentworth Ave, Chicago, IL 60616",
                    "reviews": ""
                }
            },
            {
                "type": "Feature",
                "geometry": {
                    "type": "Point",
                    "coordinates": [
                        -87.631821,
                        41.8490855
                    ]
                },
                "properties": {
                    "name": "Shinhwa Korean Steakhouse",
                    "address": "2407 S Wentworth Ave, Chicago, IL 60616, United States",
                    "reviews": ""
                }
            },
            {
                "type": "Feature",
                "geometry": {
                    "type": "Point",
                    "coordinates": [
                        -87.6318723,
                        41.8524362
                    ]
                },
                "properties": {
                    "name": "Triple Crown",
                    "address": "2217 S Wentworth Ave, Chicago, IL 60616",
                    "reviews": ""
                }
            },
            {
                "type": "Feature",
                "geometry": {
                    "type": "Point",
                    "coordinates": [
                        -87.6347783,
                        41.853672
                    ]
                },
                "properties": {
                    "name": "Mango Mango Dessert",
                    "address": "2161 S China Place, Chicago, IL 60616",
                    "reviews": ""
                }
            },
            {
                "type": "Feature",
                "geometry": {
                    "type": "Point",
                    "coordinates": [
                        -87.7514017,
                        41.9245255
                    ]
                },
                "properties": {
                    "name": "Hangry's",
                    "address": "5000 W Fullerton Ave, Chicago, IL 60639",
                    "reviews": ""
                }
            },
            {
                "type": "Feature",
                "geometry": {
                    "type": "Point",
                    "coordinates": [
                        -87.6638792,
                        41.7801417
                    ]
                },
                "properties": {
                    "name": "D\u2019s Roti & Trini Cuisine",
                    "address": "6239 S Ashland Ave, Chicago, IL 60636",
                    "reviews": ""
                }
            },
            {
                "type": "Feature",
                "geometry": {
                    "type": "Point",
                    "coordinates": [
                        -87.718103,
                        42.0647277
                    ]
                },
                "properties": {
                    "name": "Gichigamiin Indigenous Nations Museum",
                    "address": "3001 Central St, Evanston, IL 60201",
                    "reviews": ""
                }
            },
            {
                "type": "Feature",
                "geometry": {
                    "type": "Point",
                    "coordinates": [
                        -87.6829056,
                        42.0486172
                    ]
                },
                "properties": {
                    "name": "Habibi In",
                    "address": "825 Church St, Evanston, IL 60201",
                    "reviews": "Mediterranean place"
                }
            },
            {
                "type": "Feature",
                "geometry": {
                    "type": "Point",
                    "coordinates": [
                        -87.6430624,
                        41.70312
                    ]
                },
                "properties": {
                    "name": "Lior's Cafe",
                    "address": "10500 S Halsted St, Chicago, IL 60628",
                    "reviews": "Haitian restaurant"
                }
            },
            {
                "type": "Feature",
                "geometry": {
                    "type": "Point",
                    "coordinates": [
                        -87.795824,
                        41.909095
                    ]
                },
                "properties": {
                    "name": "Hacienda Memos",
                    "address": "6822 W North Ave, Chicago, IL 60707",
                    "reviews": "tiktok rec, food looks really good"
                }
            },
            {
                "type": "Feature",
                "geometry": {
                    "type": "Point",
                    "coordinates": [
                        -87.716317,
                        41.887647
                    ]
                },
                "properties": {
                    "name": "Garfield Park Conservatory",
                    "address": "300 N Central Park Ave, Chicago, IL 60624",
                    "reviews": ""
                }
            },
            {
                "type": "Feature",
                "geometry": {
                    "type": "Point",
                    "coordinates": [
                        -87.6296419,
                        41.9041965
                    ]
                },
                "properties": {
                    "name": "Butch McGuire's",
                    "address": "20 W Division St, Chicago, IL 60610",
                    "reviews": "Nice xmas decorations"
                }
            },
            {
                "type": "Feature",
                "geometry": {
                    "type": "Point",
                    "coordinates": [
                        -87.6234192,
                        41.9004207
                    ]
                },
                "properties": {
                    "name": "Coq d'Or",
                    "address": "140 E Walton Pl, Chicago, IL 60611",
                    "reviews": ""
                }
            },
            {
                "type": "Feature",
                "geometry": {
                    "type": "Point",
                    "coordinates": [
                        -87.6289034,
                        41.903856
                    ]
                },
                "properties": {
                    "name": "Gold Coast Social",
                    "address": "7 W Division St, Chicago, IL 60610",
                    "reviews": ""
                }
            },
            {
                "type": "Feature",
                "geometry": {
                    "type": "Point",
                    "coordinates": [
                        -87.6279773,
                        41.9011631
                    ]
                },
                "properties": {
                    "name": "Hugos Frog Bar",
                    "address": "1024 N Rush St, Chicago, IL 60611",
                    "reviews": "seafood place"
                }
            },
            {
                "type": "Feature",
                "geometry": {
                    "type": "Point",
                    "coordinates": [
                        -87.6296493,
                        41.9037454
                    ]
                },
                "properties": {
                    "name": "Lodge Tavern",
                    "address": "21 W Division St, Chicago, IL 60610",
                    "reviews": "Old Irish bar"
                }
            },
            {
                "type": "Feature",
                "geometry": {
                    "type": "Point",
                    "coordinates": [
                        -87.6275979,
                        41.9017838
                    ]
                },
                "properties": {
                    "name": "LUXBAR",
                    "address": "18 E Bellevue Place, Chicago, IL 60611",
                    "reviews": ""
                }
            },
            {
                "type": "Feature",
                "geometry": {
                    "type": "Point",
                    "coordinates": [
                        -87.629158,
                        41.904016
                    ]
                },
                "properties": {
                    "name": "She-nannigans",
                    "address": "16 W Division St, Chicago, IL 60610",
                    "reviews": "Dance floor w/ beer pong"
                }
            },
            {
                "type": "Feature",
                "geometry": {
                    "type": "Point",
                    "coordinates": [
                        -87.6290617,
                        41.9033723
                    ]
                },
                "properties": {
                    "name": "Sparrow",
                    "address": "12 W Elm St, Chicago, IL 60610",
                    "reviews": "Nice cocktail bar"
                }
            },
            {
                "type": "Feature",
                "geometry": {
                    "type": "Point",
                    "coordinates": [
                        -87.6281648,
                        41.901698
                    ]
                },
                "properties": {
                    "name": "Whispers",
                    "address": "1031 N State St, Chicago, IL 60610",
                    "reviews": "On Oak St Beach"
                }
            },
            {
                "type": "Feature",
                "geometry": {
                    "type": "Point",
                    "coordinates": [
                        -87.6246498,
                        41.9010468
                    ]
                },
                "properties": {
                    "name": "Oak Street Beach",
                    "address": "1000 N Lake Shore Dr, Chicago, IL 60611",
                    "reviews": ""
                }
            },
            {
                "type": "Feature",
                "geometry": {
                    "type": "Point",
                    "coordinates": [
                        -87.6303045,
                        41.9001632
                    ]
                },
                "properties": {
                    "name": "Newberry Library",
                    "address": "60 W Walton St, Chicago, IL 60610",
                    "reviews": ""
                }
            },
            {
                "type": "Feature",
                "geometry": {
                    "type": "Point",
                    "coordinates": [
                        -87.630156,
                        41.905925
                    ]
                },
                "properties": {
                    "name": "3 Arts Club Cafe",
                    "address": "1300 N Dearborn St, Chicago, IL 60610",
                    "reviews": ""
                }
            },
            {
                "type": "Feature",
                "geometry": {
                    "type": "Point",
                    "coordinates": [
                        -87.6317404,
                        41.9098893
                    ]
                },
                "properties": {
                    "name": "PiniPico Coffee & Empanadas",
                    "address": "1538 N Clark St, Chicago, IL 60610",
                    "reviews": ""
                }
            },
            {
                "type": "Feature",
                "geometry": {
                    "type": "Point",
                    "coordinates": [
                        -87.6292505,
                        41.9033894
                    ]
                },
                "properties": {
                    "name": "The Hangge-Uppe",
                    "address": "14 W Elm St, Chicago, IL 60610",
                    "reviews": "Lit, lots of dancing"
                }
            },
            {
                "type": "Feature",
                "geometry": {
                    "type": "Point",
                    "coordinates": [
                        -87.6296321,
                        41.9040088
                    ]
                },
                "properties": {
                    "name": "The Original Mother's",
                    "address": "26 W Division St, Chicago, IL 60610",
                    "reviews": ""
                }
            },
            {
                "type": "Feature",
                "geometry": {
                    "type": "Point",
                    "coordinates": [
                        -87.6256155,
                        41.8996454
                    ]
                },
                "properties": {
                    "name": "Aster Hall",
                    "address": "900 N Michigan Ave, Chicago, IL 60611",
                    "reviews": ""
                }
            },
            {
                "type": "Feature",
                "geometry": {
                    "type": "Point",
                    "coordinates": [
                        -87.6275425,
                        41.9076786
                    ]
                },
                "properties": {
                    "name": "Charnley-Persky House",
                    "address": "1365 N Astor St, Chicago, IL 60610",
                    "reviews": "Free to visit, old-timey house"
                }
            },
            {
                "type": "Feature",
                "geometry": {
                    "type": "Point",
                    "coordinates": [
                        -87.6280668,
                        41.8978761
                    ]
                },
                "properties": {
                    "name": "Alpana",
                    "address": "831 N State St, Chicago, IL 60610",
                    "reviews": ""
                }
            },
            {
                "type": "Feature",
                "geometry": {
                    "type": "Point",
                    "coordinates": [
                        -87.6303284,
                        41.9034576
                    ]
                },
                "properties": {
                    "name": "La Storia",
                    "address": "1154 N Dearborn St, Chicago, IL 60610",
                    "reviews": ""
                }
            },
            {
                "type": "Feature",
                "geometry": {
                    "type": "Point",
                    "coordinates": [
                        -87.6260915,
                        41.9005531
                    ]
                },
                "properties": {
                    "name": "Le Colonial",
                    "address": "57 E Oak St, Chicago, IL 60611",
                    "reviews": "Upscale, French-Vietnamese fusion"
                }
            },
            {
                "type": "Feature",
                "geometry": {
                    "type": "Point",
                    "coordinates": [
                        -87.6287498,
                        41.9021359
                    ]
                },
                "properties": {
                    "name": "Maple And Ash",
                    "address": "8 W Maple St, Chicago, IL 60610",
                    "reviews": ""
                }
            },
            {
                "type": "Feature",
                "geometry": {
                    "type": "Point",
                    "coordinates": [
                        -87.6301294,
                        41.908503
                    ]
                },
                "properties": {
                    "name": "Sushi by Bou",
                    "address": "1244 N Dearborn Pkwy, Chicago, IL 60610",
                    "reviews": ""
                }
            },
            {
                "type": "Feature",
                "geometry": {
                    "type": "Point",
                    "coordinates": [
                        -87.6276623,
                        41.9014256
                    ]
                },
                "properties": {
                    "name": "Tavern on Rush",
                    "address": "1015 N Rush St, Chicago, IL 60611",
                    "reviews": "Steakhouse, complimentary champagne"
                }
            },
            {
                "type": "Feature",
                "geometry": {
                    "type": "Point",
                    "coordinates": [
                        -87.6277904,
                        41.9017317
                    ]
                },
                "properties": {
                    "name": "The Bellevue Chicago",
                    "address": "1031 N Rush St, Chicago, IL 60610",
                    "reviews": "Nice patio and cocktails"
                }
            },
            {
                "type": "Feature",
                "geometry": {
                    "type": "Point",
                    "coordinates": [
                        -87.6274764,
                        41.8997426
                    ]
                },
                "properties": {
                    "name": "Waldorf Astoria",
                    "address": "11 E Walton St, Chicago, IL 60611",
                    "reviews": ""
                }
            },
            {
                "type": "Feature",
                "geometry": {
                    "type": "Point",
                    "coordinates": [
                        -87.6256155,
                        41.8996454
                    ]
                },
                "properties": {
                    "name": "900 N Michigan Shops",
                    "address": "900 N Michigan Ave, Chicago, IL 60611",
                    "reviews": "Nice food court, could study on top floor"
                }
            },
            {
                "type": "Feature",
                "geometry": {
                    "type": "Point",
                    "coordinates": [
                        -87.6176359,
                        41.758231
                    ]
                },
                "properties": {
                    "name": "Lem's Bar B-Q ",
                    "address": "311 E 75th St, Chicago, IL 60619",
                    "reviews": "\"Best ribs in Chicago\""
                }
            },
            {
                "type": "Feature",
                "geometry": {
                    "type": "Point",
                    "coordinates": [
                        -87.6195953,
                        41.758152
                    ]
                },
                "properties": {
                    "name": "Soul Veg City",
                    "address": "203 E 75th St, Chicago, IL 60619",
                    "reviews": "Best vegatarian food in Chicago"
                }
            },
            {
                "type": "Feature",
                "geometry": {
                    "type": "Point",
                    "coordinates": [
                        -87.6828247,
                        41.8480033
                    ]
                },
                "properties": {
                    "name": "Bacchanalia",
                    "address": "2413 S Oakley Ave, Chicago, IL 60608",
                    "reviews": ""
                }
            },
            {
                "type": "Feature",
                "geometry": {
                    "type": "Point",
                    "coordinates": [
                        -87.7346972,
                        41.9246439
                    ]
                },
                "properties": {
                    "name": "Tacotlan",
                    "address": "4312 W Fullerton Ave, Chicago, IL 60639",
                    "reviews": "tiktok rec, food looks really good"
                }
            },
            {
                "type": "Feature",
                "geometry": {
                    "type": "Point",
                    "coordinates": [
                        -87.6910423,
                        41.9027069
                    ]
                },
                "properties": {
                    "name": "Esmeraldas Lounge",
                    "address": "2539 W Division St, Chicago, IL 60622",
                    "reviews": ""
                }
            },
            {
                "type": "Feature",
                "geometry": {
                    "type": "Point",
                    "coordinates": [
                        -87.703187,
                        41.9023107
                    ]
                },
                "properties": {
                    "name": "National Museum of Puerto Rican Arts & Culture",
                    "address": "3015 W Division St, Chicago, IL 60622",
                    "reviews": ""
                }
            },
            {
                "type": "Feature",
                "geometry": {
                    "type": "Point",
                    "coordinates": [
                        -87.7029827,
                        41.9070848
                    ]
                },
                "properties": {
                    "name": "Humboldt Park",
                    "address": "1400 N Humboldt Dr, Chicago, IL 60622",
                    "reviews": ""
                }
            },
            {
                "type": "Feature",
                "geometry": {
                    "type": "Point",
                    "coordinates": [
                        -87.6953041,
                        41.9026006
                    ]
                },
                "properties": {
                    "name": "La Sandwichera Cafe",
                    "address": "2721 W Division St, Chicago, IL 60622",
                    "reviews": ""
                }
            },
            {
                "type": "Feature",
                "geometry": {
                    "type": "Point",
                    "coordinates": [
                        -87.5819327,
                        41.7953689
                    ]
                },
                "properties": {
                    "name": "Cove Lounge",
                    "address": "1750 E 55th St, Chicago, IL 60615",
                    "reviews": "David went here"
                }
            },
            {
                "type": "Feature",
                "geometry": {
                    "type": "Point",
                    "coordinates": [
                        -87.5799813,
                        41.7911839
                    ]
                },
                "properties": {
                    "name": "57th Street Beach",
                    "address": "5700 S DuSable Lake Shore Dr, Chicago, IL 60637",
                    "reviews": "Allen: cool beach, has sand and concrete parts"
                }
            },
            {
                "type": "Feature",
                "geometry": {
                    "type": "Point",
                    "coordinates": [
                        -87.599589,
                        41.787977
                    ]
                },
                "properties": {
                    "name": "Harper Memorial Library",
                    "address": "1116 E 59th St, Chicago, IL 60637",
                    "reviews": "Beautiful gothic design"
                }
            },
            {
                "type": "Feature",
                "geometry": {
                    "type": "Point",
                    "coordinates": [
                        -87.5999701,
                        41.792162
                    ]
                },
                "properties": {
                    "name": "Mansueto Library",
                    "address": "1100 E 57th St, Chicago, IL 60637",
                    "reviews": "More modern design, big skylight dome"
                }
            },
            {
                "type": "Feature",
                "geometry": {
                    "type": "Point",
                    "coordinates": [
                        -87.634637,
                        41.7918588
                    ]
                },
                "properties": {
                    "name": "DuSable Museum",
                    "address": "740 E 56th Place, Chicago, IL 60637",
                    "reviews": "DuSable (founder of Chicago) was actually Haitian!"
                }
            },
            {
                "type": "Feature",
                "geometry": {
                    "type": "Point",
                    "coordinates": [
                        -87.5799813,
                        41.7911839
                    ]
                },
                "properties": {
                    "name": "Griffin Museum of Science & Industry",
                    "address": "5700 S DuSable Lake Shore Dr, Chicago, IL 60637",
                    "reviews": ""
                }
            },
            {
                "type": "Feature",
                "geometry": {
                    "type": "Point",
                    "coordinates": [
                        -87.597718,
                        41.7892454
                    ]
                },
                "properties": {
                    "name": "Institute for the Study of Ancient Cultures Museum",
                    "address": "1155 E 58th St, Chicago, IL 60637",
                    "reviews": ""
                }
            },
            {
                "type": "Feature",
                "geometry": {
                    "type": "Point",
                    "coordinates": [
                        -87.6001865,
                        41.7935122
                    ]
                },
                "properties": {
                    "name": "Smart Museum of Art",
                    "address": "5550 S Greenwood Ave, Chicago, IL 60637",
                    "reviews": "free!"
                }
            },
            {
                "type": "Feature",
                "geometry": {
                    "type": "Point",
                    "coordinates": [
                        -87.5870642,
                        41.8088426
                    ]
                },
                "properties": {
                    "name": "Promontory Point",
                    "address": "5491 S DuSable Lake Shore Dr, Chicago, IL 60615",
                    "reviews": "Allen: nice green area, shore is rock slabs"
                }
            },
            {
                "type": "Feature",
                "geometry": {
                    "type": "Point",
                    "coordinates": [
                        -87.5848676,
                        41.7997751
                    ]
                },
                "properties": {
                    "name": "14 Parish",
                    "address": "1644 E 53rd St, Chicago, IL 60615",
                    "reviews": "rec'd by multiple people, \none of the best in Hyde Park"
                }
            },
            {
                "type": "Feature",
                "geometry": {
                    "type": "Point",
                    "coordinates": [
                        -87.5889339,
                        41.801484
                    ]
                },
                "properties": {
                    "name": "Chemistry",
                    "address": "5121 S Harper Ave, Chicago, IL 60615",
                    "reviews": "rec'd by multiple people, \none of the best in Hyde Park"
                }
            },
            {
                "type": "Feature",
                "geometry": {
                    "type": "Point",
                    "coordinates": [
                        -87.5981129,
                        41.8097456
                    ]
                },
                "properties": {
                    "name": "Goree",
                    "address": "1126 E 47th St, Chicago, IL 60653",
                    "reviews": "west african (senegalese) food"
                }
            },
            {
                "type": "Feature",
                "geometry": {
                    "type": "Point",
                    "coordinates": [
                        -87.588764,
                        41.8004534
                    ]
                },
                "properties": {
                    "name": "Ja' Grill",
                    "address": "1510 E Harper Ct, Chicago, IL 60615",
                    "reviews": "Allen: I liked their food and cocktails"
                }
            },
            {
                "type": "Feature",
                "geometry": {
                    "type": "Point",
                    "coordinates": [
                        -87.5914046,
                        41.7992715
                    ]
                },
                "properties": {
                    "name": "Mesler",
                    "address": "1411 E 53rd St, Chicago, IL 60615",
                    "reviews": ""
                }
            },
            {
                "type": "Feature",
                "geometry": {
                    "type": "Point",
                    "coordinates": [
                        -87.6005079,
                        41.794795
                    ]
                },
                "properties": {
                    "name": "Roux",
                    "address": "1055 E 55th St, Chicago, IL 60615",
                    "reviews": ""
                }
            },
            {
                "type": "Feature",
                "geometry": {
                    "type": "Point",
                    "coordinates": [
                        -87.5893002,
                        41.7996677
                    ]
                },
                "properties": {
                    "name": "Virtue",
                    "address": "1462 E 53rd St, Chicago, IL 60615",
                    "reviews": "rec'd by multiple people, one of the best in Hyde Park"
                }
            },
            {
                "type": "Feature",
                "geometry": {
                    "type": "Point",
                    "coordinates": [
                        -87.7274967,
                        41.9459177
                    ]
                },
                "properties": {
                    "name": "Philly Bros",
                    "address": "3558 N Pulaski Rd, Chicago, IL 60641",
                    "reviews": "tiktok rec, food looks really good"
                }
            },
            {
                "type": "Feature",
                "geometry": {
                    "type": "Point",
                    "coordinates": [
                        -87.7028442,
                        41.9542487
                    ]
                },
                "properties": {
                    "name": "Raisu",
                    "address": "2958 W Irving Park Rd, Chicago, IL 60618",
                    "reviews": ""
                }
            },
            {
                "type": "Feature",
                "geometry": {
                    "type": "Point",
                    "coordinates": [
                        -87.7265701,
                        41.9539018
                    ]
                },
                "properties": {
                    "name": "Stay and Play Game Cafe",
                    "address": "3932 W Irving Park Rd, Chicago, IL 60618",
                    "reviews": "puerto rican food\n$5 games (min $10 food)"
                }
            },
            {
                "type": "Feature",
                "geometry": {
                    "type": "Point",
                    "coordinates": [
                        -87.584537,
                        41.780505
                    ]
                },
                "properties": {
                    "name": "Osaka Garden",
                    "address": "6300 S Cornell Ave, Chicago, IL 60637",
                    "reviews": "Visit in morning, look at cherry blossoms"
                }
            },
            {
                "type": "Feature",
                "geometry": {
                    "type": "Point",
                    "coordinates": [
                        -87.7135805,
                        41.9678694
                    ]
                },
                "properties": {
                    "name": "Nighthawk",
                    "address": "4744 N Kimball Ave, Chicago, IL 60625",
                    "reviews": "coffee in morning & cocktails at night"
                }
            },
            {
                "type": "Feature",
                "geometry": {
                    "type": "Point",
                    "coordinates": [
                        -87.7134234,
                        41.9667536
                    ]
                },
                "properties": {
                    "name": "Arzan Cafe",
                    "address": "4702 N Kimball Ave, Chicago, IL 60625",
                    "reviews": "Central Asian food"
                }
            },
            {
                "type": "Feature",
                "geometry": {
                    "type": "Point",
                    "coordinates": [
                        -87.70953,
                        41.9686131
                    ]
                },
                "properties": {
                    "name": "Kabobi",
                    "address": "3224 W Lawrence Ave, Chicago, IL 60625",
                    "reviews": "Persian restaurant"
                }
            },
            {
                "type": "Feature",
                "geometry": {
                    "type": "Point",
                    "coordinates": [
                        -87.7081576,
                        41.9669895
                    ]
                },
                "properties": {
                    "name": "Noon O Kabab",
                    "address": "4701 N Kedzie Ave, Chicago, IL 60625",
                    "reviews": "Persian restaurant"
                }
            },
            {
                "type": "Feature",
                "geometry": {
                    "type": "Point",
                    "coordinates": [
                        -87.7155718,
                        41.9681744
                    ]
                },
                "properties": {
                    "name": "Peking Mandarin Restaurant",
                    "address": "3459 W Lawrence Ave, Chicago, IL 60625",
                    "reviews": ""
                }
            },
            {
                "type": "Feature",
                "geometry": {
                    "type": "Point",
                    "coordinates": [
                        -87.6175096,
                        41.8770266
                    ]
                },
                "properties": {
                    "name": "Lakefront Trail",
                    "address": "400 S DuSable Lake Shore Dr, Chicago, IL 60605",
                    "reviews": "All along chicago"
                }
            },
            {
                "type": "Feature",
                "geometry": {
                    "type": "Point",
                    "coordinates": [
                        -87.6464503,
                        41.9349509
                    ]
                },
                "properties": {
                    "name": "Cuddle Bunny",
                    "address": "2901 N Clark St, Chicago, IL 60657",
                    "reviews": ""
                }
            },
            {
                "type": "Feature",
                "geometry": {
                    "type": "Point",
                    "coordinates": [
                        -87.6442178,
                        41.9397988
                    ]
                },
                "properties": {
                    "name": "Laugh Factory",
                    "address": "3175 N Broadway, Chicago, IL 60657",
                    "reviews": "Use code JOSH for free tickets!"
                }
            },
            {
                "type": "Feature",
                "geometry": {
                    "type": "Point",
                    "coordinates": [
                        -87.6498919,
                        41.9402037
                    ]
                },
                "properties": {
                    "name": "The Brown Elephant",
                    "address": "812 W Belmont Ave, Chicago, IL 60657",
                    "reviews": "thrift store, cheaper finds"
                }
            },
            {
                "type": "Feature",
                "geometry": {
                    "type": "Point",
                    "coordinates": [
                        -87.644473,
                        41.9368005
                    ]
                },
                "properties": {
                    "name": "Friar Tuck",
                    "address": "3010 N Broadway, Chicago, IL 60657",
                    "reviews": "dive bar, cheap drinks, free popcorn, arcade games"
                }
            },
            {
                "type": "Feature",
                "geometry": {
                    "type": "Point",
                    "coordinates": [
                        -87.6536605,
                        41.9337677
                    ]
                },
                "properties": {
                    "name": "Replay",
                    "address": "2833 N Sheffield Ave, Chicago, IL 60657",
                    "reviews": "arcade bar, games mostly free"
                }
            },
            {
                "type": "Feature",
                "geometry": {
                    "type": "Point",
                    "coordinates": [
                        -87.6449641,
                        41.9437924
                    ]
                },
                "properties": {
                    "name": "Ann Sather",
                    "address": "3415 N Broadway, Chicago, IL 60657",
                    "reviews": ""
                }
            },
            {
                "type": "Feature",
                "geometry": {
                    "type": "Point",
                    "coordinates": [
                        -87.6404242,
                        41.9405845
                    ]
                },
                "properties": {
                    "name": "Wake 'n Bacon",
                    "address": "420 W Belmont Ave, Chicago, IL 60657",
                    "reviews": ""
                }
            },
            {
                "type": "Feature",
                "geometry": {
                    "type": "Point",
                    "coordinates": [
                        -87.64895,
                        41.9394618
                    ]
                },
                "properties": {
                    "name": "2D Restaurant",
                    "address": "3155 N Halsted St, Chicago, IL 60657",
                    "reviews": "Inside of restaurant is 2D, looks like a dr seuss sketch"
                }
            },
            {
                "type": "Feature",
                "geometry": {
                    "type": "Point",
                    "coordinates": [
                        -87.6441562,
                        41.9361673
                    ]
                },
                "properties": {
                    "name": "Owen's Famous",
                    "address": "2945 N Broadway, Chicago, IL 60657",
                    "reviews": ""
                }
            },
            {
                "type": "Feature",
                "geometry": {
                    "type": "Point",
                    "coordinates": [
                        -87.6374598,
                        41.9434509
                    ]
                },
                "properties": {
                    "name": "Belmont Waterfront",
                    "address": "3600 N Recreation Dr, Chicago, IL 60613",
                    "reviews": ""
                }
            },
            {
                "type": "Feature",
                "geometry": {
                    "type": "Point",
                    "coordinates": [
                        -87.6537664,
                        41.9346785
                    ]
                },
                "properties": {
                    "name": "Barcocina",
                    "address": "2901 N Sheffield Ave, Chicago, IL 60657",
                    "reviews": ""
                }
            },
            {
                "type": "Feature",
                "geometry": {
                    "type": "Point",
                    "coordinates": [
                        -87.6445631,
                        41.9358532
                    ]
                },
                "properties": {
                    "name": "Cesar's Killer Margaritas",
                    "address": "2924 N Broadway, Chicago, IL 60657",
                    "reviews": ""
                }
            },
            {
                "type": "Feature",
                "geometry": {
                    "type": "Point",
                    "coordinates": [
                        -87.6440403,
                        41.9372358
                    ]
                },
                "properties": {
                    "name": "Chilam Balam",
                    "address": "3023 N Broadway, Chicago, IL 60657",
                    "reviews": ""
                }
            },
            {
                "type": "Feature",
                "geometry": {
                    "type": "Point",
                    "coordinates": [
                        -87.6598109,
                        41.9331005
                    ]
                },
                "properties": {
                    "name": "Cleo's Southern",
                    "address": "2826 N Lincoln Ave, Chicago, IL 60657",
                    "reviews": ""
                }
            },
            {
                "type": "Feature",
                "geometry": {
                    "type": "Point",
                    "coordinates": [
                        -87.6444045,
                        41.9361201
                    ]
                },
                "properties": {
                    "name": "Crisp",
                    "address": "2940 N Broadway, Chicago, IL 60657",
                    "reviews": "try korean fried chicken\nrec'd by multiple people"
                }
            },
            {
                "type": "Feature",
                "geometry": {
                    "type": "Point",
                    "coordinates": [
                        -87.6632892,
                        41.9359674
                    ]
                },
                "properties": {
                    "name": "Golden Apple Grille & Breakfast House",
                    "address": "2971 N Lincoln Ave, Chicago, IL 60657",
                    "reviews": ""
                }
            },
            {
                "type": "Feature",
                "geometry": {
                    "type": "Point",
                    "coordinates": [
                        -87.6521992,
                        41.9421793
                    ]
                },
                "properties": {
                    "name": "Mia Francesca",
                    "address": "3311 N Clark St, Chicago, IL 60657",
                    "reviews": ""
                }
            },
            {
                "type": "Feature",
                "geometry": {
                    "type": "Point",
                    "coordinates": [
                        -87.6639444,
                        41.9329853
                    ]
                },
                "properties": {
                    "name": "Que Rico",
                    "address": "2814 N Southport Ave, Chicago, IL 60657",
                    "reviews": ""
                }
            },
            {
                "type": "Feature",
                "geometry": {
                    "type": "Point",
                    "coordinates": [
                        -87.6462334,
                        41.9341429
                    ]
                },
                "properties": {
                    "name": "Sunset Pho",
                    "address": "2856 N Clark St, Chicago, IL 60657",
                    "reviews": "viet food"
                }
            },
            {
                "type": "Feature",
                "geometry": {
                    "type": "Point",
                    "coordinates": [
                        -87.6542829,
                        41.9365578
                    ]
                },
                "properties": {
                    "name": "Tanuki Sushi & Grill",
                    "address": "3006 N Sheffield Ave, Chicago, IL 60657",
                    "reviews": ""
                }
            },
            {
                "type": "Feature",
                "geometry": {
                    "type": "Point",
                    "coordinates": [
                        -87.6526975,
                        41.9402002
                    ]
                },
                "properties": {
                    "name": "The Slice Shop",
                    "address": "928 W Belmont Ave, Chicago, IL 60657",
                    "reviews": ""
                }
            },
            {
                "type": "Feature",
                "geometry": {
                    "type": "Point",
                    "coordinates": [
                        -87.6640752,
                        41.9433087
                    ]
                },
                "properties": {
                    "name": "Tuco & Blondie",
                    "address": "3358 N Southport Ave, Chicago, IL 60657",
                    "reviews": ""
                }
            },
            {
                "type": "Feature",
                "geometry": {
                    "type": "Point",
                    "coordinates": [
                        -87.6462468,
                        41.9342365
                    ]
                },
                "properties": {
                    "name": "Tuk Tuk Thai Isan Street Food",
                    "address": "2852 N Clark St, Chicago, IL 60657",
                    "reviews": "Carb ragoons, green curry, pad see ew, pad kee mao"
                }
            },
            {
                "type": "Feature",
                "geometry": {
                    "type": "Point",
                    "coordinates": [
                        -87.6580771,
                        41.9322793
                    ]
                },
                "properties": {
                    "name": "Delilah's",
                    "address": "2771 N Lincoln Ave, Chicago, IL 60614",
                    "reviews": "billards, pinball, $1 beer Mondays!\nrec'd by multiple people"
                }
            },
            {
                "type": "Feature",
                "geometry": {
                    "type": "Point",
                    "coordinates": [
                        -87.6415061,
                        41.9329874
                    ]
                },
                "properties": {
                    "name": "Galway Bay",
                    "address": "500 W Diversey Pkwy, Chicago, IL 60614",
                    "reviews": "bilards, darts, free popcorn"
                }
            },
            {
                "type": "Feature",
                "geometry": {
                    "type": "Point",
                    "coordinates": [
                        -87.6652229,
                        41.9219018
                    ]
                },
                "properties": {
                    "name": "Kibbitznest",
                    "address": "2212 N Clybourn Ave, Chicago, IL 60614",
                    "reviews": "board game and reading cafe\nhas alc too\nfoosball table hidden in back\nrec'd by multiple people"
                }
            },
            {
                "type": "Feature",
                "geometry": {
                    "type": "Point",
                    "coordinates": [
                        -87.6263188,
                        41.914957
                    ]
                },
                "properties": {
                    "name": "Shore Club",
                    "address": "1603 N Lake Shore Drive, Chicago, IL 60614",
                    "reviews": "On North Ave Beach\nrec'd by multiple people"
                }
            },
            {
                "type": "Feature",
                "geometry": {
                    "type": "Point",
                    "coordinates": [
                        -87.6454858,
                        41.9232814
                    ]
                },
                "properties": {
                    "name": "The Dime",
                    "address": "2263 N Lincoln Ave, Chicago, IL 60614",
                    "reviews": "rec'd by multiple people"
                }
            },
            {
                "type": "Feature",
                "geometry": {
                    "type": "Point",
                    "coordinates": [
                        -87.650368,
                        41.9263612
                    ]
                },
                "properties": {
                    "name": "The Red Lion Pub",
                    "address": "2446 N Lincoln Ave, Chicago, IL 60614",
                    "reviews": "Bristish-style pub w books and WW2 memorabilia"
                }
            },
            {
                "type": "Feature",
                "geometry": {
                    "type": "Point",
                    "coordinates": [
                        -87.6415754,
                        41.9277023
                    ]
                },
                "properties": {
                    "name": "Tin Lizzie",
                    "address": "2483 N Clark St, Chicago, IL 60614",
                    "reviews": ""
                }
            },
            {
                "type": "Feature",
                "geometry": {
                    "type": "Point",
                    "coordinates": [
                        -87.6263188,
                        41.914957
                    ]
                },
                "properties": {
                    "name": "North Avenue Beach",
                    "address": "1603 N Lake Shore Dr, Chicago, IL 60613",
                    "reviews": ""
                }
            },
            {
                "type": "Feature",
                "geometry": {
                    "type": "Point",
                    "coordinates": [
                        -87.6576651,
                        41.9316473
                    ]
                },
                "properties": {
                    "name": "Batter & Berries",
                    "address": "2748 N Lincoln Ave, Chicago, IL 60614",
                    "reviews": "rec'd by multiple people\nGet french toast flight"
                }
            },
            {
                "type": "Feature",
                "geometry": {
                    "type": "Point",
                    "coordinates": [
                        -87.6533302,
                        41.9218945
                    ]
                },
                "properties": {
                    "name": "Jam & Honey",
                    "address": "958 W Webster Ave, Chicago, IL 60614",
                    "reviews": ""
                }
            },
            {
                "type": "Feature",
                "geometry": {
                    "type": "Point",
                    "coordinates": [
                        -87.6426653,
                        41.9290457
                    ]
                },
                "properties": {
                    "name": "The Brunchery",
                    "address": "2552 N Clark St, Chicago, IL 60614",
                    "reviews": ""
                }
            },
            {
                "type": "Feature",
                "geometry": {
                    "type": "Point",
                    "coordinates": [
                        -87.6479066,
                        41.9256648
                    ]
                },
                "properties": {
                    "name": "Bourgeois Pig Cafe",
                    "address": "738 W Fullerton Ave, Chicago, IL 60614",
                    "reviews": "sandwiches & tea in an old row house setting"
                }
            },
            {
                "type": "Feature",
                "geometry": {
                    "type": "Point",
                    "coordinates": [
                        -87.6540447,
                        41.921464
                    ]
                },
                "properties": {
                    "name": "Olor Coffee",
                    "address": "1013 W Webster Ave, Chicago, IL 60614",
                    "reviews": ""
                }
            },
            {
                "type": "Feature",
                "geometry": {
                    "type": "Point",
                    "coordinates": [
                        -87.6492146,
                        41.928708
                    ]
                },
                "properties": {
                    "name": "Kingston Mines",
                    "address": "2548 N Halsted St, Chicago, IL 60614",
                    "reviews": "Live music, blues club, open til 4am fri+sat\nrec'd by multiple people, Marissa too"
                }
            },
            {
                "type": "Feature",
                "geometry": {
                    "type": "Point",
                    "coordinates": [
                        -87.640003,
                        41.9323259
                    ]
                },
                "properties": {
                    "name": "Elks National Foundation",
                    "address": "2750 N Lakeview Ave, Chicago, IL 60614",
                    "reviews": ""
                }
            },
            {
                "type": "Feature",
                "geometry": {
                    "type": "Point",
                    "coordinates": [
                        -87.6332469,
                        41.9235693
                    ]
                },
                "properties": {
                    "name": "Lincoln Park Zoo",
                    "address": "2001 N Clark St, Chicago, IL 60614",
                    "reviews": "Free!\nGo to conservatory\nGo to Zoolights in winter"
                }
            },
            {
                "type": "Feature",
                "geometry": {
                    "type": "Point",
                    "coordinates": [
                        -87.644552,
                        41.9222566
                    ]
                },
                "properties": {
                    "name": "2AM Izakaya",
                    "address": "2218 N Lincoln Ave, Chicago, IL 60614",
                    "reviews": "get skewers, open til 2am"
                }
            },
            {
                "type": "Feature",
                "geometry": {
                    "type": "Point",
                    "coordinates": [
                        -87.653534,
                        41.918185
                    ]
                },
                "properties": {
                    "name": "Armitage Alehouse",
                    "address": "1000 W Armitage Ave, Chicago, IL 60614",
                    "reviews": ""
                }
            },
            {
                "type": "Feature",
                "geometry": {
                    "type": "Point",
                    "coordinates": [
                        -87.6477673,
                        41.9246215
                    ]
                },
                "properties": {
                    "name": "Blue Sushi Sake & Grill",
                    "address": "2351 N Lincoln Ave, Chicago, IL 60614",
                    "reviews": ""
                }
            },
            {
                "type": "Feature",
                "geometry": {
                    "type": "Point",
                    "coordinates": [
                        -87.6488891,
                        41.9189677
                    ]
                },
                "properties": {
                    "name": "Cafe Ba-Ba-Reeba",
                    "address": "2024 N Halsted St, Chicago, IL 60614",
                    "reviews": ""
                }
            },
            {
                "type": "Feature",
                "geometry": {
                    "type": "Point",
                    "coordinates": [
                        -87.6485182,
                        41.9286005
                    ]
                },
                "properties": {
                    "name": "Chengdu Impression",
                    "address": "2545 N Halsted St, Chicago, IL 60614",
                    "reviews": ""
                }
            },
            {
                "type": "Feature",
                "geometry": {
                    "type": "Point",
                    "coordinates": [
                        -87.6382086,
                        41.918414
                    ]
                },
                "properties": {
                    "name": "Evette\u2019s",
                    "address": "350 W Armitage Ave, Chicago, IL 60614",
                    "reviews": ""
                }
            },
            {
                "type": "Feature",
                "geometry": {
                    "type": "Point",
                    "coordinates": [
                        -87.6499656,
                        41.9261915
                    ]
                },
                "properties": {
                    "name": "Firefly Burger",
                    "address": "2412 N Lincoln Ave, Chicago, IL 60614",
                    "reviews": ""
                }
            },
            {
                "type": "Feature",
                "geometry": {
                    "type": "Point",
                    "coordinates": [
                        -87.6495306,
                        41.9262841
                    ]
                },
                "properties": {
                    "name": "Galit",
                    "address": "2429 N Lincoln Ave, Chicago, IL 60614",
                    "reviews": ""
                }
            },
            {
                "type": "Feature",
                "geometry": {
                    "type": "Point",
                    "coordinates": [
                        -87.6524401,
                        41.9218744
                    ]
                },
                "properties": {
                    "name": "Homeslice Pizza",
                    "address": "938 W Webster Ave, Chicago, IL 60614",
                    "reviews": ""
                }
            },
            {
                "type": "Feature",
                "geometry": {
                    "type": "Point",
                    "coordinates": [
                        -87.6420308,
                        41.9284735
                    ]
                },
                "properties": {
                    "name": "Kala",
                    "address": "2523 N Clark St, Chicago, IL 60614",
                    "reviews": ""
                }
            },
            {
                "type": "Feature",
                "geometry": {
                    "type": "Point",
                    "coordinates": [
                        -87.6626373,
                        41.9200991
                    ]
                },
                "properties": {
                    "name": "Kapitan",
                    "address": "2142 N Clybourn Ave, Chicago, IL 60614",
                    "reviews": "malaysian restaurant"
                }
            },
            {
                "type": "Feature",
                "geometry": {
                    "type": "Point",
                    "coordinates": [
                        -87.6470361,
                        41.9239399
                    ]
                },
                "properties": {
                    "name": "Mazala Pizza",
                    "address": "2312 N Lincoln Ave, Chicago, IL 60614",
                    "reviews": ""
                }
            },
            {
                "type": "Feature",
                "geometry": {
                    "type": "Point",
                    "coordinates": [
                        -87.6488951,
                        41.921151
                    ]
                },
                "properties": {
                    "name": "Medi",
                    "address": "2138 N Halsted St, Chicago, IL 60614",
                    "reviews": ""
                }
            },
            {
                "type": "Feature",
                "geometry": {
                    "type": "Point",
                    "coordinates": [
                        -87.6643863,
                        41.9219163
                    ]
                },
                "properties": {
                    "name": "Peaquod's Pizza",
                    "address": "2207 N Clybourn Ave, Chicago, IL 60614",
                    "reviews": "Chicago staple"
                }
            },
            {
                "type": "Feature",
                "geometry": {
                    "type": "Point",
                    "coordinates": [
                        -87.6370796,
                        41.9172647
                    ]
                },
                "properties": {
                    "name": "Ranalli\u2019s Pizza",
                    "address": "1925 N Lincoln Ave, Chicago, IL 60614",
                    "reviews": ""
                }
            },
            {
                "type": "Feature",
                "geometry": {
                    "type": "Point",
                    "coordinates": [
                        -87.6560539,
                        41.9182484
                    ]
                },
                "properties": {
                    "name": "Sai Cafe",
                    "address": "1114 W Armitage Ave, Chicago, IL 60614",
                    "reviews": ""
                }
            },
            {
                "type": "Feature",
                "geometry": {
                    "type": "Point",
                    "coordinates": [
                        -87.6486118,
                        41.9316592
                    ]
                },
                "properties": {
                    "name": "Sapori Trattoria",
                    "address": "2701 N Halsted St, Chicago, IL 60614",
                    "reviews": ""
                }
            },
            {
                "type": "Feature",
                "geometry": {
                    "type": "Point",
                    "coordinates": [
                        -87.6487786,
                        41.9176217
                    ]
                },
                "properties": {
                    "name": "Summer House Santa Monica",
                    "address": "1954 N Halsted St, Chicago, IL 60614",
                    "reviews": "$5 wine, $10 bottomless fries during happy hr"
                }
            },
            {
                "type": "Feature",
                "geometry": {
                    "type": "Point",
                    "coordinates": [
                        -87.6525244,
                        41.9216551
                    ]
                },
                "properties": {
                    "name": "Sushi Taku",
                    "address": "935 W Webster Ave, Chicago, IL 60614",
                    "reviews": ""
                }
            },
            {
                "type": "Feature",
                "geometry": {
                    "type": "Point",
                    "coordinates": [
                        -87.6432988,
                        41.9326539
                    ]
                },
                "properties": {
                    "name": "Tanaka Ramen",
                    "address": "553 W Diversey Pkwy, Chicago, IL 60614",
                    "reviews": ""
                }
            },
            {
                "type": "Feature",
                "geometry": {
                    "type": "Point",
                    "coordinates": [
                        -87.6438688,
                        41.9301525
                    ]
                },
                "properties": {
                    "name": "Weiner's Circle",
                    "address": "2622 N Clark St, Chicago, IL 60614",
                    "reviews": "Chicago staple"
                }
            },
            {
                "type": "Feature",
                "geometry": {
                    "type": "Point",
                    "coordinates": [
                        -87.653039,
                        41.9136386
                    ]
                },
                "properties": {
                    "name": "Yaya Mas Greek Kuzina",
                    "address": "1755 N Sheffield Ave, Chicago, IL 60614",
                    "reviews": "Best chicken souvlaki"
                }
            },
            {
                "type": "Feature",
                "geometry": {
                    "type": "Point",
                    "coordinates": [
                        -87.6488329,
                        41.9185672
                    ]
                },
                "properties": {
                    "name": "Blue Door Farm Stand",
                    "address": "2010 N Halsted St, Chicago, IL 60614",
                    "reviews": ""
                }
            },
            {
                "type": "Feature",
                "geometry": {
                    "type": "Point",
                    "coordinates": [
                        -87.6586652,
                        41.9217879
                    ]
                },
                "properties": {
                    "name": "Sweet Mandy B's",
                    "address": "1208 W Webster Ave, Chicago, IL 60614",
                    "reviews": ""
                }
            },
            {
                "type": "Feature",
                "geometry": {
                    "type": "Point",
                    "coordinates": [
                        -87.6881358,
                        41.96756
                    ]
                },
                "properties": {
                    "name": "The Book Cellar",
                    "address": "4736 N Lincoln Ave, Chicago, IL 60625",
                    "reviews": ""
                }
            },
            {
                "type": "Feature",
                "geometry": {
                    "type": "Point",
                    "coordinates": [
                        -87.68839,
                        41.9662785
                    ]
                },
                "properties": {
                    "name": "Berlin Wall Monument",
                    "address": "4648 N Western Ave, Chicago, IL 60625",
                    "reviews": ""
                }
            },
            {
                "type": "Feature",
                "geometry": {
                    "type": "Point",
                    "coordinates": [
                        -87.6883071,
                        41.9678009
                    ]
                },
                "properties": {
                    "name": "Gene's Sausage Shop",
                    "address": "4750 N Lincoln Ave, Chicago, IL 60625",
                    "reviews": "Has a bunch of German sausages, pastries, and alcohol"
                }
            },
            {
                "type": "Feature",
                "geometry": {
                    "type": "Point",
                    "coordinates": [
                        -87.6756563,
                        41.9616391
                    ]
                },
                "properties": {
                    "name": "Anna's Thai Kitchen",
                    "address": "1828 W Montrose Ave, Chicago, IL 60613",
                    "reviews": ""
                }
            },
            {
                "type": "Feature",
                "geometry": {
                    "type": "Point",
                    "coordinates": [
                        -87.6840759,
                        41.9612731
                    ]
                },
                "properties": {
                    "name": "Bloop Bloop",
                    "address": "2205 W Montrose Ave, Chicago, IL 60618",
                    "reviews": "$1 sushi balls"
                }
            },
            {
                "type": "Feature",
                "geometry": {
                    "type": "Point",
                    "coordinates": [
                        -87.6788751,
                        41.9676274
                    ]
                },
                "properties": {
                    "name": "Shanghai Inn",
                    "address": "4723 N Damen Ave, Chicago, IL 60625",
                    "reviews": ""
                }
            },
            {
                "type": "Feature",
                "geometry": {
                    "type": "Point",
                    "coordinates": [
                        -87.6749403,
                        41.961374
                    ]
                },
                "properties": {
                    "name": "Margie's Candies",
                    "address": "1813 W Montrose Ave, Chicago, IL 60613",
                    "reviews": ""
                }
            },
            {
                "type": "Feature",
                "geometry": {
                    "type": "Point",
                    "coordinates": [
                        -87.6627022,
                        41.8695486
                    ]
                },
                "properties": {
                    "name": "The Matcha Bar @Kurimu",
                    "address": "1424 W Taylor St, Chicago, IL 60607",
                    "reviews": ""
                }
            },
            {
                "type": "Feature",
                "geometry": {
                    "type": "Point",
                    "coordinates": [
                        -87.6597776,
                        41.8698673
                    ]
                },
                "properties": {
                    "name": "National Public Housing Museum",
                    "address": "919 S Ada St, Chicago, IL 60607",
                    "reviews": "free"
                }
            },
            {
                "type": "Feature",
                "geometry": {
                    "type": "Point",
                    "coordinates": [
                        -87.6940251,
                        41.9211409
                    ]
                },
                "properties": {
                    "name": "Navigator Taproom",
                    "address": "2211 N Milwaukee Ave, Chicago, IL 60647",
                    "reviews": "Drinks on tap on the wall"
                }
            },
            {
                "type": "Feature",
                "geometry": {
                    "type": "Point",
                    "coordinates": [
                        -87.7072785,
                        41.9177215
                    ]
                },
                "properties": {
                    "name": "The Moonlighter",
                    "address": "3204 W Armitage Ave, Chicago, IL 60647",
                    "reviews": ""
                }
            },
            {
                "type": "Feature",
                "geometry": {
                    "type": "Point",
                    "coordinates": [
                        -87.711343,
                        41.9133646
                    ]
                },
                "properties": {
                    "name": "Dayglow",
                    "address": "1757 N Kimball Ave, Chicago, IL 60647",
                    "reviews": ""
                }
            },
            {
                "type": "Feature",
                "geometry": {
                    "type": "Point",
                    "coordinates": [
                        -87.699928,
                        41.924632
                    ]
                },
                "properties": {
                    "name": "Gaslight Coffee",
                    "address": "2385 N Milwaukee Ave, Chicago, IL 60647",
                    "reviews": ""
                }
            },
            {
                "type": "Feature",
                "geometry": {
                    "type": "Point",
                    "coordinates": [
                        -87.7148384,
                        41.9334505
                    ]
                },
                "properties": {
                    "name": "The Insect Asylum",
                    "address": "2870 N Milwaukee Ave, Chicago, IL 60618",
                    "reviews": "insect specimens and taxidermy art"
                }
            },
            {
                "type": "Feature",
                "geometry": {
                    "type": "Point",
                    "coordinates": [
                        -87.7122744,
                        41.9248341
                    ]
                },
                "properties": {
                    "name": "Jibaritos y M\u00e1s",
                    "address": "3400 W Fullerton Ave, Chicago, IL 60647",
                    "reviews": "rec'd by multiple people\nauthentic PR food, Emily rec'd"
                }
            },
            {
                "type": "Feature",
                "geometry": {
                    "type": "Point",
                    "coordinates": [
                        -87.7017482,
                        41.925907
                    ]
                },
                "properties": {
                    "name": "Paulie Gee's Pizza",
                    "address": "2451 N Milwaukee Ave, Chicago, IL 60647",
                    "reviews": ""
                }
            },
            {
                "type": "Feature",
                "geometry": {
                    "type": "Point",
                    "coordinates": [
                        -87.7025415,
                        41.9251442
                    ]
                },
                "properties": {
                    "name": "Pizza Lobo",
                    "address": "3000 W Fullerton Ave, Chicago, IL 60647",
                    "reviews": ""
                }
            },
            {
                "type": "Feature",
                "geometry": {
                    "type": "Point",
                    "coordinates": [
                        -87.6915667,
                        41.9195611
                    ]
                },
                "properties": {
                    "name": "Ramen Wasabi ",
                    "address": "2101 N Milwaukee Ave, Chicago, IL 60647",
                    "reviews": ""
                }
            },
            {
                "type": "Feature",
                "geometry": {
                    "type": "Point",
                    "coordinates": [
                        -87.6965983,
                        41.9226294
                    ]
                },
                "properties": {
                    "name": "Sushi Taku",
                    "address": "2283 N Milwaukee Ave, Chicago, IL 60647",
                    "reviews": ""
                }
            },
            {
                "type": "Feature",
                "geometry": {
                    "type": "Point",
                    "coordinates": [
                        -87.6311851,
                        41.8865115
                    ]
                },
                "properties": {
                    "name": "AceBounce",
                    "address": "230 N Clark St, Chicago, IL 60601",
                    "reviews": "Ping pong bar coworkers were telling me about\nrec'd by multiple people"
                }
            },
            {
                "type": "Feature",
                "geometry": {
                    "type": "Point",
                    "coordinates": [
                        -87.6247973,
                        41.8816449
                    ]
                },
                "properties": {
                    "name": "Cindy\u2019s Rooftop",
                    "address": "12 S Michigan Ave, Chicago, IL 60603",
                    "reviews": "rec'd by multiple people"
                }
            },
            {
                "type": "Feature",
                "geometry": {
                    "type": "Point",
                    "coordinates": [
                        -87.6361438,
                        41.882319
                    ]
                },
                "properties": {
                    "name": "Kinsley",
                    "address": "1 N Wacker Dr, Chicago, IL 60606",
                    "reviews": "$6 wings, $5 beer and wine happy hour"
                }
            },
            {
                "type": "Feature",
                "geometry": {
                    "type": "Point",
                    "coordinates": [
                        -87.6253054,
                        41.8877566
                    ]
                },
                "properties": {
                    "name": "LH Rooftop",
                    "address": "85 E Wacker Dr, Chicago, IL 60601",
                    "reviews": "rec'd by multiple people\ndj's on weekends"
                }
            },
            {
                "type": "Feature",
                "geometry": {
                    "type": "Point",
                    "coordinates": [
                        -87.628491,
                        41.8862144
                    ]
                },
                "properties": {
                    "name": "Raised Chicago",
                    "address": "1 W Upper Wacker Drive, Chicago, IL 60601",
                    "reviews": "nice rooftop bar"
                }
            },
            {
                "type": "Feature",
                "geometry": {
                    "type": "Point",
                    "coordinates": [
                        -87.6280661,
                        41.8864262
                    ]
                },
                "properties": {
                    "name": "ROOF on the Wit",
                    "address": "201 N State St, Chicago, IL 60601",
                    "reviews": "rec'd by multiple people"
                }
            },
            {
                "type": "Feature",
                "geometry": {
                    "type": "Point",
                    "coordinates": [
                        -87.6311077,
                        41.8767918
                    ]
                },
                "properties": {
                    "name": "Sky Ride Tap",
                    "address": "105 W Van Buren St, Chicago, IL 60605",
                    "reviews": ""
                }
            },
            {
                "type": "Feature",
                "geometry": {
                    "type": "Point",
                    "coordinates": [
                        -87.6340866,
                        41.8829547
                    ]
                },
                "properties": {
                    "name": "Stocks & Blondes",
                    "address": "40 N Wells St, Chicago, IL 60606",
                    "reviews": "Allen: good happy hr deals, dive bar  vibes"
                }
            },
            {
                "type": "Feature",
                "geometry": {
                    "type": "Point",
                    "coordinates": [
                        -87.6273007,
                        41.8755692
                    ]
                },
                "properties": {
                    "name": "Cafecito",
                    "address": "26 E Congress Pkwy, Chicago, IL 60605",
                    "reviews": ""
                }
            },
            {
                "type": "Feature",
                "geometry": {
                    "type": "Point",
                    "coordinates": [
                        -87.6336398,
                        41.8822166
                    ]
                },
                "properties": {
                    "name": "Cafecito",
                    "address": "7 N Wells St, Chicago, IL 60606",
                    "reviews": ""
                }
            },
            {
                "type": "Feature",
                "geometry": {
                    "type": "Point",
                    "coordinates": [
                        -87.6236318,
                        41.8850813
                    ]
                },
                "properties": {
                    "name": "Wildberry Cafe",
                    "address": "130 E Randolph St, Chicago, IL 60602",
                    "reviews": ""
                }
            },
            {
                "type": "Feature",
                "geometry": {
                    "type": "Point",
                    "coordinates": [
                        -87.6248866,
                        41.8819871
                    ]
                },
                "properties": {
                    "name": "Chiya Chai",
                    "address": "79 E Madison St, Chicago, IL 60602",
                    "reviews": ""
                }
            },
            {
                "type": "Feature",
                "geometry": {
                    "type": "Point",
                    "coordinates": [
                        -87.6374724,
                        41.8827112
                    ]
                },
                "properties": {
                    "name": "Espresso and Milk",
                    "address": "20 N Wacker Dr, Chicago, IL 60606",
                    "reviews": ""
                }
            },
            {
                "type": "Feature",
                "geometry": {
                    "type": "Point",
                    "coordinates": [
                        -87.6242222,
                        41.8835661
                    ]
                },
                "properties": {
                    "name": "Lea",
                    "address": "20 N Michigan Ave, Chicago, IL 60602",
                    "reviews": ""
                }
            },
            {
                "type": "Feature",
                "geometry": {
                    "type": "Point",
                    "coordinates": [
                        -87.6249695,
                        41.8810139
                    ]
                },
                "properties": {
                    "name": "TE'AMO",
                    "address": "76 E Monroe St, Chicago, IL 60603",
                    "reviews": "try crystallized fruit"
                }
            },
            {
                "type": "Feature",
                "geometry": {
                    "type": "Point",
                    "coordinates": [
                        -87.631069,
                        41.8764201
                    ]
                },
                "properties": {
                    "name": "Era",
                    "address": "416 S Clark St, Chicago, IL 60605",
                    "reviews": "rec'd by multiple people"
                }
            },
            {
                "type": "Feature",
                "geometry": {
                    "type": "Point",
                    "coordinates": [
                        -87.6189718,
                        41.875802
                    ]
                },
                "properties": {
                    "name": "Buckingham\u00a0Fountain",
                    "address": "301 S Columbus Drive, Chicago, IL 60605",
                    "reviews": ""
                }
            },
            {
                "type": "Feature",
                "geometry": {
                    "type": "Point",
                    "coordinates": [
                        -87.6247973,
                        41.8816449
                    ]
                },
                "properties": {
                    "name": "Chicago Athletic Association",
                    "address": "12 S Michigan Ave, Chicago, IL 60603",
                    "reviews": "Go to second floor"
                }
            },
            {
                "type": "Feature",
                "geometry": {
                    "type": "Point",
                    "coordinates": [
                        -87.6219013,
                        41.8838877
                    ]
                },
                "properties": {
                    "name": "Harris Theater",
                    "address": "205 E Randolph St, Chicago, IL 60601",
                    "reviews": "huge venue"
                }
            },
            {
                "type": "Feature",
                "geometry": {
                    "type": "Point",
                    "coordinates": [
                        -87.6191168,
                        41.8839542
                    ]
                },
                "properties": {
                    "name": "Maggie Daley Park",
                    "address": "337 E Randolph St, Chicago, IL 60602",
                    "reviews": ""
                }
            },
            {
                "type": "Feature",
                "geometry": {
                    "type": "Point",
                    "coordinates": [
                        -87.6244212,
                        41.8755616
                    ]
                },
                "properties": {
                    "name": "Riverwalk",
                    "address": "Chicago, IL 60601",
                    "reviews": ""
                }
            },
            {
                "type": "Feature",
                "geometry": {
                    "type": "Point",
                    "coordinates": [
                        -87.6191168,
                        41.8839542
                    ]
                },
                "properties": {
                    "name": "The Bean",
                    "address": "337 E Randolph St, Chicago, IL 60602",
                    "reviews": ""
                }
            },
            {
                "type": "Feature",
                "geometry": {
                    "type": "Point",
                    "coordinates": [
                        -87.6318306,
                        41.8791059
                    ]
                },
                "properties": {
                    "name": "The Rookery",
                    "address": "209 S LaSalle St, Chicago, IL 60604",
                    "reviews": ""
                }
            },
            {
                "type": "Feature",
                "geometry": {
                    "type": "Point",
                    "coordinates": [
                        -87.6302049,
                        41.8840869
                    ]
                },
                "properties": {
                    "name": "Christkindlmarket",
                    "address": "50 W Washington St, Chicago, IL 60602",
                    "reviews": "From Nov 21 to Dec 24"
                }
            },
            {
                "type": "Feature",
                "geometry": {
                    "type": "Point",
                    "coordinates": [
                        -87.6249861,
                        41.8855042
                    ]
                },
                "properties": {
                    "name": "American Writers Museum",
                    "address": "180 N Michigan Ave, Chicago, IL 60601",
                    "reviews": ""
                }
            },
            {
                "type": "Feature",
                "geometry": {
                    "type": "Point",
                    "coordinates": [
                        -87.6248023,
                        41.8838628
                    ]
                },
                "properties": {
                    "name": "Chicago Cultural Center",
                    "address": "78 E Washington St, Chicago, IL 60602",
                    "reviews": "Very informational for tourist. It's free (if you buy boat tour same day) and has\u00a0miniature\u00a03D replicas of the city so you can put into\u00a0prospective how beautiful the city is. MUST DO!"
                }
            },
            {
                "type": "Feature",
                "geometry": {
                    "type": "Point",
                    "coordinates": [
                        -87.6373093,
                        41.8860187
                    ]
                },
                "properties": {
                    "name": "McCormick Bridgehouse & Chicago River Museum",
                    "address": "99 Chicago Riverwalk, Chicago, IL 60601",
                    "reviews": ""
                }
            },
            {
                "type": "Feature",
                "geometry": {
                    "type": "Point",
                    "coordinates": [
                        -87.6330264,
                        41.8784283
                    ]
                },
                "properties": {
                    "name": "Money Museum",
                    "address": "230 S LaSalle St, Chicago, IL 60604",
                    "reviews": "free!"
                }
            },
            {
                "type": "Feature",
                "geometry": {
                    "type": "Point",
                    "coordinates": [
                        -87.626096,
                        41.8818237
                    ]
                },
                "properties": {
                    "name": "Sneaker Head University",
                    "address": "17 S Wabash Ave, Chicago, IL 60603",
                    "reviews": ""
                }
            },
            {
                "type": "Feature",
                "geometry": {
                    "type": "Point",
                    "coordinates": [
                        -87.6230716,
                        41.879605
                    ]
                },
                "properties": {
                    "name": "The Art Institute of Chicago",
                    "address": "111 S Michigan Ave, Chicago, IL 60603",
                    "reviews": ""
                }
            },
            {
                "type": "Feature",
                "geometry": {
                    "type": "Point",
                    "coordinates": [
                        -87.6239422,
                        41.8842746
                    ]
                },
                "properties": {
                    "name": "Millenium Park",
                    "address": "201 E Randolph St, Chicago, IL 60601",
                    "reviews": "Very scenic\nThe Bean is here\nMovies here in summer"
                }
            },
            {
                "type": "Feature",
                "geometry": {
                    "type": "Point",
                    "coordinates": [
                        -87.6176037,
                        41.8853918
                    ]
                },
                "properties": {
                    "name": "Avli On The Park",
                    "address": "180 N Field Blvd, Chicago, IL 60601",
                    "reviews": ""
                }
            },
            {
                "type": "Feature",
                "geometry": {
                    "type": "Point",
                    "coordinates": [
                        -87.6369995,
                        41.8826474
                    ]
                },
                "properties": {
                    "name": "Beatnik on the River",
                    "address": "180 N Lower Wacker Drive, Chicago, IL 60606",
                    "reviews": "I (Allen) didn't really like it"
                }
            },
            {
                "type": "Feature",
                "geometry": {
                    "type": "Point",
                    "coordinates": [
                        -87.6337242,
                        41.8841061
                    ]
                },
                "properties": {
                    "name": "BenjYehuda",
                    "address": "145 N Wells St, Chicago, IL 60602",
                    "reviews": ""
                }
            },
            {
                "type": "Feature",
                "geometry": {
                    "type": "Point",
                    "coordinates": [
                        -87.6284801,
                        41.8793454
                    ]
                },
                "properties": {
                    "name": "Berghoff",
                    "address": "17 W Adams St, Chicago, IL 60603",
                    "reviews": ""
                }
            },
            {
                "type": "Feature",
                "geometry": {
                    "type": "Point",
                    "coordinates": [
                        -87.6271682,
                        41.878306
                    ]
                },
                "properties": {
                    "name": "Bibibop",
                    "address": "24 E Jackson Blvd, Chicago, IL 60604",
                    "reviews": ""
                }
            },
            {
                "type": "Feature",
                "geometry": {
                    "type": "Point",
                    "coordinates": [
                        -87.6334185,
                        41.8767737
                    ]
                },
                "properties": {
                    "name": "Chicken Planet",
                    "address": "177 W Van Buren St, Chicago, IL 60605",
                    "reviews": ""
                }
            },
            {
                "type": "Feature",
                "geometry": {
                    "type": "Point",
                    "coordinates": [
                        -87.6340342,
                        41.8855381
                    ]
                },
                "properties": {
                    "name": "Cleo's Southern",
                    "address": "190 N Wells St, Chicago, IL 60606",
                    "reviews": ""
                }
            },
            {
                "type": "Feature",
                "geometry": {
                    "type": "Point",
                    "coordinates": [
                        -87.6242295,
                        41.8843072
                    ]
                },
                "properties": {
                    "name": "Giordano's Pizza",
                    "address": "130 E Randolph St, Chicago, IL 60601",
                    "reviews": "Chicago staple, home of the deep dish pizza"
                }
            },
            {
                "type": "Feature",
                "geometry": {
                    "type": "Point",
                    "coordinates": [
                        -87.6342062,
                        41.8780307
                    ]
                },
                "properties": {
                    "name": "Luke's Italian Beef",
                    "address": "215 W Jackson Blvd, Chicago, IL 60606",
                    "reviews": ""
                }
            },
            {
                "type": "Feature",
                "geometry": {
                    "type": "Point",
                    "coordinates": [
                        -87.6359612,
                        41.878738
                    ]
                },
                "properties": {
                    "name": "Mendocino Farms",
                    "address": "233 S Wacker Dr, Chicago, IL 60606",
                    "reviews": ""
                }
            },
            {
                "type": "Feature",
                "geometry": {
                    "type": "Point",
                    "coordinates": [
                        -87.6337445,
                        41.8827964
                    ]
                },
                "properties": {
                    "name": "Mr. Submarine",
                    "address": "47 N Wells St, Chicago, IL 60602",
                    "reviews": ""
                }
            },
            {
                "type": "Feature",
                "geometry": {
                    "type": "Point",
                    "coordinates": [
                        -87.6355896,
                        41.885424
                    ]
                },
                "properties": {
                    "name": "Naansense",
                    "address": "178 N Franklin St, Chicago, IL 60606",
                    "reviews": ""
                }
            },
            {
                "type": "Feature",
                "geometry": {
                    "type": "Point",
                    "coordinates": [
                        -87.6259327,
                        41.8826872
                    ]
                },
                "properties": {
                    "name": "Oasis Cafe",
                    "address": "21 N Wabash Ave, Chicago, IL 60602",
                    "reviews": "Mediterranean food"
                }
            },
            {
                "type": "Feature",
                "geometry": {
                    "type": "Point",
                    "coordinates": [
                        -87.6320733,
                        41.8818507
                    ]
                },
                "properties": {
                    "name": "Roanoke",
                    "address": "135 W Madison St, Chicago, IL 60602",
                    "reviews": ""
                }
            },
            {
                "type": "Feature",
                "geometry": {
                    "type": "Point",
                    "coordinates": [
                        -87.6242222,
                        41.8835661
                    ]
                },
                "properties": {
                    "name": "SeoulSpice",
                    "address": "20 N Michigan Ave, Chicago, IL 60602",
                    "reviews": ""
                }
            },
            {
                "type": "Feature",
                "geometry": {
                    "type": "Point",
                    "coordinates": [
                        -87.6249525,
                        41.8813403
                    ]
                },
                "properties": {
                    "name": "The Gage",
                    "address": "24 S Michigan Ave, Chicago, IL 60603",
                    "reviews": ""
                }
            },
            {
                "type": "Feature",
                "geometry": {
                    "type": "Point",
                    "coordinates": [
                        -87.6257315,
                        41.8827364
                    ]
                },
                "properties": {
                    "name": "Wilma's Famous BBQ & Tavern",
                    "address": "17 N Wabash Ave, Chicago, IL 60602",
                    "reviews": ""
                }
            },
            {
                "type": "Feature",
                "geometry": {
                    "type": "Point",
                    "coordinates": [
                        -87.6285659,
                        41.8838784
                    ]
                },
                "properties": {
                    "name": "Block 37",
                    "address": "108 N State St, Chicago, IL 60602",
                    "reviews": ""
                }
            },
            {
                "type": "Feature",
                "geometry": {
                    "type": "Point",
                    "coordinates": [
                        -87.6359612,
                        41.878738
                    ]
                },
                "properties": {
                    "name": "Do-Rite",
                    "address": "233 S Wacker Dr, Chicago, IL 60606",
                    "reviews": ""
                }
            },
            {
                "type": "Feature",
                "geometry": {
                    "type": "Point",
                    "coordinates": [
                        -87.6246016,
                        41.8852994
                    ]
                },
                "properties": {
                    "name": "Garrett's Popcorn",
                    "address": "173 N Michigan Ave, Chicago, IL 60601",
                    "reviews": ""
                }
            },
            {
                "type": "Feature",
                "geometry": {
                    "type": "Point",
                    "coordinates": [
                        -87.6289662,
                        41.8780894
                    ]
                },
                "properties": {
                    "name": "Garrett's Popcorn",
                    "address": "27 W Jackson Blvd, Chicago, IL 60604",
                    "reviews": ""
                }
            },
            {
                "type": "Feature",
                "geometry": {
                    "type": "Point",
                    "coordinates": [
                        -87.624932,
                        41.8794348
                    ]
                },
                "properties": {
                    "name": "Kong Dog",
                    "address": "77 E Adams St, Chicago, IL 60603",
                    "reviews": ""
                }
            },
            {
                "type": "Feature",
                "geometry": {
                    "type": "Point",
                    "coordinates": [
                        -87.6285875,
                        41.8829319
                    ]
                },
                "properties": {
                    "name": "Stan's Donuts",
                    "address": "15 W Washington St, IL 60602",
                    "reviews": ""
                }
            },
            {
                "type": "Feature",
                "geometry": {
                    "type": "Point",
                    "coordinates": [
                        -87.6741851,
                        41.8806831
                    ]
                },
                "properties": {
                    "name": "Chicago Bulls",
                    "address": "1901 W Madison St, Chicago, IL 60612",
                    "reviews": "Watch Chicago Bulls game"
                }
            },
            {
                "type": "Feature",
                "geometry": {
                    "type": "Point",
                    "coordinates": [
                        -87.6849333,
                        41.880808
                    ]
                },
                "properties": {
                    "name": "King Wok",
                    "address": "2323 W Madison St, Chicago, IL 60612",
                    "reviews": ""
                }
            },
            {
                "type": "Feature",
                "geometry": {
                    "type": "Point",
                    "coordinates": [
                        -87.8334959,
                        42.050691
                    ]
                },
                "properties": {
                    "name": "Nash Bros",
                    "address": "9353 N Milwaukee Ave, Niles, IL 60714",
                    "reviews": ""
                }
            },
            {
                "type": "Feature",
                "geometry": {
                    "type": "Point",
                    "coordinates": [
                        -87.6576914,
                        41.9032411
                    ]
                },
                "properties": {
                    "name": "Azul",
                    "address": "1177 N Elston Ave, Chicago, IL 60642",
                    "reviews": ""
                }
            },
            {
                "type": "Feature",
                "geometry": {
                    "type": "Point",
                    "coordinates": [
                        -87.6667787,
                        41.8958747
                    ]
                },
                "properties": {
                    "name": "Wax Vinyl",
                    "address": "1549 W Chicago Ave, Chicago, IL 60642",
                    "reviews": "vinyl djs, good ramen"
                }
            },
            {
                "type": "Feature",
                "geometry": {
                    "type": "Point",
                    "coordinates": [
                        -87.6641611,
                        41.8963938
                    ]
                },
                "properties": {
                    "name": "Beauty Bar",
                    "address": "1444 W Chicago Ave, Chicago, IL 60642",
                    "reviews": ""
                }
            },
            {
                "type": "Feature",
                "geometry": {
                    "type": "Point",
                    "coordinates": [
                        -87.6636165,
                        41.901181
                    ]
                },
                "properties": {
                    "name": "Frontier",
                    "address": "1072 N Milwaukee Ave, Chicago, IL 60642",
                    "reviews": ""
                }
            },
            {
                "type": "Feature",
                "geometry": {
                    "type": "Point",
                    "coordinates": [
                        -87.6660116,
                        41.8958949
                    ]
                },
                "properties": {
                    "name": "Fry The Coop",
                    "address": "1529 W Chicago Ave, Chicago, IL 60642",
                    "reviews": ""
                }
            },
            {
                "type": "Feature",
                "geometry": {
                    "type": "Point",
                    "coordinates": [
                        -87.6650815,
                        41.902143
                    ]
                },
                "properties": {
                    "name": "Kin Sushi And Thai",
                    "address": "1132 N Milwaukee Ave, Chicago, IL 60642",
                    "reviews": ""
                }
            },
            {
                "type": "Feature",
                "geometry": {
                    "type": "Point",
                    "coordinates": [
                        -87.6621632,
                        41.8959969
                    ]
                },
                "properties": {
                    "name": "Noble Thai",
                    "address": "1371 W Chicago Ave, IL 60642",
                    "reviews": ""
                }
            },
            {
                "type": "Feature",
                "geometry": {
                    "type": "Point",
                    "coordinates": [
                        -87.665217,
                        41.9036227
                    ]
                },
                "properties": {
                    "name": "Tuk Tuk Thai Isan Street Food",
                    "address": "1500 W Division St, Chicago, IL 60642",
                    "reviews": "Carb ragoons, green curry, pad see ew, pad kee mao"
                }
            },
            {
                "type": "Feature",
                "geometry": {
                    "type": "Point",
                    "coordinates": [
                        -87.6696852,
                        41.9545026
                    ]
                },
                "properties": {
                    "name": "Long Room",
                    "address": "1612 W Irving Park Rd, Chicago, IL 60613",
                    "reviews": "relaxed bar & coffeehouse with a back patio"
                }
            },
            {
                "type": "Feature",
                "geometry": {
                    "type": "Point",
                    "coordinates": [
                        -87.6786069,
                        41.9545863
                    ]
                },
                "properties": {
                    "name": "The Victor Bar",
                    "address": "4011 N Damen Ave, Chicago, IL 60618",
                    "reviews": "cozy vibes, library downstairs"
                }
            },
            {
                "type": "Feature",
                "geometry": {
                    "type": "Point",
                    "coordinates": [
                        -87.6760015,
                        41.949938
                    ]
                },
                "properties": {
                    "name": "Botanical Cafe",
                    "address": "3740 N Lincoln Ave, Chicago, IL 60613",
                    "reviews": ""
                }
            },
            {
                "type": "Feature",
                "geometry": {
                    "type": "Point",
                    "coordinates": [
                        -87.6816931,
                        41.9579357
                    ]
                },
                "properties": {
                    "name": "Cho Sun Ok",
                    "address": "4200 N Lincoln Ave, Chicago, IL 60618",
                    "reviews": ""
                }
            },
            {
                "type": "Feature",
                "geometry": {
                    "type": "Point",
                    "coordinates": [
                        -87.720464,
                        41.858998
                    ]
                },
                "properties": {
                    "name": "Soul Food Lounge",
                    "address": "3804 W 16th St, Chicago, IL 60623",
                    "reviews": ""
                }
            },
            {
                "type": "Feature",
                "geometry": {
                    "type": "Point",
                    "coordinates": [
                        -87.7161541,
                        41.8660462
                    ]
                },
                "properties": {
                    "name": "Soul\u00e9",
                    "address": "3615 W Roosevelt Rd, Chicago, IL 60624",
                    "reviews": ""
                }
            },
            {
                "type": "Feature",
                "geometry": {
                    "type": "Point",
                    "coordinates": [
                        -87.73934,
                        41.960549
                    ]
                },
                "properties": {
                    "name": "Old Irving Brewing",
                    "address": "4419 W Montrose Ave, Chicago, IL 60641",
                    "reviews": "Good wings"
                }
            },
            {
                "type": "Feature",
                "geometry": {
                    "type": "Point",
                    "coordinates": [
                        -87.6348918,
                        41.9116127
                    ]
                },
                "properties": {
                    "name": "Second City",
                    "address": "1628 N Wells St, Chicago, IL 60614",
                    "reviews": "Very funny comedy shows"
                }
            },
            {
                "type": "Feature",
                "geometry": {
                    "type": "Point",
                    "coordinates": [
                        -87.6349953,
                        41.9095084
                    ]
                },
                "properties": {
                    "name": "Benchmark",
                    "address": "1510 N Wells St, Chicago, IL 60610",
                    "reviews": ""
                }
            },
            {
                "type": "Feature",
                "geometry": {
                    "type": "Point",
                    "coordinates": [
                        -87.6349873,
                        41.9090074
                    ]
                },
                "properties": {
                    "name": "Cache",
                    "address": "1446 N Wells St, Chicago, IL 60610",
                    "reviews": "Upscale speakeasy bar"
                }
            },
            {
                "type": "Feature",
                "geometry": {
                    "type": "Point",
                    "coordinates": [
                        -87.6345494,
                        41.9153354
                    ]
                },
                "properties": {
                    "name": "J Parker",
                    "address": "1816 N Clark St, Chicago, IL 60614",
                    "reviews": "rec'd by multiple people"
                }
            },
            {
                "type": "Feature",
                "geometry": {
                    "type": "Point",
                    "coordinates": [
                        -87.6389496,
                        41.9145918
                    ]
                },
                "properties": {
                    "name": "Marge's Still",
                    "address": "1758 N Sedgwick St, Chicago, IL 60614",
                    "reviews": "Oldest bar in Chicago, $5 shot of malort"
                }
            },
            {
                "type": "Feature",
                "geometry": {
                    "type": "Point",
                    "coordinates": [
                        -87.6349829,
                        41.9113754
                    ]
                },
                "properties": {
                    "name": "Utopian Tailgate",
                    "address": "1608 N Wells St, Chicago, IL 60614",
                    "reviews": "Rooftop bar"
                }
            },
            {
                "type": "Feature",
                "geometry": {
                    "type": "Point",
                    "coordinates": [
                        -87.6524094,
                        41.9093891
                    ]
                },
                "properties": {
                    "name": "No. 9",
                    "address": "1543 N Kingsbury St, Chicago, IL 60642",
                    "reviews": ""
                }
            },
            {
                "type": "Feature",
                "geometry": {
                    "type": "Point",
                    "coordinates": [
                        -87.6524094,
                        41.9093891
                    ]
                },
                "properties": {
                    "name": "Prysm",
                    "address": "1543 N Kingsbury St, Chicago, IL 60642",
                    "reviews": ""
                }
            },
            {
                "type": "Feature",
                "geometry": {
                    "type": "Point",
                    "coordinates": [
                        -87.6342984,
                        41.9042068
                    ]
                },
                "properties": {
                    "name": "Happy Camper",
                    "address": "1209 N Wells St, Chicago, IL 60610",
                    "reviews": ""
                }
            },
            {
                "type": "Feature",
                "geometry": {
                    "type": "Point",
                    "coordinates": [
                        -87.6487786,
                        41.9176217
                    ]
                },
                "properties": {
                    "name": "Summerhouse Santa Monica",
                    "address": "1954 N Halsted St, Chicago, IL 60614",
                    "reviews": ""
                }
            },
            {
                "type": "Feature",
                "geometry": {
                    "type": "Point",
                    "coordinates": [
                        -87.6485674,
                        41.9170592
                    ]
                },
                "properties": {
                    "name": "Sushi San",
                    "address": "1950 N Halsted St, Chicago, IL 60614",
                    "reviews": ""
                }
            },
            {
                "type": "Feature",
                "geometry": {
                    "type": "Point",
                    "coordinates": [
                        -87.6348401,
                        41.9096394
                    ]
                },
                "properties": {
                    "name": "Topo Gigio",
                    "address": "1514 N Wells St, Chicago, IL 60610",
                    "reviews": ""
                }
            },
            {
                "type": "Feature",
                "geometry": {
                    "type": "Point",
                    "coordinates": [
                        -87.6479772,
                        41.9131075
                    ]
                },
                "properties": {
                    "name": "Trattoria Gianni",
                    "address": "1711 N Halsted St, Chicago, IL 60614",
                    "reviews": ""
                }
            },
            {
                "type": "Feature",
                "geometry": {
                    "type": "Point",
                    "coordinates": [
                        -87.6383321,
                        41.9127037
                    ]
                },
                "properties": {
                    "name": "Twin Anchors",
                    "address": "1655 N Sedgwick St, Chicago, IL 60614",
                    "reviews": "good ribs, $4.50 shots of malort, Dark Knight scene filmed here"
                }
            },
            {
                "type": "Feature",
                "geometry": {
                    "type": "Point",
                    "coordinates": [
                        -87.6480686,
                        41.90703
                    ]
                },
                "properties": {
                    "name": "Union Sushi",
                    "address": "1457 N Halsted St, Chicago, IL 60610",
                    "reviews": ""
                }
            },
            {
                "type": "Feature",
                "geometry": {
                    "type": "Point",
                    "coordinates": [
                        -87.6545947,
                        41.8579009
                    ]
                },
                "properties": {
                    "name": "El Trebol",
                    "address": "1135 W 18th St, Chicago, IL 60608",
                    "reviews": "cash only"
                }
            },
            {
                "type": "Feature",
                "geometry": {
                    "type": "Point",
                    "coordinates": [
                        -87.6626383,
                        41.8565763
                    ]
                },
                "properties": {
                    "name": "The Giant Penny Whistle",
                    "address": "1854 S Blue Island Ave, Chicago, IL 60608",
                    "reviews": "On Thursdays tribe night"
                }
            },
            {
                "type": "Feature",
                "geometry": {
                    "type": "Point",
                    "coordinates": [
                        -87.6711323,
                        41.8520798
                    ]
                },
                "properties": {
                    "name": "Carniceria Maribel",
                    "address": "1801 W Cermak Rd, Chicago, IL 60608, United States",
                    "reviews": ""
                }
            },
            {
                "type": "Feature",
                "geometry": {
                    "type": "Point",
                    "coordinates": [
                        -87.6708862,
                        41.855739
                    ]
                },
                "properties": {
                    "name": "Novel Pizza Cafe",
                    "address": "1759 W 19th St, Chicago, IL 60608",
                    "reviews": ""
                }
            },
            {
                "type": "Feature",
                "geometry": {
                    "type": "Point",
                    "coordinates": [
                        -87.6556186,
                        41.8575531
                    ]
                },
                "properties": {
                    "name": "Pilsen Yards",
                    "address": "1163 W 18th St, Chicago, IL 60608",
                    "reviews": ""
                }
            },
            {
                "type": "Feature",
                "geometry": {
                    "type": "Point",
                    "coordinates": [
                        -87.6595627,
                        41.8581344
                    ]
                },
                "properties": {
                    "name": "Quesabirria Jalisco",
                    "address": "1314 W 18th St, Chicago, IL 60608",
                    "reviews": ""
                }
            },
            {
                "type": "Feature",
                "geometry": {
                    "type": "Point",
                    "coordinates": [
                        -87.6596442,
                        41.8581055
                    ]
                },
                "properties": {
                    "name": "Rubi's Tacos",
                    "address": "1316 W 18th St, Chicago, IL 60608, United States",
                    "reviews": ""
                }
            },
            {
                "type": "Feature",
                "geometry": {
                    "type": "Point",
                    "coordinates": [
                        -87.7486367,
                        41.9543845
                    ]
                },
                "properties": {
                    "name": "National Veterans Art Museum",
                    "address": "4041 N Milwaukee Ave, Chicago, IL 60641",
                    "reviews": ""
                }
            },
            {
                "type": "Feature",
                "geometry": {
                    "type": "Point",
                    "coordinates": [
                        -87.6096053,
                        41.6928561
                    ]
                },
                "properties": {
                    "name": "Pullman National Historical Park",
                    "address": "610 E 111th St, Chicago, IL 60628",
                    "reviews": "Historical neighborhood/museum"
                }
            },
            {
                "type": "Feature",
                "geometry": {
                    "type": "Point",
                    "coordinates": [
                        -87.6235164,
                        41.8894215
                    ]
                },
                "properties": {
                    "name": "Architectural Boat Tour",
                    "address": "401 N Michigan Ave, Chicago, IL 60611",
                    "reviews": "rec'd by multiple people"
                }
            },
            {
                "type": "Feature",
                "geometry": {
                    "type": "Point",
                    "coordinates": [
                        -87.627363,
                        41.8899353
                    ]
                },
                "properties": {
                    "name": "Andy's Jazz Club",
                    "address": "11 E Hubbard St, Chicago, IL 60611",
                    "reviews": "rec'd by multiple people, BRING JR"
                }
            },
            {
                "type": "Feature",
                "geometry": {
                    "type": "Point",
                    "coordinates": [
                        -87.6274987,
                        41.8922463
                    ]
                },
                "properties": {
                    "name": "Bodega Bar",
                    "address": "15 E Ohio St, Chicago, IL 60611",
                    "reviews": ""
                }
            },
            {
                "type": "Feature",
                "geometry": {
                    "type": "Point",
                    "coordinates": [
                        -87.6316262,
                        41.8897806
                    ]
                },
                "properties": {
                    "name": "Celeste",
                    "address": "111 W Hubbard St, Chicago, IL 60654",
                    "reviews": ""
                }
            },
            {
                "type": "Feature",
                "geometry": {
                    "type": "Point",
                    "coordinates": [
                        -87.6353372,
                        41.8892737
                    ]
                },
                "properties": {
                    "name": "Gilt Bar",
                    "address": "230 W Kinzie St, Chicago, IL 60654",
                    "reviews": "library downstairs"
                }
            },
            {
                "type": "Feature",
                "geometry": {
                    "type": "Point",
                    "coordinates": [
                        -87.6355124,
                        41.8971897
                    ]
                },
                "properties": {
                    "name": "Headquarters Beercade",
                    "address": "213 W Institute Place, Chicago, IL 60610",
                    "reviews": "I (Allen) did not like this bar"
                }
            },
            {
                "type": "Feature",
                "geometry": {
                    "type": "Point",
                    "coordinates": [
                        -87.6291513,
                        41.8902918
                    ]
                },
                "properties": {
                    "name": "Howl at the Moon",
                    "address": "26 W Hubbard St, Chicago, IL 60654",
                    "reviews": "Has live music every night"
                }
            },
            {
                "type": "Feature",
                "geometry": {
                    "type": "Point",
                    "coordinates": [
                        -87.6315832,
                        41.8903249
                    ]
                },
                "properties": {
                    "name": "Hubbard Inn",
                    "address": "110 W Hubbard St, Chicago, IL 60654",
                    "reviews": "Go upstairs"
                }
            },
            {
                "type": "Feature",
                "geometry": {
                    "type": "Point",
                    "coordinates": [
                        -87.6337792,
                        41.8947154
                    ]
                },
                "properties": {
                    "name": "Io Godfrey",
                    "address": "127 W Huron St, Chicago, IL 60654",
                    "reviews": "rec'd by multiple people"
                }
            },
            {
                "type": "Feature",
                "geometry": {
                    "type": "Point",
                    "coordinates": [
                        -87.6315544,
                        41.8952646
                    ]
                },
                "properties": {
                    "name": "Lulu's Speakeasy",
                    "address": "712 N Clark St, Chicago, IL 60654",
                    "reviews": ""
                }
            },
            {
                "type": "Feature",
                "geometry": {
                    "type": "Point",
                    "coordinates": [
                        -87.6355124,
                        41.8971897
                    ]
                },
                "properties": {
                    "name": "Machine Engineered",
                    "address": "213 W Institute Pl, Chicago, IL 60610",
                    "reviews": "rec'd by multiple people"
                }
            },
            {
                "type": "Feature",
                "geometry": {
                    "type": "Point",
                    "coordinates": [
                        -87.6319768,
                        41.8894067
                    ]
                },
                "properties": {
                    "name": "Mercadito",
                    "address": "108 W Kinzie St, Chicago, IL 60654",
                    "reviews": ""
                }
            },
            {
                "type": "Feature",
                "geometry": {
                    "type": "Point",
                    "coordinates": [
                        -87.627995,
                        41.892598
                    ]
                },
                "properties": {
                    "name": "Pop for Champagne",
                    "address": "601 N State St, Chicago, IL 60610",
                    "reviews": ""
                }
            },
            {
                "type": "Feature",
                "geometry": {
                    "type": "Point",
                    "coordinates": [
                        -87.6315544,
                        41.8952646
                    ]
                },
                "properties": {
                    "name": "Storyville",
                    "address": "712 N Clark St, Chicago, IL 60654",
                    "reviews": ""
                }
            },
            {
                "type": "Feature",
                "geometry": {
                    "type": "Point",
                    "coordinates": [
                        -87.6287495,
                        41.8935114
                    ]
                },
                "properties": {
                    "name": "The Redhead Piano Bar",
                    "address": "16 W Ontario St, Chicago, IL 60654",
                    "reviews": "Jazz bar, BRING JR"
                }
            },
            {
                "type": "Feature",
                "geometry": {
                    "type": "Point",
                    "coordinates": [
                        -87.6313319,
                        41.8894313
                    ]
                },
                "properties": {
                    "name": "The Smith",
                    "address": "400 N Clark St, Chicago, IL 60654",
                    "reviews": ""
                }
            },
            {
                "type": "Feature",
                "geometry": {
                    "type": "Point",
                    "coordinates": [
                        -87.6307013,
                        41.8897924
                    ]
                },
                "properties": {
                    "name": "Three Dots and a Dash",
                    "address": "435 N Clark St, Chicago, IL 60654",
                    "reviews": "I (Allen) really like this place\nrec'd by multiple people"
                }
            },
            {
                "type": "Feature",
                "geometry": {
                    "type": "Point",
                    "coordinates": [
                        -87.6330535,
                        41.8888467
                    ]
                },
                "properties": {
                    "name": "Tree House",
                    "address": "149 W Kinzie St, Chicago, IL 60654",
                    "reviews": ""
                }
            },
            {
                "type": "Feature",
                "geometry": {
                    "type": "Point",
                    "coordinates": [
                        -87.6251872,
                        41.8911753
                    ]
                },
                "properties": {
                    "name": "Upstairs At The Gwen",
                    "address": "521 N Rush St, Chicago, IL 60611",
                    "reviews": ""
                }
            },
            {
                "type": "Feature",
                "geometry": {
                    "type": "Point",
                    "coordinates": [
                        -87.6304146,
                        41.8953477
                    ]
                },
                "properties": {
                    "name": "Poetry Foundation",
                    "address": "61 W Superior St, Chicago, IL 60654",
                    "reviews": ""
                }
            },
            {
                "type": "Feature",
                "geometry": {
                    "type": "Point",
                    "coordinates": [
                        -87.6342963,
                        41.8917434
                    ]
                },
                "properties": {
                    "name": "Meli Cafe",
                    "address": "540 N Wells St, Chicago, IL 60654",
                    "reviews": ""
                }
            },
            {
                "type": "Feature",
                "geometry": {
                    "type": "Point",
                    "coordinates": [
                        -87.6265819,
                        41.8959244
                    ]
                },
                "properties": {
                    "name": "Sunny Side Up",
                    "address": "42 E Superior St, Chicago, IL 60611",
                    "reviews": ""
                }
            },
            {
                "type": "Feature",
                "geometry": {
                    "type": "Point",
                    "coordinates": [
                        -87.6367596,
                        41.8877785
                    ]
                },
                "properties": {
                    "name": "Blue Bottle Coffee",
                    "address": "313 W Wolf Point Plaza, Chicago, IL 60654",
                    "reviews": ""
                }
            },
            {
                "type": "Feature",
                "geometry": {
                    "type": "Point",
                    "coordinates": [
                        -87.6280015,
                        41.8928722
                    ]
                },
                "properties": {
                    "name": "Cafe Cremerie",
                    "address": "615 N State St, Chicago, IL 60654",
                    "reviews": ""
                }
            },
            {
                "type": "Feature",
                "geometry": {
                    "type": "Point",
                    "coordinates": [
                        -87.6345586,
                        41.8995242
                    ]
                },
                "properties": {
                    "name": "Layla & Ringo's",
                    "address": "914 N Wells St, Chicago, IL 60610",
                    "reviews": ""
                }
            },
            {
                "type": "Feature",
                "geometry": {
                    "type": "Point",
                    "coordinates": [
                        -87.6301482,
                        41.8889735
                    ]
                },
                "properties": {
                    "name": "Bodega Nightclub",
                    "address": "353 N Clark St, Chicago, IL 60654",
                    "reviews": ""
                }
            },
            {
                "type": "Feature",
                "geometry": {
                    "type": "Point",
                    "coordinates": [
                        -87.6317455,
                        41.8902588
                    ]
                },
                "properties": {
                    "name": "Joy District",
                    "address": "112 W Hubbard St, Chicago, IL 60654",
                    "reviews": "rec'd by multiple people"
                }
            },
            {
                "type": "Feature",
                "geometry": {
                    "type": "Point",
                    "coordinates": [
                        -87.6347934,
                        41.8929405
                    ]
                },
                "properties": {
                    "name": "LITE Chicago",
                    "address": "215 W Ontario St, Chicago, IL 60654",
                    "reviews": "Go to \"Bevy's on Sundays\" event"
                }
            },
            {
                "type": "Feature",
                "geometry": {
                    "type": "Point",
                    "coordinates": [
                        -87.6290896,
                        41.8898117
                    ]
                },
                "properties": {
                    "name": "Rocbar",
                    "address": "25 W Hubbard St, Chicago, IL 60654",
                    "reviews": ""
                }
            },
            {
                "type": "Feature",
                "geometry": {
                    "type": "Point",
                    "coordinates": [
                        -87.6359344,
                        41.8937344
                    ]
                },
                "properties": {
                    "name": "Spybar",
                    "address": "646 N Franklin St, Chicago, IL 60654",
                    "reviews": ""
                }
            },
            {
                "type": "Feature",
                "geometry": {
                    "type": "Point",
                    "coordinates": [
                        -87.6300662,
                        41.8934805
                    ]
                },
                "properties": {
                    "name": "Tao",
                    "address": "632 N Dearborn St, Chicago, IL 60654",
                    "reviews": ""
                }
            },
            {
                "type": "Feature",
                "geometry": {
                    "type": "Point",
                    "coordinates": [
                        -87.6331426,
                        41.8890964
                    ]
                },
                "properties": {
                    "name": "Tunnel",
                    "address": "151 W Kinzie St, Chicago, IL 60654",
                    "reviews": ""
                }
            },
            {
                "type": "Feature",
                "geometry": {
                    "type": "Point",
                    "coordinates": [
                        -87.635244,
                        41.8934034
                    ]
                },
                "properties": {
                    "name": "Y Bar",
                    "address": "224 W Ontario St, Chicago, IL 60654",
                    "reviews": ""
                }
            },
            {
                "type": "Feature",
                "geometry": {
                    "type": "Point",
                    "coordinates": [
                        -87.6344719,
                        41.8888053
                    ]
                },
                "properties": {
                    "name": "The MART",
                    "address": "222 W Merchandise Mart Plaza, Chicago, IL 60654",
                    "reviews": ""
                }
            },
            {
                "type": "Feature",
                "geometry": {
                    "type": "Point",
                    "coordinates": [
                        -87.6265031,
                        41.8942846
                    ]
                },
                "properties": {
                    "name": "Driehaus Museum",
                    "address": "50 E Erie St, Chicago, IL 60611",
                    "reviews": ""
                }
            },
            {
                "type": "Feature",
                "geometry": {
                    "type": "Point",
                    "coordinates": [
                        -87.6318933,
                        41.8902574
                    ]
                },
                "properties": {
                    "name": "Bar Goa",
                    "address": "116 W Hubbard St, Chicago, IL 60654",
                    "reviews": ""
                }
            },
            {
                "type": "Feature",
                "geometry": {
                    "type": "Point",
                    "coordinates": [
                        -87.6348919,
                        41.889285
                    ]
                },
                "properties": {
                    "name": "Bavette's Bar & Boeuf",
                    "address": "218 W Kinzie St, Chicago, IL 60654",
                    "reviews": ""
                }
            },
            {
                "type": "Feature",
                "geometry": {
                    "type": "Point",
                    "coordinates": [
                        -87.6386146,
                        41.8978465
                    ]
                },
                "properties": {
                    "name": "Big Sauce",
                    "address": "831 N Sedgwick St, Chicago, IL 60610",
                    "reviews": "from tiktok, good wings"
                }
            },
            {
                "type": "Feature",
                "geometry": {
                    "type": "Point",
                    "coordinates": [
                        -87.6293468,
                        41.8898077
                    ]
                },
                "properties": {
                    "name": "Blue Sushi Sake & Grill",
                    "address": "415 N Dearborn St, Chicago, IL 60654",
                    "reviews": ""
                }
            },
            {
                "type": "Feature",
                "geometry": {
                    "type": "Point",
                    "coordinates": [
                        -87.6353923,
                        41.896804
                    ]
                },
                "properties": {
                    "name": "Chalet",
                    "address": "228 W Chicago Ave, Chicago, IL 60654",
                    "reviews": ""
                }
            },
            {
                "type": "Feature",
                "geometry": {
                    "type": "Point",
                    "coordinates": [
                        -87.6298703,
                        41.8898489
                    ]
                },
                "properties": {
                    "name": "Crying Tiger",
                    "address": "51 W Hubbard St, Chicago, IL 60654",
                    "reviews": "upscale chinese food\nrec'd by multiple people"
                }
            },
            {
                "type": "Feature",
                "geometry": {
                    "type": "Point",
                    "coordinates": [
                        -87.6262542,
                        41.8921864
                    ]
                },
                "properties": {
                    "name": "Eately",
                    "address": "43 E Ohio St, Chicago, IL 60611",
                    "reviews": ""
                }
            },
            {
                "type": "Feature",
                "geometry": {
                    "type": "Point",
                    "coordinates": [
                        -87.6257919,
                        41.8953361
                    ]
                },
                "properties": {
                    "name": "Friends Sushi",
                    "address": "710 N Rush St, Chicago, IL 60611",
                    "reviews": ""
                }
            },
            {
                "type": "Feature",
                "geometry": {
                    "type": "Point",
                    "coordinates": [
                        -87.6279307,
                        41.8934486
                    ]
                },
                "properties": {
                    "name": "Gordon Ramsay Burger",
                    "address": "2 E Ontario St, Chicago, IL 60611",
                    "reviews": ""
                }
            },
            {
                "type": "Feature",
                "geometry": {
                    "type": "Point",
                    "coordinates": [
                        -87.6302615,
                        41.8898275
                    ]
                },
                "properties": {
                    "name": "Il Porcellino",
                    "address": "59 W Hubbard St, Chicago, IL 60654",
                    "reviews": ""
                }
            },
            {
                "type": "Feature",
                "geometry": {
                    "type": "Point",
                    "coordinates": [
                        -87.630394,
                        41.891439
                    ]
                },
                "properties": {
                    "name": "India House",
                    "address": "59 W Grand Ave, Chicago, IL 60654",
                    "reviews": ""
                }
            },
            {
                "type": "Feature",
                "geometry": {
                    "type": "Point",
                    "coordinates": [
                        -87.6256252,
                        41.8918646
                    ]
                },
                "properties": {
                    "name": "Joe's Seafood",
                    "address": "60 E Grand Ave, Chicago, IL 60611",
                    "reviews": ""
                }
            },
            {
                "type": "Feature",
                "geometry": {
                    "type": "Point",
                    "coordinates": [
                        -87.6293075,
                        41.8885135
                    ]
                },
                "properties": {
                    "name": "Kitchen And Kocktails",
                    "address": "339 N Dearborn St, Chicago, IL 60654",
                    "reviews": "rec'd by multiple people\nAllen: I like their food"
                }
            },
            {
                "type": "Feature",
                "geometry": {
                    "type": "Point",
                    "coordinates": [
                        -87.6344719,
                        41.8888053
                    ]
                },
                "properties": {
                    "name": "Marshall's Landing",
                    "address": "222 W Merchandise Mart Plaza, Chicago, IL 60654",
                    "reviews": ""
                }
            },
            {
                "type": "Feature",
                "geometry": {
                    "type": "Point",
                    "coordinates": [
                        -87.6308561,
                        41.8952284
                    ]
                },
                "properties": {
                    "name": "Mazala Pizza",
                    "address": "70 W Huron St, Chicago, IL 60654",
                    "reviews": ""
                }
            },
            {
                "type": "Feature",
                "geometry": {
                    "type": "Point",
                    "coordinates": [
                        -87.6314081,
                        41.891164
                    ]
                },
                "properties": {
                    "name": "Mendocino Farms",
                    "address": "508 N Clark St, Chicago, IL 60654",
                    "reviews": ""
                }
            },
            {
                "type": "Feature",
                "geometry": {
                    "type": "Point",
                    "coordinates": [
                        -87.6314081,
                        41.891164
                    ]
                },
                "properties": {
                    "name": "Nonnina",
                    "address": "508 N Clark St, Chicago, IL 60654",
                    "reviews": ""
                }
            },
            {
                "type": "Feature",
                "geometry": {
                    "type": "Point",
                    "coordinates": [
                        -87.6387433,
                        41.8949375
                    ]
                },
                "properties": {
                    "name": "Obelix",
                    "address": "700 N Sedgwick St, Chicago, IL 60654",
                    "reviews": "French"
                }
            },
            {
                "type": "Feature",
                "geometry": {
                    "type": "Point",
                    "coordinates": [
                        -87.6312315,
                        41.8886929
                    ]
                },
                "properties": {
                    "name": "Osteria Del Pastaio",
                    "address": "340 N Clark St, Chicago, IL 60654",
                    "reviews": ""
                }
            },
            {
                "type": "Feature",
                "geometry": {
                    "type": "Point",
                    "coordinates": [
                        -87.6292878,
                        41.8894461
                    ]
                },
                "properties": {
                    "name": "Parlor Pizza",
                    "address": "405 N Dearborn St, Chicago, IL 60654",
                    "reviews": "rec'd by multiple people"
                }
            },
            {
                "type": "Feature",
                "geometry": {
                    "type": "Point",
                    "coordinates": [
                        -87.6306345,
                        41.8879357
                    ]
                },
                "properties": {
                    "name": "Pizzeria Portofino",
                    "address": "317 N Clark St, Chicago, IL 60654",
                    "reviews": ""
                }
            },
            {
                "type": "Feature",
                "geometry": {
                    "type": "Point",
                    "coordinates": [
                        -87.630767,
                        41.889685
                    ]
                },
                "properties": {
                    "name": "Planta Queen",
                    "address": "413 N Clark St, Chicago, IL 60654",
                    "reviews": ""
                }
            },
            {
                "type": "Feature",
                "geometry": {
                    "type": "Point",
                    "coordinates": [
                        -87.6315143,
                        41.8934608
                    ]
                },
                "properties": {
                    "name": "Portillo's Pizza",
                    "address": "100 W Ontario St, Chicago, IL 60610",
                    "reviews": ""
                }
            },
            {
                "type": "Feature",
                "geometry": {
                    "type": "Point",
                    "coordinates": [
                        -87.6344593,
                        41.8952165
                    ]
                },
                "properties": {
                    "name": "Prosecco",
                    "address": "710 N Wells St, Chicago, IL 60654",
                    "reviews": ""
                }
            },
            {
                "type": "Feature",
                "geometry": {
                    "type": "Point",
                    "coordinates": [
                        -87.6302615,
                        41.8898275
                    ]
                },
                "properties": {
                    "name": "Ramen San",
                    "address": "59 W Hubbard St, Chicago, IL 60654",
                    "reviews": "try edamame hummus"
                }
            },
            {
                "type": "Feature",
                "geometry": {
                    "type": "Point",
                    "coordinates": [
                        -87.6313803,
                        41.8906817
                    ]
                },
                "properties": {
                    "name": "Roka Akor",
                    "address": "456 N Clark St, Chicago, IL 60654",
                    "reviews": ""
                }
            },
            {
                "type": "Feature",
                "geometry": {
                    "type": "Point",
                    "coordinates": [
                        -87.6306345,
                        41.8879357
                    ]
                },
                "properties": {
                    "name": "RPM Seafood",
                    "address": "317 N Clark St, Chicago, IL 60654",
                    "reviews": ""
                }
            },
            {
                "type": "Feature",
                "geometry": {
                    "type": "Point",
                    "coordinates": [
                        -87.6298263,
                        41.8890792
                    ]
                },
                "properties": {
                    "name": "Siena Tavern",
                    "address": "51 W Kinzie St, Chicago, IL 60654",
                    "reviews": ""
                }
            },
            {
                "type": "Feature",
                "geometry": {
                    "type": "Point",
                    "coordinates": [
                        -87.6373723,
                        41.8941263
                    ]
                },
                "properties": {
                    "name": "SIFR",
                    "address": "660 N Orleans St, Chicago, IL 60654",
                    "reviews": ""
                }
            },
            {
                "type": "Feature",
                "geometry": {
                    "type": "Point",
                    "coordinates": [
                        -87.6353144,
                        41.896804
                    ]
                },
                "properties": {
                    "name": "Soul Vibez",
                    "address": "226 W Chicago Ave, Chicago, IL 60654",
                    "reviews": ""
                }
            },
            {
                "type": "Feature",
                "geometry": {
                    "type": "Point",
                    "coordinates": [
                        -87.6304875,
                        41.8914679
                    ]
                },
                "properties": {
                    "name": "Sushi San",
                    "address": "63 W Grand Ave, Chicago, IL 60654",
                    "reviews": ""
                }
            },
            {
                "type": "Feature",
                "geometry": {
                    "type": "Point",
                    "coordinates": [
                        -87.6320105,
                        41.891808
                    ]
                },
                "properties": {
                    "name": "Tanta",
                    "address": "118 W Grand Ave, Chicago, IL 60654",
                    "reviews": ""
                }
            },
            {
                "type": "Feature",
                "geometry": {
                    "type": "Point",
                    "coordinates": [
                        -87.6286954,
                        41.8939282
                    ]
                },
                "properties": {
                    "name": "True Food Kitchen",
                    "address": "1 W Erie St, Chicago, IL 60654",
                    "reviews": ""
                }
            },
            {
                "type": "Feature",
                "geometry": {
                    "type": "Point",
                    "coordinates": [
                        -87.6284956,
                        41.8955117
                    ]
                },
                "properties": {
                    "name": "Tzuco",
                    "address": "720 N State St, Chicago, IL 60654",
                    "reviews": ""
                }
            },
            {
                "type": "Feature",
                "geometry": {
                    "type": "Point",
                    "coordinates": [
                        -87.6307643,
                        41.8906973
                    ]
                },
                "properties": {
                    "name": "XOCO",
                    "address": "449 N Clark St, Chicago, IL 60654",
                    "reviews": ""
                }
            },
            {
                "type": "Feature",
                "geometry": {
                    "type": "Point",
                    "coordinates": [
                        -87.626919,
                        41.8918574
                    ]
                },
                "properties": {
                    "name": "Yardbird",
                    "address": "530 N Wabash Ave, Chicago, IL 60654",
                    "reviews": ""
                }
            },
            {
                "type": "Feature",
                "geometry": {
                    "type": "Point",
                    "coordinates": [
                        -87.6337956,
                        41.8917574
                    ]
                },
                "properties": {
                    "name": "Zarella",
                    "address": "531 N Wells St, Chicago, IL 60654",
                    "reviews": ""
                }
            },
            {
                "type": "Feature",
                "geometry": {
                    "type": "Point",
                    "coordinates": [
                        -87.6306738,
                        41.8901907
                    ]
                },
                "properties": {
                    "name": "Firecakes Donuts",
                    "address": "68 W Hubbard St, Chicago, IL 60654",
                    "reviews": ""
                }
            },
            {
                "type": "Feature",
                "geometry": {
                    "type": "Point",
                    "coordinates": [
                        -87.6267238,
                        41.8986136
                    ]
                },
                "properties": {
                    "name": "Jeni's Splendid Ice Cream",
                    "address": "871 N Wabash Ave, Chicago, IL 60611",
                    "reviews": ""
                }
            },
            {
                "type": "Feature",
                "geometry": {
                    "type": "Point",
                    "coordinates": [
                        -87.6545561,
                        41.8954157
                    ]
                },
                "properties": {
                    "name": "Intuit Art Museum",
                    "address": "756 N Milwaukee Ave, Chicago, IL 60642",
                    "reviews": "outsider and self-taught artists"
                }
            },
            {
                "type": "Feature",
                "geometry": {
                    "type": "Point",
                    "coordinates": [
                        -87.64849,
                        41.8963148
                    ]
                },
                "properties": {
                    "name": "Jerk Jamaican Barbecue",
                    "address": "811 W Chicago Ave, Chicago, IL 60642",
                    "reviews": ""
                }
            },
            {
                "type": "Feature",
                "geometry": {
                    "type": "Point",
                    "coordinates": [
                        -87.6468381,
                        41.8910439
                    ]
                },
                "properties": {
                    "name": "La Scarola",
                    "address": "721 W Grand Ave, Chicago, IL 60654",
                    "reviews": ""
                }
            },
            {
                "type": "Feature",
                "geometry": {
                    "type": "Point",
                    "coordinates": [
                        -87.6496121,
                        41.895735
                    ]
                },
                "properties": {
                    "name": "Umami Express",
                    "address": "850 W Superior St, Chicago, IL 60642",
                    "reviews": ""
                }
            },
            {
                "type": "Feature",
                "geometry": {
                    "type": "Point",
                    "coordinates": [
                        -87.6683354,
                        41.9986263
                    ]
                },
                "properties": {
                    "name": "Leather Archives and Museum",
                    "address": "6418 N Greenview Ave, Chicago, IL 60626",
                    "reviews": "LGBT/kink history museum"
                }
            },
            {
                "type": "Feature",
                "geometry": {
                    "type": "Point",
                    "coordinates": [
                        -87.6698941,
                        42.0158704
                    ]
                },
                "properties": {
                    "name": "Anto Pizza",
                    "address": "1547 W Jarvis Ave, Chicago, IL 60626",
                    "reviews": ""
                }
            },
            {
                "type": "Feature",
                "geometry": {
                    "type": "Point",
                    "coordinates": [
                        -87.6881186,
                        42.0193145
                    ]
                },
                "properties": {
                    "name": "Kizin Creole Restaurant",
                    "address": "2311 W Howard St, Chicago, IL 60645",
                    "reviews": "Haitian restaurant"
                }
            },
            {
                "type": "Feature",
                "geometry": {
                    "type": "Point",
                    "coordinates": [
                        -87.6612876,
                        42.0057005
                    ]
                },
                "properties": {
                    "name": "Taichi",
                    "address": "6800 N Sheridan Rd, Chicago, IL 60626",
                    "reviews": "Get spicy tonkostu ramen, good boba, they have a cute trinket wall, very nice atmosphere, quick service"
                }
            },
            {
                "type": "Feature",
                "geometry": {
                    "type": "Point",
                    "coordinates": [
                        -87.6242088,
                        41.8516179
                    ]
                },
                "properties": {
                    "name": "BAR22",
                    "address": "2244 S Michigan Ave, Chicago, IL 60616",
                    "reviews": "Rnb sat nights"
                }
            },
            {
                "type": "Feature",
                "geometry": {
                    "type": "Point",
                    "coordinates": [
                        -87.6289521,
                        41.8731754
                    ]
                },
                "properties": {
                    "name": "Kasey's Tavern",
                    "address": "701 S Dearborn St, Chicago, IL 60605",
                    "reviews": ""
                }
            },
            {
                "type": "Feature",
                "geometry": {
                    "type": "Point",
                    "coordinates": [
                        -87.6267612,
                        41.8539276
                    ]
                },
                "properties": {
                    "name": "Reggies Chicago",
                    "address": "2105 S State St, Chicago, IL 60616",
                    "reviews": ""
                }
            },
            {
                "type": "Feature",
                "geometry": {
                    "type": "Point",
                    "coordinates": [
                        -87.6228461,
                        41.8526576
                    ]
                },
                "properties": {
                    "name": "Vu Rooftop Bar",
                    "address": "133 E Cermak Rd, Chicago, IL 60616",
                    "reviews": ""
                }
            },
            {
                "type": "Feature",
                "geometry": {
                    "type": "Point",
                    "coordinates": [
                        -87.6239085,
                        41.8525219
                    ]
                },
                "properties": {
                    "name": "Williams Inn",
                    "address": "2210 S Michigan Ave, Chicago, IL 60616",
                    "reviews": "Best pizza in chicago"
                }
            },
            {
                "type": "Feature",
                "geometry": {
                    "type": "Point",
                    "coordinates": [
                        -87.607731,
                        41.8645989
                    ]
                },
                "properties": {
                    "name": "12th Street Beach",
                    "address": "1200 S Linn White Dr, Chicago, IL 60605",
                    "reviews": ""
                }
            },
            {
                "type": "Feature",
                "geometry": {
                    "type": "Point",
                    "coordinates": [
                        -87.6294134,
                        41.8730125
                    ]
                },
                "properties": {
                    "name": "Sandmeyer's Bookstore",
                    "address": "714 S Dearborn St, Chicago, IL 60605",
                    "reviews": "Allen: cute little bookstore"
                }
            },
            {
                "type": "Feature",
                "geometry": {
                    "type": "Point",
                    "coordinates": [
                        -87.6271442,
                        41.8506512
                    ]
                },
                "properties": {
                    "name": "Batter & Berries",
                    "address": "2318 S State St, Chicago, IL 60616",
                    "reviews": "rec'd by multiple people\nGet french toast flight"
                }
            },
            {
                "type": "Feature",
                "geometry": {
                    "type": "Point",
                    "coordinates": [
                        -87.6295038,
                        41.87514
                    ]
                },
                "properties": {
                    "name": "Meli Cafe",
                    "address": "500 S Dearborn St, Chicago, IL 60605",
                    "reviews": ""
                }
            },
            {
                "type": "Feature",
                "geometry": {
                    "type": "Point",
                    "coordinates": [
                        -87.6245382,
                        41.8688255
                    ]
                },
                "properties": {
                    "name": "Yolk",
                    "address": "1120 S Michigan Ave, Chicago, IL 60605",
                    "reviews": "rec'd by multiple people"
                }
            },
            {
                "type": "Feature",
                "geometry": {
                    "type": "Point",
                    "coordinates": [
                        -87.6262525,
                        41.871551
                    ]
                },
                "properties": {
                    "name": "Peet's Coffee",
                    "address": "41 E 8th St, Chicago, IL 60605",
                    "reviews": ""
                }
            },
            {
                "type": "Feature",
                "geometry": {
                    "type": "Point",
                    "coordinates": [
                        -87.6233321,
                        41.8517938
                    ]
                },
                "properties": {
                    "name": "BASSLINE",
                    "address": "2239 S Michigan Ave, Chicago, IL 60616",
                    "reviews": ""
                }
            },
            {
                "type": "Feature",
                "geometry": {
                    "type": "Point",
                    "coordinates": [
                        -87.6245337,
                        41.8526485
                    ]
                },
                "properties": {
                    "name": "Hue",
                    "address": "67 E Cermak Rd, Chicago, IL 60616",
                    "reviews": ""
                }
            },
            {
                "type": "Feature",
                "geometry": {
                    "type": "Point",
                    "coordinates": [
                        -87.615797,
                        41.8565784
                    ]
                },
                "properties": {
                    "name": "Adler Planetarium",
                    "address": "1300 S DuSable Lake Shore Dr, Chicago, IL 60605",
                    "reviews": ""
                }
            },
            {
                "type": "Feature",
                "geometry": {
                    "type": "Point",
                    "coordinates": [
                        -87.5786781,
                        41.7898925
                    ]
                },
                "properties": {
                    "name": "Field Museum",
                    "address": "1400 S Lake Shore Dr, Chicago, IL 60605",
                    "reviews": ""
                }
            },
            {
                "type": "Feature",
                "geometry": {
                    "type": "Point",
                    "coordinates": [
                        -87.6168425,
                        41.8586724
                    ]
                },
                "properties": {
                    "name": "Shedd Aquarium",
                    "address": "1200 S DuSable Lake Shore Dr, Chicago, IL 60605",
                    "reviews": ""
                }
            },
            {
                "type": "Feature",
                "geometry": {
                    "type": "Point",
                    "coordinates": [
                        -87.6247907,
                        41.8733563
                    ]
                },
                "properties": {
                    "name": "The Blackstone",
                    "address": "636 S Michigan Ave, Chicago, IL 60605",
                    "reviews": "Art museum in a hotel"
                }
            },
            {
                "type": "Feature",
                "geometry": {
                    "type": "Point",
                    "coordinates": [
                        -87.6289557,
                        41.8726032
                    ]
                },
                "properties": {
                    "name": "Chengdu Bistro Loop",
                    "address": "723 S Dearborn St, Chicago, IL 60605",
                    "reviews": ""
                }
            },
            {
                "type": "Feature",
                "geometry": {
                    "type": "Point",
                    "coordinates": [
                        -87.6236971,
                        41.8639622
                    ]
                },
                "properties": {
                    "name": "Chicago Firehouse Restaurant",
                    "address": "1401 S Michigan Ave, Chicago, IL 60605",
                    "reviews": "Josh: I should take my gf here"
                }
            },
            {
                "type": "Feature",
                "geometry": {
                    "type": "Point",
                    "coordinates": [
                        -87.6291167,
                        41.8752735
                    ]
                },
                "properties": {
                    "name": "Gino's East",
                    "address": "521 S Dearborn St, Chicago, IL 60605",
                    "reviews": ""
                }
            },
            {
                "type": "Feature",
                "geometry": {
                    "type": "Point",
                    "coordinates": [
                        -87.6262224,
                        41.8739478
                    ]
                },
                "properties": {
                    "name": "Harold\u2019s Chicken Shack",
                    "address": "612 S Wabash Ave, Chicago, IL 60605",
                    "reviews": "Allen: food's okay"
                }
            },
            {
                "type": "Feature",
                "geometry": {
                    "type": "Point",
                    "coordinates": [
                        -87.6239061,
                        41.8524342
                    ]
                },
                "properties": {
                    "name": "Jerk Villa",
                    "address": "2216 S Michigan Ave, Chicago, IL 60616",
                    "reviews": "Allen: good oxtail and goat"
                }
            },
            {
                "type": "Feature",
                "geometry": {
                    "type": "Point",
                    "coordinates": [
                        -87.6273394,
                        41.8715532
                    ]
                },
                "properties": {
                    "name": "Lou Malnati's Pizzeria",
                    "address": "805 S State St, Chicago, IL 60605",
                    "reviews": ""
                }
            },
            {
                "type": "Feature",
                "geometry": {
                    "type": "Point",
                    "coordinates": [
                        -87.6263442,
                        41.8682341
                    ]
                },
                "properties": {
                    "name": "Low Country",
                    "address": "1132 S Wabash Ave, Chicago, IL 60605",
                    "reviews": "rec'd by multiple people\nseafood boil"
                }
            },
            {
                "type": "Feature",
                "geometry": {
                    "type": "Point",
                    "coordinates": [
                        -87.6245487,
                        41.8637766
                    ]
                },
                "properties": {
                    "name": "Mikami",
                    "address": "1400 S Michigan Ave, Chicago, IL 60605",
                    "reviews": "tiktok rec, food looks really good"
                }
            },
            {
                "type": "Feature",
                "geometry": {
                    "type": "Point",
                    "coordinates": [
                        -87.6236994,
                        41.8656405
                    ]
                },
                "properties": {
                    "name": "Nepal House",
                    "address": "1301 S Michigan Ave, Chicago, IL 60605",
                    "reviews": ""
                }
            },
            {
                "type": "Feature",
                "geometry": {
                    "type": "Point",
                    "coordinates": [
                        -87.6308787,
                        41.8763599
                    ]
                },
                "properties": {
                    "name": "S2 Express Grill",
                    "address": "420 S Clark St, Chicago, IL 60605",
                    "reviews": "Good DJ"
                }
            },
            {
                "type": "Feature",
                "geometry": {
                    "type": "Point",
                    "coordinates": [
                        -87.6268587,
                        41.8531875
                    ]
                },
                "properties": {
                    "name": "Sharks Fish and Chicken",
                    "address": "2139 S State St, Chicago, IL 60616",
                    "reviews": ""
                }
            },
            {
                "type": "Feature",
                "geometry": {
                    "type": "Point",
                    "coordinates": [
                        -87.6260919,
                        41.8738181
                    ]
                },
                "properties": {
                    "name": "Thai Spoon and Sushi",
                    "address": "601 S Wabash Ave, Chicago, IL 60605",
                    "reviews": "Allen: they have alright food"
                }
            },
            {
                "type": "Feature",
                "geometry": {
                    "type": "Point",
                    "coordinates": [
                        -87.6004329,
                        41.8918313
                    ]
                },
                "properties": {
                    "name": "Offshore Rooftop",
                    "address": "1000 E Grand Ave, Chicago, IL 60611",
                    "reviews": "On tip of Navy Pier"
                }
            },
            {
                "type": "Feature",
                "geometry": {
                    "type": "Point",
                    "coordinates": [
                        -87.6232272,
                        41.8923449
                    ]
                },
                "properties": {
                    "name": "Second Story",
                    "address": "157 E Ohio St, Chicago, IL 60611",
                    "reviews": ""
                }
            },
            {
                "type": "Feature",
                "geometry": {
                    "type": "Point",
                    "coordinates": [
                        -87.6249808,
                        41.8962892
                    ]
                },
                "properties": {
                    "name": "Z Bar",
                    "address": "108 E Superior St, Chicago, IL 60611",
                    "reviews": "Nice terrace rooftop"
                }
            },
            {
                "type": "Feature",
                "geometry": {
                    "type": "Point",
                    "coordinates": [
                        -87.6212547,
                        41.8981328
                    ]
                },
                "properties": {
                    "name": "Cafecito",
                    "address": "215 E Chestnut St, Chicago, IL 60611",
                    "reviews": "Allen: fav restaurant in Chicago"
                }
            },
            {
                "type": "Feature",
                "geometry": {
                    "type": "Point",
                    "coordinates": [
                        -87.622045,
                        41.8978458
                    ]
                },
                "properties": {
                    "name": "Wildberry Cafe",
                    "address": "196 E Pearson St, Chicago, IL 60611",
                    "reviews": ""
                }
            },
            {
                "type": "Feature",
                "geometry": {
                    "type": "Point",
                    "coordinates": [
                        -87.6246408,
                        41.8939214
                    ]
                },
                "properties": {
                    "name": "Starbucks Reserve",
                    "address": "646 N Michigan Ave, Chicago, IL 60611",
                    "reviews": ""
                }
            },
            {
                "type": "Feature",
                "geometry": {
                    "type": "Point",
                    "coordinates": [
                        -87.6223586,
                        41.8978848
                    ]
                },
                "properties": {
                    "name": "TE'AMO",
                    "address": "835 N Michigan Ave, Chicago, IL 60611",
                    "reviews": "try crystallized fruit"
                }
            },
            {
                "type": "Feature",
                "geometry": {
                    "type": "Point",
                    "coordinates": [
                        -87.6223816,
                        41.8930994
                    ]
                },
                "properties": {
                    "name": "Arts Club of Chicago",
                    "address": "201 E Ontario St, Chicago, IL 60611",
                    "reviews": ""
                }
            },
            {
                "type": "Feature",
                "geometry": {
                    "type": "Point",
                    "coordinates": [
                        -87.6244367,
                        41.8971757
                    ]
                },
                "properties": {
                    "name": "Chicago\u00a0Water Tower",
                    "address": "806 Michigan Ave, Chicago, IL 60611",
                    "reviews": ""
                }
            },
            {
                "type": "Feature",
                "geometry": {
                    "type": "Point",
                    "coordinates": [
                        -87.6230962,
                        41.8988813
                    ]
                },
                "properties": {
                    "name": "John Hancock Building",
                    "address": "875 N Michigan Ave, Chicago, IL 60611",
                    "reviews": "Go to observation deck with 100% glass box to step out into the skyline, the panoramic view of the city from 95 floors up is par none!"
                }
            },
            {
                "type": "Feature",
                "geometry": {
                    "type": "Point",
                    "coordinates": [
                        -87.6041447,
                        41.8917999
                    ]
                },
                "properties": {
                    "name": "Navy Pier",
                    "address": "600 E Grand Ave, Chicago, IL 60611",
                    "reviews": "Visit Fun House Maze. The maze's target population is kids, but it has A LOT of Chicago\u00a0facts tied into it."
                }
            },
            {
                "type": "Feature",
                "geometry": {
                    "type": "Point",
                    "coordinates": [
                        -87.6232046,
                        41.890584
                    ]
                },
                "properties": {
                    "name": "Tribune Tower",
                    "address": "435 Michigan Ave, Chicago, IL 60611",
                    "reviews": "Touch rocks from monuments around the world"
                }
            },
            {
                "type": "Feature",
                "geometry": {
                    "type": "Point",
                    "coordinates": [
                        -87.6223586,
                        41.8978848
                    ]
                },
                "properties": {
                    "name": "Chicago Sports Museum",
                    "address": "835 N Michigan Ave, Chicago, IL 60611",
                    "reviews": ""
                }
            },
            {
                "type": "Feature",
                "geometry": {
                    "type": "Point",
                    "coordinates": [
                        -87.6211234,
                        41.8972217
                    ]
                },
                "properties": {
                    "name": "Museum of Contemporary Art",
                    "address": "220 E Chicago Ave, Chicago, IL 60611",
                    "reviews": ""
                }
            },
            {
                "type": "Feature",
                "geometry": {
                    "type": "Point",
                    "coordinates": [
                        -87.6232046,
                        41.890584
                    ]
                },
                "properties": {
                    "name": "Museum Of Ice Cream",
                    "address": "435 N Michigan Ave, Chicago, IL 60611",
                    "reviews": "Interactive museum"
                }
            },
            {
                "type": "Feature",
                "geometry": {
                    "type": "Point",
                    "coordinates": [
                        -87.6230535,
                        41.8960074
                    ]
                },
                "properties": {
                    "name": "Gino's East",
                    "address": "162 E Superior St, Chicago, IL 60611",
                    "reviews": ""
                }
            },
            {
                "type": "Feature",
                "geometry": {
                    "type": "Point",
                    "coordinates": [
                        -87.6028356,
                        41.8913281
                    ]
                },
                "properties": {
                    "name": "Lirica",
                    "address": "900 E Grand Ave, Chicago, IL 60611",
                    "reviews": ""
                }
            },
            {
                "type": "Feature",
                "geometry": {
                    "type": "Point",
                    "coordinates": [
                        -87.6213583,
                        41.8910642
                    ]
                },
                "properties": {
                    "name": "Qiao Lin Hotpot",
                    "address": "210 E Illinois St, Chicago, IL 60611",
                    "reviews": ""
                }
            },
            {
                "type": "Feature",
                "geometry": {
                    "type": "Point",
                    "coordinates": [
                        -87.6231997,
                        41.894538
                    ]
                },
                "properties": {
                    "name": "Ramen San",
                    "address": "165 E Huron St, Chicago, IL 60611",
                    "reviews": "try edamame hummus"
                }
            },
            {
                "type": "Feature",
                "geometry": {
                    "type": "Point",
                    "coordinates": [
                        -87.6215145,
                        41.894002
                    ]
                },
                "properties": {
                    "name": "Do-Rite",
                    "address": "233 E Erie St, Chicago, IL 60611",
                    "reviews": ""
                }
            },
            {
                "type": "Feature",
                "geometry": {
                    "type": "Point",
                    "coordinates": [
                        -87.6247284,
                        41.8895686
                    ]
                },
                "properties": {
                    "name": "Ghirardelli",
                    "address": "400 N Michigan Ave, Chicago, IL 60611",
                    "reviews": ""
                }
            },
            {
                "type": "Feature",
                "geometry": {
                    "type": "Point",
                    "coordinates": [
                        -87.6207448,
                        41.8935237
                    ]
                },
                "properties": {
                    "name": "Sweet Mandy B's",
                    "address": "254 E Ontario St, Chicago, IL 60611",
                    "reviews": ""
                }
            },
            {
                "type": "Feature",
                "geometry": {
                    "type": "Point",
                    "coordinates": [
                        -87.6555863,
                        41.963009
                    ]
                },
                "properties": {
                    "name": "Drink & Ink",
                    "address": "4443 N Broadway, Chicago, IL 60640",
                    "reviews": "livestream of people getting tattoos next door"
                }
            },
            {
                "type": "Feature",
                "geometry": {
                    "type": "Point",
                    "coordinates": [
                        -87.6665621,
                        41.96223
                    ]
                },
                "properties": {
                    "name": "My Buddy's",
                    "address": "4416 N Clark St, Chicago, IL 60640",
                    "reviews": ""
                }
            },
            {
                "type": "Feature",
                "geometry": {
                    "type": "Point",
                    "coordinates": [
                        -87.6355989,
                        41.9646841
                    ]
                },
                "properties": {
                    "name": "Montrose Beach",
                    "address": "4400 N Lake Shore Dr, Chicago, IL 60640",
                    "reviews": ""
                }
            },
            {
                "type": "Feature",
                "geometry": {
                    "type": "Point",
                    "coordinates": [
                        -87.6598913,
                        41.9691831
                    ]
                },
                "properties": {
                    "name": "Green Mill",
                    "address": "4802 N Broadway, Chicago, IL 60640",
                    "reviews": "One of the oldest speakeasys in Chicago, plays jazz music"
                }
            },
            {
                "type": "Feature",
                "geometry": {
                    "type": "Point",
                    "coordinates": [
                        -87.6666692,
                        41.9660128
                    ]
                },
                "properties": {
                    "name": "Haitian American Museum of Chicago",
                    "address": "4623 N Clark St, Chicago, IL 60640",
                    "reviews": ""
                }
            },
            {
                "type": "Feature",
                "geometry": {
                    "type": "Point",
                    "coordinates": [
                        -87.6675211,
                        41.9684425
                    ]
                },
                "properties": {
                    "name": "BadaBing Wings Zone",
                    "address": "4754 N Clark St, Chicago, IL 60640",
                    "reviews": "rec'd by tiktok, best wings in chicago"
                }
            },
            {
                "type": "Feature",
                "geometry": {
                    "type": "Point",
                    "coordinates": [
                        -87.6561851,
                        41.9734126
                    ]
                },
                "properties": {
                    "name": "Nha Hang",
                    "address": "1032 W Argyle St, Chicago, IL 60640",
                    "reviews": "Pho looked good on TikTok"
                }
            },
            {
                "type": "Feature",
                "geometry": {
                    "type": "Point",
                    "coordinates": [
                        -87.6591442,
                        41.9723044
                    ]
                },
                "properties": {
                    "name": "YooYee",
                    "address": "4925 N Broadway, Chicago, IL 60640",
                    "reviews": ""
                }
            },
            {
                "type": "Feature",
                "geometry": {
                    "type": "Point",
                    "coordinates": [
                        -87.6787943,
                        41.9430031
                    ]
                },
                "properties": {
                    "name": "Kitsch'n on Roscoe",
                    "address": "2005 W Roscoe St, Chicago, IL 60618",
                    "reviews": ""
                }
            },
            {
                "type": "Feature",
                "geometry": {
                    "type": "Point",
                    "coordinates": [
                        -87.6789453,
                        41.9325286
                    ]
                },
                "properties": {
                    "name": "Hexe Coffee Co",
                    "address": "2000 W Diversey Pkwy, Chicago, IL 60614",
                    "reviews": "chill coffee shop with a patio"
                }
            },
            {
                "type": "Feature",
                "geometry": {
                    "type": "Point",
                    "coordinates": [
                        -87.6702495,
                        41.939757
                    ]
                },
                "properties": {
                    "name": "Scooter's Frozen Custard",
                    "address": "1658 W Belmont Ave, Chicago, IL 60657",
                    "reviews": ""
                }
            },
            {
                "type": "Feature",
                "geometry": {
                    "type": "Point",
                    "coordinates": [
                        -87.6518093,
                        41.8874771
                    ]
                },
                "properties": {
                    "name": "Rooftop Cinema Club",
                    "address": "311 N Morgan St, Chicago, IL 60607",
                    "reviews": "outdoor movie theater"
                }
            },
            {
                "type": "Feature",
                "geometry": {
                    "type": "Point",
                    "coordinates": [
                        -87.6522418,
                        41.885325
                    ]
                },
                "properties": {
                    "name": "Federales",
                    "address": "180 N Morgan St, Chicago, IL 60607",
                    "reviews": "rec'd by multiple people"
                }
            },
            {
                "type": "Feature",
                "geometry": {
                    "type": "Point",
                    "coordinates": [
                        -87.6482573,
                        41.8837644
                    ]
                },
                "properties": {
                    "name": "Fox Bar",
                    "address": "113 N Green St, Chicago, IL 60607",
                    "reviews": ""
                }
            },
            {
                "type": "Feature",
                "geometry": {
                    "type": "Point",
                    "coordinates": [
                        -87.6535862,
                        41.8853338
                    ]
                },
                "properties": {
                    "name": "Inkwell",
                    "address": "1039 W Lake St, Chicago, IL 60607",
                    "reviews": ""
                }
            },
            {
                "type": "Feature",
                "geometry": {
                    "type": "Point",
                    "coordinates": [
                        -87.6451298,
                        41.8859113
                    ]
                },
                "properties": {
                    "name": "Moneygun",
                    "address": "660 W Lake St, Chicago, IL 60661",
                    "reviews": "rec'd by multiple people"
                }
            },
            {
                "type": "Feature",
                "geometry": {
                    "type": "Point",
                    "coordinates": [
                        -87.6492839,
                        41.8892101
                    ]
                },
                "properties": {
                    "name": "Recess",
                    "address": "838 W Kinzie St, Chicago, IL 60607",
                    "reviews": "rec'd by multiple people"
                }
            },
            {
                "type": "Feature",
                "geometry": {
                    "type": "Point",
                    "coordinates": [
                        -87.6559723,
                        41.8831528
                    ]
                },
                "properties": {
                    "name": "The Press Room",
                    "address": "1134 W Washington Blvd, Chicago, IL 60607",
                    "reviews": "basement speakeasy"
                }
            },
            {
                "type": "Feature",
                "geometry": {
                    "type": "Point",
                    "coordinates": [
                        -87.6518093,
                        41.8874771
                    ]
                },
                "properties": {
                    "name": "Fora",
                    "address": "311 N Morgan St, Chicago, IL 60607",
                    "reviews": "$30 bottomless mimosas"
                }
            },
            {
                "type": "Feature",
                "geometry": {
                    "type": "Point",
                    "coordinates": [
                        -87.642651,
                        41.885325
                    ]
                },
                "properties": {
                    "name": "Wishbone",
                    "address": "161 N Jefferson St, Chicago, IL 60661",
                    "reviews": ""
                }
            },
            {
                "type": "Feature",
                "geometry": {
                    "type": "Point",
                    "coordinates": [
                        -87.6500401,
                        41.8862659
                    ]
                },
                "properties": {
                    "name": "Good Ambler",
                    "address": "216 N Peoria St, Chicago, IL 60607",
                    "reviews": ""
                }
            },
            {
                "type": "Feature",
                "geometry": {
                    "type": "Point",
                    "coordinates": [
                        -87.6528669,
                        41.8854038
                    ]
                },
                "properties": {
                    "name": "Matcha Cita",
                    "address": "1017 W Lake St, Chicago, IL 60607",
                    "reviews": ""
                }
            },
            {
                "type": "Feature",
                "geometry": {
                    "type": "Point",
                    "coordinates": [
                        -87.6482573,
                        41.8837644
                    ]
                },
                "properties": {
                    "name": "The Allis",
                    "address": "113 N Green St, Chicago, IL 60607",
                    "reviews": ""
                }
            },
            {
                "type": "Feature",
                "geometry": {
                    "type": "Point",
                    "coordinates": [
                        -87.6517588,
                        41.8868857
                    ]
                },
                "properties": {
                    "name": "Blind Barber",
                    "address": "948 W Fulton St, Chicago, IL 60607",
                    "reviews": "70s-themed bar\nHidden entrance speakeasy\nrec'd by multiple people\nI (Allen) like it"
                }
            },
            {
                "type": "Feature",
                "geometry": {
                    "type": "Point",
                    "coordinates": [
                        -87.647215,
                        41.8848397
                    ]
                },
                "properties": {
                    "name": "Esco Bar",
                    "address": "738 W Couch Place, Chicago, IL 60661",
                    "reviews": ""
                }
            },
            {
                "type": "Feature",
                "geometry": {
                    "type": "Point",
                    "coordinates": [
                        -87.6501144,
                        41.8841206
                    ]
                },
                "properties": {
                    "name": "Good Night John Boy",
                    "address": "905 W Randolph St, Chicago, IL 60607",
                    "reviews": "$20 cover fee for men"
                }
            },
            {
                "type": "Feature",
                "geometry": {
                    "type": "Point",
                    "coordinates": [
                        -87.6559738,
                        41.8806022
                    ]
                },
                "properties": {
                    "name": "WNDR Museum",
                    "address": "1130 W Monroe St, Chicago, IL 60607",
                    "reviews": "interactive museum"
                }
            },
            {
                "type": "Feature",
                "geometry": {
                    "type": "Point",
                    "coordinates": [
                        -87.6488726,
                        41.8870188
                    ]
                },
                "properties": {
                    "name": "Aba",
                    "address": "302 N Green St, Chicago, IL 60607",
                    "reviews": "Mediterranean food"
                }
            },
            {
                "type": "Feature",
                "geometry": {
                    "type": "Point",
                    "coordinates": [
                        -87.6423192,
                        41.8846933
                    ]
                },
                "properties": {
                    "name": "Alla Vita",
                    "address": "564 W Randolph St, Chicago, IL 60661",
                    "reviews": ""
                }
            },
            {
                "type": "Feature",
                "geometry": {
                    "type": "Point",
                    "coordinates": [
                        -87.6476231,
                        41.8787225
                    ]
                },
                "properties": {
                    "name": "Athena",
                    "address": "212 S Halsted St, Chicago, IL 60661",
                    "reviews": ""
                }
            },
            {
                "type": "Feature",
                "geometry": {
                    "type": "Point",
                    "coordinates": [
                        -87.6433917,
                        41.884215
                    ]
                },
                "properties": {
                    "name": "Avec",
                    "address": "615 W Randolph St, Chicago, IL 60661",
                    "reviews": "rec'd by multiple people"
                }
            },
            {
                "type": "Feature",
                "geometry": {
                    "type": "Point",
                    "coordinates": [
                        -87.6487499,
                        41.8847419
                    ]
                },
                "properties": {
                    "name": "Bar Siena",
                    "address": "832 W Randolph St, Chicago, IL 60607",
                    "reviews": ""
                }
            },
            {
                "type": "Feature",
                "geometry": {
                    "type": "Point",
                    "coordinates": [
                        -87.6562029,
                        41.890914
                    ]
                },
                "properties": {
                    "name": "Butterfly Sushi",
                    "address": "1139 W Grand Ave, Chicago, IL 60642",
                    "reviews": ""
                }
            },
            {
                "type": "Feature",
                "geometry": {
                    "type": "Point",
                    "coordinates": [
                        -87.6491365,
                        41.8858848
                    ]
                },
                "properties": {
                    "name": "Cabra",
                    "address": "200 N Green St, Chicago, IL 60607",
                    "reviews": "good peruvian food"
                }
            },
            {
                "type": "Feature",
                "geometry": {
                    "type": "Point",
                    "coordinates": [
                        -87.6491365,
                        41.8858848
                    ]
                },
                "properties": {
                    "name": "Cira",
                    "address": "200 N Green St, Chicago, IL 60607",
                    "reviews": "Mediterranean place"
                }
            },
            {
                "type": "Feature",
                "geometry": {
                    "type": "Point",
                    "coordinates": [
                        -87.6556331,
                        41.8913044
                    ]
                },
                "properties": {
                    "name": "D'Amato's Bakery",
                    "address": "1124 W Grand Ave, Chicago, IL 60642",
                    "reviews": ""
                }
            },
            {
                "type": "Feature",
                "geometry": {
                    "type": "Point",
                    "coordinates": [
                        -87.6594489,
                        41.8908482
                    ]
                },
                "properties": {
                    "name": "Diego Chicago Restaurant",
                    "address": "459 N Ogden Ave, Chicago, IL 60642",
                    "reviews": "good tostadas and cocktails"
                }
            },
            {
                "type": "Feature",
                "geometry": {
                    "type": "Point",
                    "coordinates": [
                        -87.6496368,
                        41.8866017
                    ]
                },
                "properties": {
                    "name": "Duck Duck Goat",
                    "address": "857 W Fulton St, Chicago, IL 60607",
                    "reviews": "chinese food"
                }
            },
            {
                "type": "Feature",
                "geometry": {
                    "type": "Point",
                    "coordinates": [
                        -87.6491707,
                        41.882868
                    ]
                },
                "properties": {
                    "name": "El Che Steakhouse & Bar",
                    "address": "845 W Washington Blvd, Chicago, IL 60607",
                    "reviews": "argentinan steakhouse"
                }
            },
            {
                "type": "Feature",
                "geometry": {
                    "type": "Point",
                    "coordinates": [
                        -87.6479388,
                        41.8841108
                    ]
                },
                "properties": {
                    "name": "Girl & The Goat",
                    "address": "809 W Randolph St, Chicago, IL 60607",
                    "reviews": ""
                }
            },
            {
                "type": "Feature",
                "geometry": {
                    "type": "Point",
                    "coordinates": [
                        -87.6489162,
                        41.8836965
                    ]
                },
                "properties": {
                    "name": "Green Street Smoked Meats",
                    "address": "112 N Green St, Chicago, IL 60607",
                    "reviews": "Becca rec'd"
                }
            },
            {
                "type": "Feature",
                "geometry": {
                    "type": "Point",
                    "coordinates": [
                        -87.6489378,
                        41.8846053
                    ]
                },
                "properties": {
                    "name": "Hide+Seek",
                    "address": "838 W Randolph St, Chicago, IL 60607",
                    "reviews": ""
                }
            },
            {
                "type": "Feature",
                "geometry": {
                    "type": "Point",
                    "coordinates": [
                        -87.6472898,
                        41.8846338
                    ]
                },
                "properties": {
                    "name": "La Josie",
                    "address": "740 W Randolph St, Chicago, IL 60661",
                    "reviews": "Mexican place"
                }
            },
            {
                "type": "Feature",
                "geometry": {
                    "type": "Point",
                    "coordinates": [
                        -87.6468381,
                        41.8910439
                    ]
                },
                "properties": {
                    "name": "La Scarola",
                    "address": "721 W Grand Ave, Chicago, IL 60654",
                    "reviews": ""
                }
            },
            {
                "type": "Feature",
                "geometry": {
                    "type": "Point",
                    "coordinates": [
                        -87.6499579,
                        41.8846081
                    ]
                },
                "properties": {
                    "name": "Lena Brava",
                    "address": "900 W Randolph St, Chicago, IL 60607",
                    "reviews": ""
                }
            },
            {
                "type": "Feature",
                "geometry": {
                    "type": "Point",
                    "coordinates": [
                        -87.6494793,
                        41.8846791
                    ]
                },
                "properties": {
                    "name": "Nobu",
                    "address": "854 W Randolph St, Chicago, IL 60607",
                    "reviews": ""
                }
            },
            {
                "type": "Feature",
                "geometry": {
                    "type": "Point",
                    "coordinates": [
                        -87.6507162,
                        41.8841395
                    ]
                },
                "properties": {
                    "name": "Nonna's Pizza",
                    "address": "925 W Randolph St, Chicago, IL 60607",
                    "reviews": ""
                }
            },
            {
                "type": "Feature",
                "geometry": {
                    "type": "Point",
                    "coordinates": [
                        -87.6488895,
                        41.8834763
                    ]
                },
                "properties": {
                    "name": "Parlor Pizza",
                    "address": "108 N Green St, Chicago, IL 60607",
                    "reviews": "rec'd by multiple people"
                }
            },
            {
                "type": "Feature",
                "geometry": {
                    "type": "Point",
                    "coordinates": [
                        -87.656636,
                        41.886873
                    ]
                },
                "properties": {
                    "name": "Pasta Veneta",
                    "address": "1154 W Fulton St, Chicago, IL 60607",
                    "reviews": ""
                }
            },
            {
                "type": "Feature",
                "geometry": {
                    "type": "Point",
                    "coordinates": [
                        -87.658064,
                        41.8908383
                    ]
                },
                "properties": {
                    "name": "PIZZ'AMICI",
                    "address": "1215 W Grand Ave, Chicago, IL 60642",
                    "reviews": ""
                }
            },
            {
                "type": "Feature",
                "geometry": {
                    "type": "Point",
                    "coordinates": [
                        -87.648315,
                        41.8866396
                    ]
                },
                "properties": {
                    "name": "Ramen Wasabi ",
                    "address": "819 W Fulton St, Chicago, IL 60607",
                    "reviews": ""
                }
            },
            {
                "type": "Feature",
                "geometry": {
                    "type": "Point",
                    "coordinates": [
                        -87.6607741,
                        41.8817715
                    ]
                },
                "properties": {
                    "name": "Ranalli\u2019s Pizza",
                    "address": "1326 W Madison St, Chicago, IL 60607",
                    "reviews": ""
                }
            },
            {
                "type": "Feature",
                "geometry": {
                    "type": "Point",
                    "coordinates": [
                        -87.6392607,
                        41.8786908
                    ]
                },
                "properties": {
                    "name": "Robinson's No. 1 Ribs",
                    "address": "225 S Canal St, Chicago, IL 60606",
                    "reviews": ""
                }
            },
            {
                "type": "Feature",
                "geometry": {
                    "type": "Point",
                    "coordinates": [
                        -87.6471409,
                        41.8848366
                    ]
                },
                "properties": {
                    "name": "ROOP",
                    "address": "736 W Randolph St, Chicago, IL 60661",
                    "reviews": "indian place"
                }
            },
            {
                "type": "Feature",
                "geometry": {
                    "type": "Point",
                    "coordinates": [
                        -87.6452476,
                        41.8859587
                    ]
                },
                "properties": {
                    "name": "SUNNYGUN",
                    "address": "664 W Lake St, Chicago, IL 60661",
                    "reviews": ""
                }
            },
            {
                "type": "Feature",
                "geometry": {
                    "type": "Point",
                    "coordinates": [
                        -87.6518093,
                        41.8874771
                    ]
                },
                "properties": {
                    "name": "Sushi by Bou",
                    "address": "311 N Morgan St, Chicago, IL 60607",
                    "reviews": ""
                }
            },
            {
                "type": "Feature",
                "geometry": {
                    "type": "Point",
                    "coordinates": [
                        -87.6477689,
                        41.877817
                    ]
                },
                "properties": {
                    "name": "Taco Burrito King",
                    "address": "811 W Jackson Blvd, Chicago, IL 60607",
                    "reviews": "Trey's fav burrito"
                }
            },
            {
                "type": "Feature",
                "geometry": {
                    "type": "Point",
                    "coordinates": [
                        -87.6499577,
                        41.8839497
                    ]
                },
                "properties": {
                    "name": "Tacombi",
                    "address": "126 N Peoria St, Chicago, IL 60607",
                    "reviews": "amazing birria tacos"
                }
            },
            {
                "type": "Feature",
                "geometry": {
                    "type": "Point",
                    "coordinates": [
                        -87.6431533,
                        41.884058
                    ]
                },
                "properties": {
                    "name": "Primitive",
                    "address": "130 N Jefferson St, Chicago, IL 60661",
                    "reviews": "Cool antique store with artifacts in it"
                }
            },
            {
                "type": "Feature",
                "geometry": {
                    "type": "Point",
                    "coordinates": [
                        -87.6520198,
                        41.8852667
                    ]
                },
                "properties": {
                    "name": "Do-Rite",
                    "address": "181 N Morgan St, Chicago, IL 60607",
                    "reviews": ""
                }
            },
            {
                "type": "Feature",
                "geometry": {
                    "type": "Point",
                    "coordinates": [
                        -87.6505169,
                        41.8841612
                    ]
                },
                "properties": {
                    "name": "Jeni's Splendid Ice Cream",
                    "address": "908 W Randolph St, Chicago, IL 60607",
                    "reviews": "rec'd by multiple people"
                }
            },
            {
                "type": "Feature",
                "geometry": {
                    "type": "Point",
                    "coordinates": [
                        -87.6986968,
                        41.9974936
                    ]
                },
                "properties": {
                    "name": "Asian Homecook",
                    "address": "2739 W Devon Ave, Chicago, IL 60659",
                    "reviews": "really good rohingyan and malaysian food!"
                }
            },
            {
                "type": "Feature",
                "geometry": {
                    "type": "Point",
                    "coordinates": [
                        -87.6866529,
                        41.9004807
                    ]
                },
                "properties": {
                    "name": "Empty Bottle",
                    "address": "1035 N Western Ave, Chicago, IL 60622",
                    "reviews": "Plays indie music, punk, r&b sometimes, dive bar"
                }
            },
            {
                "type": "Feature",
                "geometry": {
                    "type": "Point",
                    "coordinates": [
                        -87.6727979,
                        41.896179
                    ]
                },
                "properties": {
                    "name": "Barcocina",
                    "address": "1814 W Chicago Ave, Chicago, IL 60622",
                    "reviews": ""
                }
            },
            {
                "type": "Feature",
                "geometry": {
                    "type": "Point",
                    "coordinates": [
                        -87.6704013,
                        41.8958892
                    ]
                },
                "properties": {
                    "name": "JJ Thai Street Food",
                    "address": "1715 W Chicago Ave, Chicago, IL 60622",
                    "reviews": "rec'd by a Thai person"
                }
            },
            {
                "type": "Feature",
                "geometry": {
                    "type": "Point",
                    "coordinates": [
                        -87.6756548,
                        41.8996921
                    ]
                },
                "properties": {
                    "name": "Kasama",
                    "address": "1001 N Winchester Ave, Chicago, IL 60622",
                    "reviews": "filipino place"
                }
            },
            {
                "type": "Feature",
                "geometry": {
                    "type": "Point",
                    "coordinates": [
                        -87.6779329,
                        41.8960887
                    ]
                },
                "properties": {
                    "name": "Lao Peng You",
                    "address": "2020 W Chicago Ave, Chicago IL 60622",
                    "reviews": ""
                }
            },
            {
                "type": "Feature",
                "geometry": {
                    "type": "Point",
                    "coordinates": [
                        -87.6784119,
                        41.9030877
                    ]
                },
                "properties": {
                    "name": "Nikko Sushi Izakaya",
                    "address": "2047 W Division St, Chicago, IL 60622",
                    "reviews": "It\u2019s incredible, all you can eat specialty rolls for $30 matcha ice cream is crazy good"
                }
            },
            {
                "type": "Feature",
                "geometry": {
                    "type": "Point",
                    "coordinates": [
                        -87.6697488,
                        41.8910777
                    ]
                },
                "properties": {
                    "name": "Uncle Mike's Place",
                    "address": "1700 W Grand Ave, Chicago, IL 60622",
                    "reviews": ""
                }
            },
            {
                "type": "Feature",
                "geometry": {
                    "type": "Point",
                    "coordinates": [
                        -87.6717167,
                        41.8957879
                    ]
                },
                "properties": {
                    "name": "Yuzu",
                    "address": "1751 W Chicago Ave, Chicago, IL 60622",
                    "reviews": ""
                }
            },
            {
                "type": "Feature",
                "geometry": {
                    "type": "Point",
                    "coordinates": [
                        -87.6767511,
                        41.8976177
                    ]
                },
                "properties": {
                    "name": "Black Dog Gelato",
                    "address": "859 N Damen Ave, Chicago, IL 60622",
                    "reviews": ""
                }
            },
            {
                "type": "Feature",
                "geometry": {
                    "type": "Point",
                    "coordinates": [
                        -87.6765997,
                        41.9103836
                    ]
                },
                "properties": {
                    "name": "Dorian's",
                    "address": "1939 W North Ave, Chicago, IL 60622",
                    "reviews": "Hidden entrance speakeasy, jazz bands\nrec'd by multiple people, Marissa too"
                }
            },
            {
                "type": "Feature",
                "geometry": {
                    "type": "Point",
                    "coordinates": [
                        -87.6762812,
                        41.9093381
                    ]
                },
                "properties": {
                    "name": "DSTRKT",
                    "address": "1540 N Milwaukee Ave, Chicago, IL 60622",
                    "reviews": "rec'd by multiple people"
                }
            },
            {
                "type": "Feature",
                "geometry": {
                    "type": "Point",
                    "coordinates": [
                        -87.6766328,
                        41.9034362
                    ]
                },
                "properties": {
                    "name": "Easy Bar",
                    "address": "1944 W Division St, Chicago, IL 60622",
                    "reviews": "Cheap happy hours"
                }
            },
            {
                "type": "Feature",
                "geometry": {
                    "type": "Point",
                    "coordinates": [
                        -87.6718481,
                        41.9064541
                    ]
                },
                "properties": {
                    "name": "Emporium Arcade Bar",
                    "address": "1366 N Milwaukee Ave, Chicago, IL 60622",
                    "reviews": ""
                }
            },
            {
                "type": "Feature",
                "geometry": {
                    "type": "Point",
                    "coordinates": [
                        -87.6699648,
                        41.9104176
                    ]
                },
                "properties": {
                    "name": "Louie's Pub",
                    "address": "1659 W North Ave, Chicago, IL 60622",
                    "reviews": "karaoke, free popcorn"
                }
            },
            {
                "type": "Feature",
                "geometry": {
                    "type": "Point",
                    "coordinates": [
                        -87.6866236,
                        41.9160608
                    ]
                },
                "properties": {
                    "name": "Remedy",
                    "address": "1910 N Milwaukee Ave, Chicago, IL 60647",
                    "reviews": "cozy vibes, candlelit tables"
                }
            },
            {
                "type": "Feature",
                "geometry": {
                    "type": "Point",
                    "coordinates": [
                        -87.669077,
                        41.9047288
                    ]
                },
                "properties": {
                    "name": "Revolver",
                    "address": "1270 N Milwaukee Ave, Chicago, IL 60622",
                    "reviews": ""
                }
            },
            {
                "type": "Feature",
                "geometry": {
                    "type": "Point",
                    "coordinates": [
                        -87.677524,
                        41.910611
                    ]
                },
                "properties": {
                    "name": "Barnes and Noble",
                    "address": "1601 N Milwaukee Ave, Chicago, IL 60647",
                    "reviews": "rec'd by multiple people"
                }
            },
            {
                "type": "Feature",
                "geometry": {
                    "type": "Point",
                    "coordinates": [
                        -87.6871447,
                        41.9153773
                    ]
                },
                "properties": {
                    "name": "Challengers Comics",
                    "address": "1845 N Western Ave, Chicago, IL 60647",
                    "reviews": ""
                }
            },
            {
                "type": "Feature",
                "geometry": {
                    "type": "Point",
                    "coordinates": [
                        -87.6768908,
                        41.9098468
                    ]
                },
                "properties": {
                    "name": "Myopic Books",
                    "address": "1564 N Milwaukee Ave, Chicago, IL 60622",
                    "reviews": "sell used books and comic books"
                }
            },
            {
                "type": "Feature",
                "geometry": {
                    "type": "Point",
                    "coordinates": [
                        -87.6747799,
                        41.9107231
                    ]
                },
                "properties": {
                    "name": "Quimby's",
                    "address": "1854 W North Ave, Chicago, IL 60622",
                    "reviews": "has local diy zines"
                }
            },
            {
                "type": "Feature",
                "geometry": {
                    "type": "Point",
                    "coordinates": [
                        -87.678747,
                        41.9110591
                    ]
                },
                "properties": {
                    "name": "Sheep Cult Comics",
                    "address": "1632 N Milwaukee Ave, Chicago, IL 60647",
                    "reviews": "REALLY COOL decor and comics"
                }
            },
            {
                "type": "Feature",
                "geometry": {
                    "type": "Point",
                    "coordinates": [
                        -87.6749167,
                        41.9084486
                    ]
                },
                "properties": {
                    "name": "Bongo Room",
                    "address": "1470 N Milwaukee Ave, Chicago, IL 60622",
                    "reviews": ""
                }
            },
            {
                "type": "Feature",
                "geometry": {
                    "type": "Point",
                    "coordinates": [
                        -87.6772965,
                        41.909438
                    ]
                },
                "properties": {
                    "name": "Dove's Luncheonette",
                    "address": "1545 N Damen Ave, Chicago, IL 60622",
                    "reviews": "Allen: nice little brunch place"
                }
            },
            {
                "type": "Feature",
                "geometry": {
                    "type": "Point",
                    "coordinates": [
                        -87.6870717,
                        41.9158148
                    ]
                },
                "properties": {
                    "name": "Le Caf\u00e9 Station",
                    "address": "1901 N Western Ave, Chicago, IL 60647",
                    "reviews": "Allen: good sandwiches and wraps"
                }
            },
            {
                "type": "Feature",
                "geometry": {
                    "type": "Point",
                    "coordinates": [
                        -87.6832788,
                        41.9144268
                    ]
                },
                "properties": {
                    "name": "Ipsento 606",
                    "address": "1813 N Milwaukee Ave, Chicago, IL 60647",
                    "reviews": ""
                }
            },
            {
                "type": "Feature",
                "geometry": {
                    "type": "Point",
                    "coordinates": [
                        -87.6877717,
                        41.9172913
                    ]
                },
                "properties": {
                    "name": "Snakes & Lattes ",
                    "address": "1965 N Milwaukee Ave, Chicago, IL 60647",
                    "reviews": "rec'd by multiple people, including tiktok"
                }
            },
            {
                "type": "Feature",
                "geometry": {
                    "type": "Point",
                    "coordinates": [
                        -87.6746888,
                        41.9083283
                    ]
                },
                "properties": {
                    "name": "Wormhole Coffee",
                    "address": "1462 N Milwaukee Ave, Chicago, IL 60622",
                    "reviews": ""
                }
            },
            {
                "type": "Feature",
                "geometry": {
                    "type": "Point",
                    "coordinates": [
                        -87.6870803,
                        41.9177
                    ]
                },
                "properties": {
                    "name": "Arturo's Tacos",
                    "address": "2001 N Western Ave, Chicago, IL 60647",
                    "reviews": ""
                }
            },
            {
                "type": "Feature",
                "geometry": {
                    "type": "Point",
                    "coordinates": [
                        -87.6737117,
                        41.9124814
                    ]
                },
                "properties": {
                    "name": "Club Lucky",
                    "address": "1824 W Wabansia Ave, Chicago, IL 60622",
                    "reviews": ""
                }
            },
            {
                "type": "Feature",
                "geometry": {
                    "type": "Point",
                    "coordinates": [
                        -87.6684824,
                        41.9049712
                    ]
                },
                "properties": {
                    "name": "Iron Age",
                    "address": "1265 N Milwaukee Ave, Chicago, IL 60622",
                    "reviews": "Korean bbq, Trey's fav restaurant"
                }
            },
            {
                "type": "Feature",
                "geometry": {
                    "type": "Point",
                    "coordinates": [
                        -87.687083,
                        41.9178948
                    ]
                },
                "properties": {
                    "name": "Manchamanteles",
                    "address": "2009 N Western Ave, Chicago, IL 60647",
                    "reviews": ""
                }
            },
            {
                "type": "Feature",
                "geometry": {
                    "type": "Point",
                    "coordinates": [
                        -87.6672878,
                        41.9071316
                    ]
                },
                "properties": {
                    "name": "Mott St",
                    "address": "1401 N Ashland Ave, Chicago, IL 60622",
                    "reviews": "Rec'd by Marissa"
                }
            },
            {
                "type": "Feature",
                "geometry": {
                    "type": "Point",
                    "coordinates": [
                        -87.6719877,
                        41.9071866
                    ]
                },
                "properties": {
                    "name": "Oiistar",
                    "address": "1385 N Milwaukee Ave, Chicago, IL 60622",
                    "reviews": ""
                }
            },
            {
                "type": "Feature",
                "geometry": {
                    "type": "Point",
                    "coordinates": [
                        -87.6756349,
                        41.9101888
                    ]
                },
                "properties": {
                    "name": "Paradise Park Pizza",
                    "address": "1913 W North Ave, Chicago, IL 60622",
                    "reviews": "Allen: Food's pretty good"
                }
            },
            {
                "type": "Feature",
                "geometry": {
                    "type": "Point",
                    "coordinates": [
                        -87.6776238,
                        41.9101378
                    ]
                },
                "properties": {
                    "name": "Paulie Gee's Pizza",
                    "address": "1566 N Damen Ave, Chicago, IL 60622",
                    "reviews": ""
                }
            },
            {
                "type": "Feature",
                "geometry": {
                    "type": "Point",
                    "coordinates": [
                        -87.6892277,
                        41.9174239
                    ]
                },
                "properties": {
                    "name": "Redhot Ranch",
                    "address": "2449 W Armitage Ave, Chicago, IL 60647",
                    "reviews": ""
                }
            },
            {
                "type": "Feature",
                "geometry": {
                    "type": "Point",
                    "coordinates": [
                        -87.6751445,
                        41.9034515
                    ]
                },
                "properties": {
                    "name": "Sushi Taku",
                    "address": "1904 W Division St, Chicago, IL 60622",
                    "reviews": ""
                }
            },
            {
                "type": "Feature",
                "geometry": {
                    "type": "Point",
                    "coordinates": [
                        -87.6876014,
                        41.9159285
                    ]
                },
                "properties": {
                    "name": "Sweet Rice",
                    "address": "1904 N Western Ave, Chicago, IL 60647",
                    "reviews": "Allen: good Korean and Thai food"
                }
            },
            {
                "type": "Feature",
                "geometry": {
                    "type": "Point",
                    "coordinates": [
                        -87.6767635,
                        41.909658
                    ]
                },
                "properties": {
                    "name": "Taxim",
                    "address": "1558 N Milwaukee Ave, Chicago, IL 60622",
                    "reviews": ""
                }
            },
            {
                "type": "Feature",
                "geometry": {
                    "type": "Point",
                    "coordinates": [
                        -87.678713,
                        41.9103787
                    ]
                },
                "properties": {
                    "name": "Happy Belated Clothing",
                    "address": "2025 W North Ave, Chicago, IL 60647",
                    "reviews": "secondhand japan clothes, $10/lb"
                }
            },
            {
                "type": "Feature",
                "geometry": {
                    "type": "Point",
                    "coordinates": [
                        -87.6735333,
                        41.9081268
                    ]
                },
                "properties": {
                    "name": "Layers Chicago",
                    "address": "1437 N Milwaukee Ave, Chicago, IL 60622",
                    "reviews": "has jerseys and jackets"
                }
            },
            {
                "type": "Feature",
                "geometry": {
                    "type": "Point",
                    "coordinates": [
                        -87.6758005,
                        41.9092049
                    ]
                },
                "properties": {
                    "name": "Una Mae's",
                    "address": "1528 N Milwaukee Ave, Chicago, IL 60622",
                    "reviews": "has vintage clothes"
                }
            },
            {
                "type": "Feature",
                "geometry": {
                    "type": "Point",
                    "coordinates": [
                        -87.6900281,
                        41.918122
                    ]
                },
                "properties": {
                    "name": "Vlillage Discount Outlet",
                    "address": "2032 N Milwaukee Ave, Chicago, IL 60647, United States",
                    "reviews": "good sports clothes finds"
                }
            },
            {
                "type": "Feature",
                "geometry": {
                    "type": "Point",
                    "coordinates": [
                        -87.6773204,
                        41.9099585
                    ]
                },
                "properties": {
                    "name": "Wanna Vintage",
                    "address": "1555 N Milwaukee Ave, Chicago, IL 60622",
                    "reviews": "y2k clothes"
                }
            },
            {
                "type": "Feature",
                "geometry": {
                    "type": "Point",
                    "coordinates": [
                        -87.6876333,
                        41.9173701
                    ]
                },
                "properties": {
                    "name": "Margie's Candies",
                    "address": "1960 N Western Ave, Chicago, IL 60647",
                    "reviews": ""
                }
            },
            {
                "type": "Feature",
                "geometry": {
                    "type": "Point",
                    "coordinates": [
                        -87.6843,
                        42.0744348
                    ]
                },
                "properties": {
                    "name": "Baha'i House of Worship",
                    "address": "100 Linden Ave, Wilmette, IL 60091",
                    "reviews": ""
                }
            },
            {
                "type": "Feature",
                "geometry": {
                    "type": "Point",
                    "coordinates": [
                        -87.6617673,
                        41.9472991
                    ]
                },
                "properties": {
                    "name": "Guthries",
                    "address": "1300 W Addison St, Chicago, IL 60613",
                    "reviews": "board game bar, trivia nights"
                }
            },
            {
                "type": "Feature",
                "geometry": {
                    "type": "Point",
                    "coordinates": [
                        -87.6642195,
                        41.9475431
                    ]
                },
                "properties": {
                    "name": "Cafe Tola",
                    "address": "3612 N Southport Ave, Chicago, IL 60613",
                    "reviews": ""
                }
            },
            {
                "type": "Feature",
                "geometry": {
                    "type": "Point",
                    "coordinates": [
                        -87.6590034,
                        41.9497837
                    ]
                },
                "properties": {
                    "name": "smartbar",
                    "address": "3730 N Clark St, Chicago, IL 60613",
                    "reviews": "techno/house music, open until 4am on weekends"
                }
            },
            {
                "type": "Feature",
                "geometry": {
                    "type": "Point",
                    "coordinates": [
                        -87.6556426,
                        41.9464066
                    ]
                },
                "properties": {
                    "name": "Tin Roof",
                    "address": "3519 N Clark St, Chicago, IL 60657",
                    "reviews": "Allen: Lively bar, good dj and dance floor"
                }
            },
            {
                "type": "Feature",
                "geometry": {
                    "type": "Point",
                    "coordinates": [
                        -87.653844,
                        41.9445427
                    ]
                },
                "properties": {
                    "name": "Underground Lounge",
                    "address": "952 W Newport Ave, Chicago, IL 60657",
                    "reviews": ""
                }
            },
            {
                "type": "Feature",
                "geometry": {
                    "type": "Point",
                    "coordinates": [
                        -87.6636224,
                        41.9497027
                    ]
                },
                "properties": {
                    "name": "Music Box Theatre",
                    "address": "3733 N Southport Ave, Chicago, IL 60613",
                    "reviews": ""
                }
            },
            {
                "type": "Feature",
                "geometry": {
                    "type": "Point",
                    "coordinates": [
                        -87.6550537,
                        41.9449518
                    ]
                },
                "properties": {
                    "name": "Happy Camper",
                    "address": "3458 N Clark St, Chicago, IL 60657",
                    "reviews": ""
                }
            },
            {
                "type": "Feature",
                "geometry": {
                    "type": "Point",
                    "coordinates": [
                        -87.657429,
                        41.9484978
                    ]
                },
                "properties": {
                    "name": "Hattie B's",
                    "address": "3649 N Clark St, Chicago, IL 60613",
                    "reviews": ""
                }
            },
            {
                "type": "Feature",
                "geometry": {
                    "type": "Point",
                    "coordinates": [
                        -87.6548791,
                        41.9470866
                    ]
                },
                "properties": {
                    "name": "Do-Rite",
                    "address": "1027 W Addison St, Chicago, IL 60613",
                    "reviews": ""
                }
            }
        ]
    },
    "Food Spots": {
        "type": "FeatureCollection",
        "features": [
            {
                "type": "Feature",
                "geometry": {
                    "type": "Point",
                    "coordinates": [
                        -87.6678244,
                        41.9732449
                    ]
                },
                "properties": {
                    "name": "Meeting House",
                    "address": "5025 N Clark St, Chicago, IL 60640",
                    "reviews": "shuffleboard, billards, arcade games, popcorn"
                }
            },
            {
                "type": "Feature",
                "geometry": {
                    "type": "Point",
                    "coordinates": [
                        -87.6690501,
                        41.9833736
                    ]
                },
                "properties": {
                    "name": "Little Bad Wolf",
                    "address": "1541 W Bryn Mawr Ave, Chicago, IL 60660",
                    "reviews": ""
                }
            },
            {
                "type": "Feature",
                "geometry": {
                    "type": "Point",
                    "coordinates": [
                        -87.6679945,
                        41.981472
                    ]
                },
                "properties": {
                    "name": "Pizza Lobo",
                    "address": "5457 N Clark St, Chicago, IL 60640",
                    "reviews": ""
                }
            },
            {
                "type": "Feature",
                "geometry": {
                    "type": "Point",
                    "coordinates": [
                        -87.6688473,
                        41.9781128
                    ]
                },
                "properties": {
                    "name": "Ranalli\u2019s Pizza",
                    "address": "1512 W Berwyn Ave, Chicago, IL 60640",
                    "reviews": ""
                }
            },
            {
                "type": "Feature",
                "geometry": {
                    "type": "Point",
                    "coordinates": [
                        -87.6684015,
                        41.9731866
                    ]
                },
                "properties": {
                    "name": "Tala House",
                    "address": "5022 N Clark St, Chicago, IL 60640",
                    "reviews": ""
                }
            },
            {
                "type": "Feature",
                "geometry": {
                    "type": "Point",
                    "coordinates": [
                        -87.7053387,
                        41.9355689
                    ]
                },
                "properties": {
                    "name": "SmallBar",
                    "address": "2956 N Albany Ave, Chicago, IL 60618",
                    "reviews": "good smashburgers"
                }
            },
            {
                "type": "Feature",
                "geometry": {
                    "type": "Point",
                    "coordinates": [
                        -87.7163563,
                        41.9394475
                    ]
                },
                "properties": {
                    "name": "Late Bar",
                    "address": "3534 W Belmont Ave, Chicago, IL 60618",
                    "reviews": "goth club, open til 4am thurs-sat, cheap beer"
                }
            },
            {
                "type": "Feature",
                "geometry": {
                    "type": "Point",
                    "coordinates": [
                        -87.7022054,
                        41.9392147
                    ]
                },
                "properties": {
                    "name": "TriBecca\u2019s Sandwich Shop",
                    "address": "2949 W Belmont Ave, Chicago, IL 60618",
                    "reviews": ""
                }
            },
            {
                "type": "Feature",
                "geometry": {
                    "type": "Point",
                    "coordinates": [
                        -87.6458724,
                        41.8360071
                    ]
                },
                "properties": {
                    "name": "Four Seasons Dumpling",
                    "address": "3205 S Halsted St, Chicago, IL 60608",
                    "reviews": ""
                }
            },
            {
                "type": "Feature",
                "geometry": {
                    "type": "Point",
                    "coordinates": [
                        -87.6465082,
                        41.8343848
                    ]
                },
                "properties": {
                    "name": "JM Seafood",
                    "address": "3312 S Halsted St, Chicago, IL 60608",
                    "reviews": ""
                }
            },
            {
                "type": "Feature",
                "geometry": {
                    "type": "Point",
                    "coordinates": [
                        -87.6506951,
                        41.8346871
                    ]
                },
                "properties": {
                    "name": "Martinez",
                    "address": "3301 S Morgan St, Chicago, IL 60608",
                    "reviews": ""
                }
            },
            {
                "type": "Feature",
                "geometry": {
                    "type": "Point",
                    "coordinates": [
                        -87.6157495,
                        41.785564
                    ]
                },
                "properties": {
                    "name": "Peach\u2019s",
                    "address": "4652 S King Dr, Chicago, IL 60653",
                    "reviews": ""
                }
            },
            {
                "type": "Feature",
                "geometry": {
                    "type": "Point",
                    "coordinates": [
                        -87.6242213,
                        41.8239305
                    ]
                },
                "properties": {
                    "name": "Truth",
                    "address": "56 E Pershing Rd, Chicago, IL 60653",
                    "reviews": ""
                }
            },
            {
                "type": "Feature",
                "geometry": {
                    "type": "Point",
                    "coordinates": [
                        -87.6196874,
                        41.8309954
                    ]
                },
                "properties": {
                    "name": "Bronzeville Hoagie & Panini",
                    "address": "238 E 35th St, Chicago, IL 60616",
                    "reviews": ""
                }
            },
            {
                "type": "Feature",
                "geometry": {
                    "type": "Point",
                    "coordinates": [
                        -87.6069248,
                        41.8170758
                    ]
                },
                "properties": {
                    "name": "Cleo's Southern",
                    "address": "4248 S Cottage Grove Ave, Chicago, IL 60653",
                    "reviews": ""
                }
            },
            {
                "type": "Feature",
                "geometry": {
                    "type": "Point",
                    "coordinates": [
                        -87.6097269,
                        41.8093158
                    ]
                },
                "properties": {
                    "name": "Two Fish",
                    "address": "641 E 47th St, Chicago, IL 60653",
                    "reviews": ""
                }
            },
            {
                "type": "Feature",
                "geometry": {
                    "type": "Point",
                    "coordinates": [
                        -87.6798243,
                        41.9175899
                    ]
                },
                "properties": {
                    "name": "Map Room",
                    "address": "1949 N Hoyne Ave, Chicago, IL 60647",
                    "reviews": "good cocktail menu"
                }
            },
            {
                "type": "Feature",
                "geometry": {
                    "type": "Point",
                    "coordinates": [
                        -87.6804851,
                        41.9198721
                    ]
                },
                "properties": {
                    "name": "The Charleston",
                    "address": "2076 N Hoyne Ave, Chicago, IL 60647",
                    "reviews": "candlelit tables"
                }
            },
            {
                "type": "Feature",
                "geometry": {
                    "type": "Point",
                    "coordinates": [
                        -87.6774207,
                        41.9169911
                    ]
                },
                "properties": {
                    "name": "TRUCE",
                    "address": "1935 N Damen Ave, Chicago, IL 60647",
                    "reviews": "cozy place with coffee & cocktails"
                }
            },
            {
                "type": "Feature",
                "geometry": {
                    "type": "Point",
                    "coordinates": [
                        -87.6699335,
                        41.9159189
                    ]
                },
                "properties": {
                    "name": "Bad Butter",
                    "address": "1655 W Cortland St, Chicago, IL 60622, United States",
                    "reviews": ""
                }
            },
            {
                "type": "Feature",
                "geometry": {
                    "type": "Point",
                    "coordinates": [
                        -87.677763,
                        41.9175667
                    ]
                },
                "properties": {
                    "name": "Le Bouchon",
                    "address": "1958 N Damen Ave, Chicago, IL 60647",
                    "reviews": ""
                }
            },
            {
                "type": "Feature",
                "geometry": {
                    "type": "Point",
                    "coordinates": [
                        -87.6869291,
                        41.7794353
                    ]
                },
                "properties": {
                    "name": "Garifuna Flava",
                    "address": "2518 W 63rd St, Chicago, IL 60629",
                    "reviews": "best jerk chicken in Chicago\nrec'd by multiple people"
                }
            },
            {
                "type": "Feature",
                "geometry": {
                    "type": "Point",
                    "coordinates": [
                        -87.6317448,
                        41.8526056
                    ]
                },
                "properties": {
                    "name": "No. 18 Karaoke",
                    "address": "2201 S Wentworth Ave, Chicago, IL 60616",
                    "reviews": ""
                }
            },
            {
                "type": "Feature",
                "geometry": {
                    "type": "Point",
                    "coordinates": [
                        -87.6317869,
                        41.8520526
                    ]
                },
                "properties": {
                    "name": "Molly Tea",
                    "address": "2227 S Wentworth Ave, Chicago, IL 60616",
                    "reviews": ""
                }
            },
            {
                "type": "Feature",
                "geometry": {
                    "type": "Point",
                    "coordinates": [
                        -87.6407825,
                        41.8490781
                    ]
                },
                "properties": {
                    "name": "Connie's Pizza",
                    "address": "2373 S Archer Ave, Chicago, IL 60616",
                    "reviews": ""
                }
            },
            {
                "type": "Feature",
                "geometry": {
                    "type": "Point",
                    "coordinates": [
                        -87.6345491,
                        41.8537831
                    ]
                },
                "properties": {
                    "name": "DaiFuku Ramen",
                    "address": "2155 S China Place, Chicago, IL 60616",
                    "reviews": ""
                }
            },
            {
                "type": "Feature",
                "geometry": {
                    "type": "Point",
                    "coordinates": [
                        -87.6337648,
                        41.8538607
                    ]
                },
                "properties": {
                    "name": "Hing Kee",
                    "address": "2140 S Archer Ave, Chicago, IL 60616",
                    "reviews": "rec'd by multiple people"
                }
            },
            {
                "type": "Feature",
                "geometry": {
                    "type": "Point",
                    "coordinates": [
                        -87.6316698,
                        41.852133
                    ]
                },
                "properties": {
                    "name": "May Flower ",
                    "address": "2225 S Wentworth Ave, Chicago, IL 60616",
                    "reviews": "Get Taro Puffs"
                }
            },
            {
                "type": "Feature",
                "geometry": {
                    "type": "Point",
                    "coordinates": [
                        -87.6336975,
                        41.8539136
                    ]
                },
                "properties": {
                    "name": "MCCB Chicago",
                    "address": "2138 S Archer Ave, Chicago, IL 60616",
                    "reviews": ""
                }
            },
            {
                "type": "Feature",
                "geometry": {
                    "type": "Point",
                    "coordinates": [
                        -87.6411983,
                        41.8543163
                    ]
                },
                "properties": {
                    "name": "Qiao Lin Hotpot",
                    "address": "2105 S Jefferson St, Chicago, IL 60616",
                    "reviews": ""
                }
            },
            {
                "type": "Feature",
                "geometry": {
                    "type": "Point",
                    "coordinates": [
                        -87.6321346,
                        41.8549161
                    ]
                },
                "properties": {
                    "name": "Qing Xiang Yuan Dumplings",
                    "address": "2002 S Wentworth Ave, Chicago, IL 60616",
                    "reviews": ""
                }
            },
            {
                "type": "Feature",
                "geometry": {
                    "type": "Point",
                    "coordinates": [
                        -87.631821,
                        41.8490855
                    ]
                },
                "properties": {
                    "name": "Shinhwa Korean Steakhouse",
                    "address": "2407 S Wentworth Ave, Chicago, IL 60616, United States",
                    "reviews": ""
                }
            },
            {
                "type": "Feature",
                "geometry": {
                    "type": "Point",
                    "coordinates": [
                        -87.6318723,
                        41.8524362
                    ]
                },
                "properties": {
                    "name": "Triple Crown",
                    "address": "2217 S Wentworth Ave, Chicago, IL 60616",
                    "reviews": ""
                }
            },
            {
                "type": "Feature",
                "geometry": {
                    "type": "Point",
                    "coordinates": [
                        -87.6347783,
                        41.853672
                    ]
                },
                "properties": {
                    "name": "Mango Mango Dessert",
                    "address": "2161 S China Place, Chicago, IL 60616",
                    "reviews": ""
                }
            },
            {
                "type": "Feature",
                "geometry": {
                    "type": "Point",
                    "coordinates": [
                        -87.7514017,
                        41.9245255
                    ]
                },
                "properties": {
                    "name": "Hangry's",
                    "address": "5000 W Fullerton Ave, Chicago, IL 60639",
                    "reviews": ""
                }
            },
            {
                "type": "Feature",
                "geometry": {
                    "type": "Point",
                    "coordinates": [
                        -87.6638792,
                        41.7801417
                    ]
                },
                "properties": {
                    "name": "D\u2019s Roti & Trini Cuisine",
                    "address": "6239 S Ashland Ave, Chicago, IL 60636",
                    "reviews": ""
                }
            },
            {
                "type": "Feature",
                "geometry": {
                    "type": "Point",
                    "coordinates": [
                        -87.6829056,
                        42.0486172
                    ]
                },
                "properties": {
                    "name": "Habibi In",
                    "address": "825 Church St, Evanston, IL 60201",
                    "reviews": "Mediterranean place"
                }
            },
            {
                "type": "Feature",
                "geometry": {
                    "type": "Point",
                    "coordinates": [
                        -87.6430624,
                        41.70312
                    ]
                },
                "properties": {
                    "name": "Lior's Cafe",
                    "address": "10500 S Halsted St, Chicago, IL 60628",
                    "reviews": "Haitian restaurant"
                }
            },
            {
                "type": "Feature",
                "geometry": {
                    "type": "Point",
                    "coordinates": [
                        -87.795824,
                        41.909095
                    ]
                },
                "properties": {
                    "name": "Hacienda Memos",
                    "address": "6822 W North Ave, Chicago, IL 60707",
                    "reviews": "tiktok rec, food looks really good"
                }
            },
            {
                "type": "Feature",
                "geometry": {
                    "type": "Point",
                    "coordinates": [
                        -87.6296419,
                        41.9041965
                    ]
                },
                "properties": {
                    "name": "Butch McGuire's",
                    "address": "20 W Division St, Chicago, IL 60610",
                    "reviews": "Nice xmas decorations"
                }
            },
            {
                "type": "Feature",
                "geometry": {
                    "type": "Point",
                    "coordinates": [
                        -87.6234192,
                        41.9004207
                    ]
                },
                "properties": {
                    "name": "Coq d'Or",
                    "address": "140 E Walton Pl, Chicago, IL 60611",
                    "reviews": ""
                }
            },
            {
                "type": "Feature",
                "geometry": {
                    "type": "Point",
                    "coordinates": [
                        -87.6289034,
                        41.903856
                    ]
                },
                "properties": {
                    "name": "Gold Coast Social",
                    "address": "7 W Division St, Chicago, IL 60610",
                    "reviews": ""
                }
            },
            {
                "type": "Feature",
                "geometry": {
                    "type": "Point",
                    "coordinates": [
                        -87.6279773,
                        41.9011631
                    ]
                },
                "properties": {
                    "name": "Hugos Frog Bar",
                    "address": "1024 N Rush St, Chicago, IL 60611",
                    "reviews": "seafood place"
                }
            },
            {
                "type": "Feature",
                "geometry": {
                    "type": "Point",
                    "coordinates": [
                        -87.6296493,
                        41.9037454
                    ]
                },
                "properties": {
                    "name": "Lodge Tavern",
                    "address": "21 W Division St, Chicago, IL 60610",
                    "reviews": "Old Irish bar"
                }
            },
            {
                "type": "Feature",
                "geometry": {
                    "type": "Point",
                    "coordinates": [
                        -87.6275979,
                        41.9017838
                    ]
                },
                "properties": {
                    "name": "LUXBAR",
                    "address": "18 E Bellevue Place, Chicago, IL 60611",
                    "reviews": ""
                }
            },
            {
                "type": "Feature",
                "geometry": {
                    "type": "Point",
                    "coordinates": [
                        -87.629158,
                        41.904016
                    ]
                },
                "properties": {
                    "name": "She-nannigans",
                    "address": "16 W Division St, Chicago, IL 60610",
                    "reviews": "Dance floor w/ beer pong"
                }
            },
            {
                "type": "Feature",
                "geometry": {
                    "type": "Point",
                    "coordinates": [
                        -87.6290617,
                        41.9033723
                    ]
                },
                "properties": {
                    "name": "Sparrow",
                    "address": "12 W Elm St, Chicago, IL 60610",
                    "reviews": "Nice cocktail bar"
                }
            },
            {
                "type": "Feature",
                "geometry": {
                    "type": "Point",
                    "coordinates": [
                        -87.6281648,
                        41.901698
                    ]
                },
                "properties": {
                    "name": "Whispers",
                    "address": "1031 N State St, Chicago, IL 60610",
                    "reviews": "On Oak St Beach"
                }
            },
            {
                "type": "Feature",
                "geometry": {
                    "type": "Point",
                    "coordinates": [
                        -87.630156,
                        41.905925
                    ]
                },
                "properties": {
                    "name": "3 Arts Club Cafe",
                    "address": "1300 N Dearborn St, Chicago, IL 60610",
                    "reviews": ""
                }
            },
            {
                "type": "Feature",
                "geometry": {
                    "type": "Point",
                    "coordinates": [
                        -87.6317404,
                        41.9098893
                    ]
                },
                "properties": {
                    "name": "PiniPico Coffee & Empanadas",
                    "address": "1538 N Clark St, Chicago, IL 60610",
                    "reviews": ""
                }
            },
            {
                "type": "Feature",
                "geometry": {
                    "type": "Point",
                    "coordinates": [
                        -87.6292505,
                        41.9033894
                    ]
                },
                "properties": {
                    "name": "The Hangge-Uppe",
                    "address": "14 W Elm St, Chicago, IL 60610",
                    "reviews": "Lit, lots of dancing"
                }
            },
            {
                "type": "Feature",
                "geometry": {
                    "type": "Point",
                    "coordinates": [
                        -87.6296321,
                        41.9040088
                    ]
                },
                "properties": {
                    "name": "The Original Mother's",
                    "address": "26 W Division St, Chicago, IL 60610",
                    "reviews": ""
                }
            },
            {
                "type": "Feature",
                "geometry": {
                    "type": "Point",
                    "coordinates": [
                        -87.6256155,
                        41.8996454
                    ]
                },
                "properties": {
                    "name": "Aster Hall",
                    "address": "900 N Michigan Ave, Chicago, IL 60611",
                    "reviews": ""
                }
            },
            {
                "type": "Feature",
                "geometry": {
                    "type": "Point",
                    "coordinates": [
                        -87.6280668,
                        41.8978761
                    ]
                },
                "properties": {
                    "name": "Alpana",
                    "address": "831 N State St, Chicago, IL 60610",
                    "reviews": ""
                }
            },
            {
                "type": "Feature",
                "geometry": {
                    "type": "Point",
                    "coordinates": [
                        -87.6303284,
                        41.9034576
                    ]
                },
                "properties": {
                    "name": "La Storia",
                    "address": "1154 N Dearborn St, Chicago, IL 60610",
                    "reviews": ""
                }
            },
            {
                "type": "Feature",
                "geometry": {
                    "type": "Point",
                    "coordinates": [
                        -87.6260915,
                        41.9005531
                    ]
                },
                "properties": {
                    "name": "Le Colonial",
                    "address": "57 E Oak St, Chicago, IL 60611",
                    "reviews": "Upscale, French-Vietnamese fusion"
                }
            },
            {
                "type": "Feature",
                "geometry": {
                    "type": "Point",
                    "coordinates": [
                        -87.6287498,
                        41.9021359
                    ]
                },
                "properties": {
                    "name": "Maple And Ash",
                    "address": "8 W Maple St, Chicago, IL 60610",
                    "reviews": ""
                }
            },
            {
                "type": "Feature",
                "geometry": {
                    "type": "Point",
                    "coordinates": [
                        -87.6301294,
                        41.908503
                    ]
                },
                "properties": {
                    "name": "Sushi by Bou",
                    "address": "1244 N Dearborn Pkwy, Chicago, IL 60610",
                    "reviews": ""
                }
            },
            {
                "type": "Feature",
                "geometry": {
                    "type": "Point",
                    "coordinates": [
                        -87.6276623,
                        41.9014256
                    ]
                },
                "properties": {
                    "name": "Tavern on Rush",
                    "address": "1015 N Rush St, Chicago, IL 60611",
                    "reviews": "Steakhouse, complimentary champagne"
                }
            },
            {
                "type": "Feature",
                "geometry": {
                    "type": "Point",
                    "coordinates": [
                        -87.6277904,
                        41.9017317
                    ]
                },
                "properties": {
                    "name": "The Bellevue Chicago",
                    "address": "1031 N Rush St, Chicago, IL 60610",
                    "reviews": "Nice patio and cocktails"
                }
            },
            {
                "type": "Feature",
                "geometry": {
                    "type": "Point",
                    "coordinates": [
                        -87.6274764,
                        41.8997426
                    ]
                },
                "properties": {
                    "name": "Waldorf Astoria",
                    "address": "11 E Walton St, Chicago, IL 60611",
                    "reviews": ""
                }
            },
            {
                "type": "Feature",
                "geometry": {
                    "type": "Point",
                    "coordinates": [
                        -87.6176359,
                        41.758231
                    ]
                },
                "properties": {
                    "name": "Lem's Bar B-Q ",
                    "address": "311 E 75th St, Chicago, IL 60619",
                    "reviews": "\"Best ribs in Chicago\""
                }
            },
            {
                "type": "Feature",
                "geometry": {
                    "type": "Point",
                    "coordinates": [
                        -87.6195953,
                        41.758152
                    ]
                },
                "properties": {
                    "name": "Soul Veg City",
                    "address": "203 E 75th St, Chicago, IL 60619",
                    "reviews": "Best vegatarian food in Chicago"
                }
            },
            {
                "type": "Feature",
                "geometry": {
                    "type": "Point",
                    "coordinates": [
                        -87.6828247,
                        41.8480033
                    ]
                },
                "properties": {
                    "name": "Bacchanalia",
                    "address": "2413 S Oakley Ave, Chicago, IL 60608",
                    "reviews": ""
                }
            },
            {
                "type": "Feature",
                "geometry": {
                    "type": "Point",
                    "coordinates": [
                        -87.7346972,
                        41.9246439
                    ]
                },
                "properties": {
                    "name": "Tacotlan",
                    "address": "4312 W Fullerton Ave, Chicago, IL 60639",
                    "reviews": "tiktok rec, food looks really good"
                }
            },
            {
                "type": "Feature",
                "geometry": {
                    "type": "Point",
                    "coordinates": [
                        -87.6910423,
                        41.9027069
                    ]
                },
                "properties": {
                    "name": "Esmeraldas Lounge",
                    "address": "2539 W Division St, Chicago, IL 60622",
                    "reviews": ""
                }
            },
            {
                "type": "Feature",
                "geometry": {
                    "type": "Point",
                    "coordinates": [
                        -87.6953041,
                        41.9026006
                    ]
                },
                "properties": {
                    "name": "La Sandwichera Cafe",
                    "address": "2721 W Division St, Chicago, IL 60622",
                    "reviews": ""
                }
            },
            {
                "type": "Feature",
                "geometry": {
                    "type": "Point",
                    "coordinates": [
                        -87.5819327,
                        41.7953689
                    ]
                },
                "properties": {
                    "name": "Cove Lounge",
                    "address": "1750 E 55th St, Chicago, IL 60615",
                    "reviews": "David went here"
                }
            },
            {
                "type": "Feature",
                "geometry": {
                    "type": "Point",
                    "coordinates": [
                        -87.5848676,
                        41.7997751
                    ]
                },
                "properties": {
                    "name": "14 Parish",
                    "address": "1644 E 53rd St, Chicago, IL 60615",
                    "reviews": "rec'd by multiple people, \none of the best in Hyde Park"
                }
            },
            {
                "type": "Feature",
                "geometry": {
                    "type": "Point",
                    "coordinates": [
                        -87.5889339,
                        41.801484
                    ]
                },
                "properties": {
                    "name": "Chemistry",
                    "address": "5121 S Harper Ave, Chicago, IL 60615",
                    "reviews": "rec'd by multiple people, \none of the best in Hyde Park"
                }
            },
            {
                "type": "Feature",
                "geometry": {
                    "type": "Point",
                    "coordinates": [
                        -87.5981129,
                        41.8097456
                    ]
                },
                "properties": {
                    "name": "Goree",
                    "address": "1126 E 47th St, Chicago, IL 60653",
                    "reviews": "west african (senegalese) food"
                }
            },
            {
                "type": "Feature",
                "geometry": {
                    "type": "Point",
                    "coordinates": [
                        -87.588764,
                        41.8004534
                    ]
                },
                "properties": {
                    "name": "Ja' Grill",
                    "address": "1510 E Harper Ct, Chicago, IL 60615",
                    "reviews": "Allen: I liked their food and cocktails"
                }
            },
            {
                "type": "Feature",
                "geometry": {
                    "type": "Point",
                    "coordinates": [
                        -87.5914046,
                        41.7992715
                    ]
                },
                "properties": {
                    "name": "Mesler",
                    "address": "1411 E 53rd St, Chicago, IL 60615",
                    "reviews": ""
                }
            },
            {
                "type": "Feature",
                "geometry": {
                    "type": "Point",
                    "coordinates": [
                        -87.6005079,
                        41.794795
                    ]
                },
                "properties": {
                    "name": "Roux",
                    "address": "1055 E 55th St, Chicago, IL 60615",
                    "reviews": ""
                }
            },
            {
                "type": "Feature",
                "geometry": {
                    "type": "Point",
                    "coordinates": [
                        -87.5893002,
                        41.7996677
                    ]
                },
                "properties": {
                    "name": "Virtue",
                    "address": "1462 E 53rd St, Chicago, IL 60615",
                    "reviews": "rec'd by multiple people, one of the best in Hyde Park"
                }
            },
            {
                "type": "Feature",
                "geometry": {
                    "type": "Point",
                    "coordinates": [
                        -87.7274967,
                        41.9459177
                    ]
                },
                "properties": {
                    "name": "Philly Bros",
                    "address": "3558 N Pulaski Rd, Chicago, IL 60641",
                    "reviews": "tiktok rec, food looks really good"
                }
            },
            {
                "type": "Feature",
                "geometry": {
                    "type": "Point",
                    "coordinates": [
                        -87.7028442,
                        41.9542487
                    ]
                },
                "properties": {
                    "name": "Raisu",
                    "address": "2958 W Irving Park Rd, Chicago, IL 60618",
                    "reviews": ""
                }
            },
            {
                "type": "Feature",
                "geometry": {
                    "type": "Point",
                    "coordinates": [
                        -87.7265701,
                        41.9539018
                    ]
                },
                "properties": {
                    "name": "Stay and Play Game Cafe",
                    "address": "3932 W Irving Park Rd, Chicago, IL 60618",
                    "reviews": "puerto rican food\n$5 games (min $10 food)"
                }
            },
            {
                "type": "Feature",
                "geometry": {
                    "type": "Point",
                    "coordinates": [
                        -87.7135805,
                        41.9678694
                    ]
                },
                "properties": {
                    "name": "Nighthawk",
                    "address": "4744 N Kimball Ave, Chicago, IL 60625",
                    "reviews": "coffee in morning & cocktails at night"
                }
            },
            {
                "type": "Feature",
                "geometry": {
                    "type": "Point",
                    "coordinates": [
                        -87.7134234,
                        41.9667536
                    ]
                },
                "properties": {
                    "name": "Arzan Cafe",
                    "address": "4702 N Kimball Ave, Chicago, IL 60625",
                    "reviews": "Central Asian food"
                }
            },
            {
                "type": "Feature",
                "geometry": {
                    "type": "Point",
                    "coordinates": [
                        -87.70953,
                        41.9686131
                    ]
                },
                "properties": {
                    "name": "Kabobi",
                    "address": "3224 W Lawrence Ave, Chicago, IL 60625",
                    "reviews": "Persian restaurant"
                }
            },
            {
                "type": "Feature",
                "geometry": {
                    "type": "Point",
                    "coordinates": [
                        -87.7081576,
                        41.9669895
                    ]
                },
                "properties": {
                    "name": "Noon O Kabab",
                    "address": "4701 N Kedzie Ave, Chicago, IL 60625",
                    "reviews": "Persian restaurant"
                }
            },
            {
                "type": "Feature",
                "geometry": {
                    "type": "Point",
                    "coordinates": [
                        -87.7155718,
                        41.9681744
                    ]
                },
                "properties": {
                    "name": "Peking Mandarin Restaurant",
                    "address": "3459 W Lawrence Ave, Chicago, IL 60625",
                    "reviews": ""
                }
            },
            {
                "type": "Feature",
                "geometry": {
                    "type": "Point",
                    "coordinates": [
                        -87.644473,
                        41.9368005
                    ]
                },
                "properties": {
                    "name": "Friar Tuck",
                    "address": "3010 N Broadway, Chicago, IL 60657",
                    "reviews": "dive bar, cheap drinks, free popcorn, arcade games"
                }
            },
            {
                "type": "Feature",
                "geometry": {
                    "type": "Point",
                    "coordinates": [
                        -87.6536605,
                        41.9337677
                    ]
                },
                "properties": {
                    "name": "Replay",
                    "address": "2833 N Sheffield Ave, Chicago, IL 60657",
                    "reviews": "arcade bar, games mostly free"
                }
            },
            {
                "type": "Feature",
                "geometry": {
                    "type": "Point",
                    "coordinates": [
                        -87.6449641,
                        41.9437924
                    ]
                },
                "properties": {
                    "name": "Ann Sather",
                    "address": "3415 N Broadway, Chicago, IL 60657",
                    "reviews": ""
                }
            },
            {
                "type": "Feature",
                "geometry": {
                    "type": "Point",
                    "coordinates": [
                        -87.6404242,
                        41.9405845
                    ]
                },
                "properties": {
                    "name": "Wake 'n Bacon",
                    "address": "420 W Belmont Ave, Chicago, IL 60657",
                    "reviews": ""
                }
            },
            {
                "type": "Feature",
                "geometry": {
                    "type": "Point",
                    "coordinates": [
                        -87.64895,
                        41.9394618
                    ]
                },
                "properties": {
                    "name": "2D Restaurant",
                    "address": "3155 N Halsted St, Chicago, IL 60657",
                    "reviews": "Inside of restaurant is 2D, looks like a dr seuss sketch"
                }
            },
            {
                "type": "Feature",
                "geometry": {
                    "type": "Point",
                    "coordinates": [
                        -87.6441562,
                        41.9361673
                    ]
                },
                "properties": {
                    "name": "Owen's Famous",
                    "address": "2945 N Broadway, Chicago, IL 60657",
                    "reviews": ""
                }
            },
            {
                "type": "Feature",
                "geometry": {
                    "type": "Point",
                    "coordinates": [
                        -87.6537664,
                        41.9346785
                    ]
                },
                "properties": {
                    "name": "Barcocina",
                    "address": "2901 N Sheffield Ave, Chicago, IL 60657",
                    "reviews": ""
                }
            },
            {
                "type": "Feature",
                "geometry": {
                    "type": "Point",
                    "coordinates": [
                        -87.6445631,
                        41.9358532
                    ]
                },
                "properties": {
                    "name": "Cesar's Killer Margaritas",
                    "address": "2924 N Broadway, Chicago, IL 60657",
                    "reviews": ""
                }
            },
            {
                "type": "Feature",
                "geometry": {
                    "type": "Point",
                    "coordinates": [
                        -87.6440403,
                        41.9372358
                    ]
                },
                "properties": {
                    "name": "Chilam Balam",
                    "address": "3023 N Broadway, Chicago, IL 60657",
                    "reviews": ""
                }
            },
            {
                "type": "Feature",
                "geometry": {
                    "type": "Point",
                    "coordinates": [
                        -87.6598109,
                        41.9331005
                    ]
                },
                "properties": {
                    "name": "Cleo's Southern",
                    "address": "2826 N Lincoln Ave, Chicago, IL 60657",
                    "reviews": ""
                }
            },
            {
                "type": "Feature",
                "geometry": {
                    "type": "Point",
                    "coordinates": [
                        -87.6444045,
                        41.9361201
                    ]
                },
                "properties": {
                    "name": "Crisp",
                    "address": "2940 N Broadway, Chicago, IL 60657",
                    "reviews": "try korean fried chicken\nrec'd by multiple people"
                }
            },
            {
                "type": "Feature",
                "geometry": {
                    "type": "Point",
                    "coordinates": [
                        -87.6632892,
                        41.9359674
                    ]
                },
                "properties": {
                    "name": "Golden Apple Grille & Breakfast House",
                    "address": "2971 N Lincoln Ave, Chicago, IL 60657",
                    "reviews": ""
                }
            },
            {
                "type": "Feature",
                "geometry": {
                    "type": "Point",
                    "coordinates": [
                        -87.6521992,
                        41.9421793
                    ]
                },
                "properties": {
                    "name": "Mia Francesca",
                    "address": "3311 N Clark St, Chicago, IL 60657",
                    "reviews": ""
                }
            },
            {
                "type": "Feature",
                "geometry": {
                    "type": "Point",
                    "coordinates": [
                        -87.6639444,
                        41.9329853
                    ]
                },
                "properties": {
                    "name": "Que Rico",
                    "address": "2814 N Southport Ave, Chicago, IL 60657",
                    "reviews": ""
                }
            },
            {
                "type": "Feature",
                "geometry": {
                    "type": "Point",
                    "coordinates": [
                        -87.646367,
                        41.934256
                    ]
                },
                "properties": {
                    "name": "Sunset Pho",
                    "address": "2856 N Clark St, Chicago, IL 60657",
                    "reviews": "viet food"
                }
            },
            {
                "type": "Feature",
                "geometry": {
                    "type": "Point",
                    "coordinates": [
                        -87.6542829,
                        41.9365578
                    ]
                },
                "properties": {
                    "name": "Tanuki Sushi & Grill",
                    "address": "3006 N Sheffield Ave, Chicago, IL 60657",
                    "reviews": ""
                }
            },
            {
                "type": "Feature",
                "geometry": {
                    "type": "Point",
                    "coordinates": [
                        -87.6526975,
                        41.9402002
                    ]
                },
                "properties": {
                    "name": "The Slice Shop",
                    "address": "928 W Belmont Ave, Chicago, IL 60657",
                    "reviews": ""
                }
            },
            {
                "type": "Feature",
                "geometry": {
                    "type": "Point",
                    "coordinates": [
                        -87.6640752,
                        41.9433087
                    ]
                },
                "properties": {
                    "name": "Tuco & Blondie",
                    "address": "3358 N Southport Ave, Chicago, IL 60657",
                    "reviews": ""
                }
            },
            {
                "type": "Feature",
                "geometry": {
                    "type": "Point",
                    "coordinates": [
                        -87.6462468,
                        41.9342365
                    ]
                },
                "properties": {
                    "name": "Tuk Tuk Thai Isan Street Food",
                    "address": "2852 N Clark St, Chicago, IL 60657",
                    "reviews": "Carb ragoons, green curry, pad see ew, pad kee mao"
                }
            },
            {
                "type": "Feature",
                "geometry": {
                    "type": "Point",
                    "coordinates": [
                        -87.6580771,
                        41.9322793
                    ]
                },
                "properties": {
                    "name": "Delilah's",
                    "address": "2771 N Lincoln Ave, Chicago, IL 60614",
                    "reviews": "billards, pinball, $1 beer Mondays!\nrec'd by multiple people"
                }
            },
            {
                "type": "Feature",
                "geometry": {
                    "type": "Point",
                    "coordinates": [
                        -87.6415061,
                        41.9329874
                    ]
                },
                "properties": {
                    "name": "Galway Bay",
                    "address": "500 W Diversey Pkwy, Chicago, IL 60614",
                    "reviews": "bilards, darts, free popcorn"
                }
            },
            {
                "type": "Feature",
                "geometry": {
                    "type": "Point",
                    "coordinates": [
                        -87.6652229,
                        41.9219018
                    ]
                },
                "properties": {
                    "name": "Kibbitznest",
                    "address": "2212 N Clybourn Ave, Chicago, IL 60614",
                    "reviews": "board game and reading cafe\nhas alc too\nfoosball table hidden in back\nrec'd by multiple people"
                }
            },
            {
                "type": "Feature",
                "geometry": {
                    "type": "Point",
                    "coordinates": [
                        -87.6263188,
                        41.914957
                    ]
                },
                "properties": {
                    "name": "Shore Club",
                    "address": "1603 N Lake Shore Drive, Chicago, IL 60614",
                    "reviews": "On North Ave Beach\nrec'd by multiple people"
                }
            },
            {
                "type": "Feature",
                "geometry": {
                    "type": "Point",
                    "coordinates": [
                        -87.6454858,
                        41.9232814
                    ]
                },
                "properties": {
                    "name": "The Dime",
                    "address": "2263 N Lincoln Ave, Chicago, IL 60614",
                    "reviews": "rec'd by multiple people"
                }
            },
            {
                "type": "Feature",
                "geometry": {
                    "type": "Point",
                    "coordinates": [
                        -87.650368,
                        41.9263612
                    ]
                },
                "properties": {
                    "name": "The Red Lion Pub",
                    "address": "2446 N Lincoln Ave, Chicago, IL 60614",
                    "reviews": "Bristish-style pub w books and WW2 memorabilia"
                }
            },
            {
                "type": "Feature",
                "geometry": {
                    "type": "Point",
                    "coordinates": [
                        -87.6415754,
                        41.9277023
                    ]
                },
                "properties": {
                    "name": "Tin Lizzie",
                    "address": "2483 N Clark St, Chicago, IL 60614",
                    "reviews": ""
                }
            },
            {
                "type": "Feature",
                "geometry": {
                    "type": "Point",
                    "coordinates": [
                        -87.6576651,
                        41.9316473
                    ]
                },
                "properties": {
                    "name": "Batter & Berries",
                    "address": "2748 N Lincoln Ave, Chicago, IL 60614",
                    "reviews": "rec'd by multiple people\nGet french toast flight"
                }
            },
            {
                "type": "Feature",
                "geometry": {
                    "type": "Point",
                    "coordinates": [
                        -87.6533302,
                        41.9218945
                    ]
                },
                "properties": {
                    "name": "Jam & Honey",
                    "address": "958 W Webster Ave, Chicago, IL 60614",
                    "reviews": ""
                }
            },
            {
                "type": "Feature",
                "geometry": {
                    "type": "Point",
                    "coordinates": [
                        -87.6426653,
                        41.9290457
                    ]
                },
                "properties": {
                    "name": "The Brunchery",
                    "address": "2552 N Clark St, Chicago, IL 60614",
                    "reviews": ""
                }
            },
            {
                "type": "Feature",
                "geometry": {
                    "type": "Point",
                    "coordinates": [
                        -87.6479066,
                        41.9256648
                    ]
                },
                "properties": {
                    "name": "Bourgeois Pig Cafe",
                    "address": "738 W Fullerton Ave, Chicago, IL 60614",
                    "reviews": "sandwiches & tea in an old row house setting"
                }
            },
            {
                "type": "Feature",
                "geometry": {
                    "type": "Point",
                    "coordinates": [
                        -87.6540447,
                        41.921464
                    ]
                },
                "properties": {
                    "name": "Olor Coffee",
                    "address": "1013 W Webster Ave, Chicago, IL 60614",
                    "reviews": ""
                }
            },
            {
                "type": "Feature",
                "geometry": {
                    "type": "Point",
                    "coordinates": [
                        -87.6492146,
                        41.928708
                    ]
                },
                "properties": {
                    "name": "Kingston Mines",
                    "address": "2548 N Halsted St, Chicago, IL 60614",
                    "reviews": "Live music, blues club, open til 4am fri+sat\nrec'd by multiple people, Marissa too"
                }
            },
            {
                "type": "Feature",
                "geometry": {
                    "type": "Point",
                    "coordinates": [
                        -87.644552,
                        41.9222566
                    ]
                },
                "properties": {
                    "name": "2AM Izakaya",
                    "address": "2218 N Lincoln Ave, Chicago, IL 60614",
                    "reviews": "get skewers, open til 2am"
                }
            },
            {
                "type": "Feature",
                "geometry": {
                    "type": "Point",
                    "coordinates": [
                        -87.653534,
                        41.918185
                    ]
                },
                "properties": {
                    "name": "Armitage Alehouse",
                    "address": "1000 W Armitage Ave, Chicago, IL 60614",
                    "reviews": ""
                }
            },
            {
                "type": "Feature",
                "geometry": {
                    "type": "Point",
                    "coordinates": [
                        -87.6477673,
                        41.9246215
                    ]
                },
                "properties": {
                    "name": "Blue Sushi Sake & Grill",
                    "address": "2351 N Lincoln Ave, Chicago, IL 60614",
                    "reviews": ""
                }
            },
            {
                "type": "Feature",
                "geometry": {
                    "type": "Point",
                    "coordinates": [
                        -87.6488891,
                        41.9189677
                    ]
                },
                "properties": {
                    "name": "Cafe Ba-Ba-Reeba",
                    "address": "2024 N Halsted St, Chicago, IL 60614",
                    "reviews": ""
                }
            },
            {
                "type": "Feature",
                "geometry": {
                    "type": "Point",
                    "coordinates": [
                        -87.6485182,
                        41.9286005
                    ]
                },
                "properties": {
                    "name": "Chengdu Impression",
                    "address": "2545 N Halsted St, Chicago, IL 60614",
                    "reviews": ""
                }
            },
            {
                "type": "Feature",
                "geometry": {
                    "type": "Point",
                    "coordinates": [
                        -87.6382086,
                        41.918414
                    ]
                },
                "properties": {
                    "name": "Evette\u2019s",
                    "address": "350 W Armitage Ave, Chicago, IL 60614",
                    "reviews": ""
                }
            },
            {
                "type": "Feature",
                "geometry": {
                    "type": "Point",
                    "coordinates": [
                        -87.6499656,
                        41.9261915
                    ]
                },
                "properties": {
                    "name": "Firefly Burger",
                    "address": "2412 N Lincoln Ave, Chicago, IL 60614",
                    "reviews": ""
                }
            },
            {
                "type": "Feature",
                "geometry": {
                    "type": "Point",
                    "coordinates": [
                        -87.6495306,
                        41.9262841
                    ]
                },
                "properties": {
                    "name": "Galit",
                    "address": "2429 N Lincoln Ave, Chicago, IL 60614",
                    "reviews": ""
                }
            },
            {
                "type": "Feature",
                "geometry": {
                    "type": "Point",
                    "coordinates": [
                        -87.6524401,
                        41.9218744
                    ]
                },
                "properties": {
                    "name": "Homeslice Pizza",
                    "address": "938 W Webster Ave, Chicago, IL 60614",
                    "reviews": ""
                }
            },
            {
                "type": "Feature",
                "geometry": {
                    "type": "Point",
                    "coordinates": [
                        -87.6420308,
                        41.9284735
                    ]
                },
                "properties": {
                    "name": "Kala",
                    "address": "2523 N Clark St, Chicago, IL 60614",
                    "reviews": ""
                }
            },
            {
                "type": "Feature",
                "geometry": {
                    "type": "Point",
                    "coordinates": [
                        -87.6626373,
                        41.9200991
                    ]
                },
                "properties": {
                    "name": "Kapitan",
                    "address": "2142 N Clybourn Ave, Chicago, IL 60614",
                    "reviews": "malaysian restaurant"
                }
            },
            {
                "type": "Feature",
                "geometry": {
                    "type": "Point",
                    "coordinates": [
                        -87.6470361,
                        41.9239399
                    ]
                },
                "properties": {
                    "name": "Mazala Pizza",
                    "address": "2312 N Lincoln Ave, Chicago, IL 60614",
                    "reviews": ""
                }
            },
            {
                "type": "Feature",
                "geometry": {
                    "type": "Point",
                    "coordinates": [
                        -87.6488951,
                        41.921151
                    ]
                },
                "properties": {
                    "name": "Medi",
                    "address": "2138 N Halsted St, Chicago, IL 60614",
                    "reviews": ""
                }
            },
            {
                "type": "Feature",
                "geometry": {
                    "type": "Point",
                    "coordinates": [
                        -87.6643863,
                        41.9219163
                    ]
                },
                "properties": {
                    "name": "Peaquod's Pizza",
                    "address": "2207 N Clybourn Ave, Chicago, IL 60614",
                    "reviews": "Chicago staple"
                }
            },
            {
                "type": "Feature",
                "geometry": {
                    "type": "Point",
                    "coordinates": [
                        -87.6370796,
                        41.9172647
                    ]
                },
                "properties": {
                    "name": "Ranalli\u2019s Pizza",
                    "address": "1925 N Lincoln Ave, Chicago, IL 60614",
                    "reviews": ""
                }
            },
            {
                "type": "Feature",
                "geometry": {
                    "type": "Point",
                    "coordinates": [
                        -87.6560539,
                        41.9182484
                    ]
                },
                "properties": {
                    "name": "Sai Cafe",
                    "address": "1114 W Armitage Ave, Chicago, IL 60614",
                    "reviews": ""
                }
            },
            {
                "type": "Feature",
                "geometry": {
                    "type": "Point",
                    "coordinates": [
                        -87.6486118,
                        41.9316592
                    ]
                },
                "properties": {
                    "name": "Sapori Trattoria",
                    "address": "2701 N Halsted St, Chicago, IL 60614",
                    "reviews": ""
                }
            },
            {
                "type": "Feature",
                "geometry": {
                    "type": "Point",
                    "coordinates": [
                        -87.6487786,
                        41.9176217
                    ]
                },
                "properties": {
                    "name": "Summer House Santa Monica",
                    "address": "1954 N Halsted St, Chicago, IL 60614",
                    "reviews": "$5 wine, $10 bottomless fries during happy hr"
                }
            },
            {
                "type": "Feature",
                "geometry": {
                    "type": "Point",
                    "coordinates": [
                        -87.6525244,
                        41.9216551
                    ]
                },
                "properties": {
                    "name": "Sushi Taku",
                    "address": "935 W Webster Ave, Chicago, IL 60614",
                    "reviews": ""
                }
            },
            {
                "type": "Feature",
                "geometry": {
                    "type": "Point",
                    "coordinates": [
                        -87.6432988,
                        41.9326539
                    ]
                },
                "properties": {
                    "name": "Tanaka Ramen",
                    "address": "553 W Diversey Pkwy, Chicago, IL 60614",
                    "reviews": ""
                }
            },
            {
                "type": "Feature",
                "geometry": {
                    "type": "Point",
                    "coordinates": [
                        -87.6438688,
                        41.9301525
                    ]
                },
                "properties": {
                    "name": "Weiner's Circle",
                    "address": "2622 N Clark St, Chicago, IL 60614",
                    "reviews": "Chicago staple"
                }
            },
            {
                "type": "Feature",
                "geometry": {
                    "type": "Point",
                    "coordinates": [
                        -87.653039,
                        41.9136386
                    ]
                },
                "properties": {
                    "name": "Yaya Mas Greek Kuzina",
                    "address": "1755 N Sheffield Ave, Chicago, IL 60614",
                    "reviews": "Best chicken souvlaki"
                }
            },
            {
                "type": "Feature",
                "geometry": {
                    "type": "Point",
                    "coordinates": [
                        -87.6488329,
                        41.9185672
                    ]
                },
                "properties": {
                    "name": "Blue Door Farm Stand",
                    "address": "2010 N Halsted St, Chicago, IL 60614",
                    "reviews": ""
                }
            },
            {
                "type": "Feature",
                "geometry": {
                    "type": "Point",
                    "coordinates": [
                        -87.6586652,
                        41.9217879
                    ]
                },
                "properties": {
                    "name": "Sweet Mandy B's",
                    "address": "1208 W Webster Ave, Chicago, IL 60614",
                    "reviews": ""
                }
            },
            {
                "type": "Feature",
                "geometry": {
                    "type": "Point",
                    "coordinates": [
                        -87.6883071,
                        41.9678009
                    ]
                },
                "properties": {
                    "name": "Gene's Sausage Shop",
                    "address": "4750 N Lincoln Ave, Chicago, IL 60625",
                    "reviews": "Has a bunch of German sausages, pastries, and alcohol"
                }
            },
            {
                "type": "Feature",
                "geometry": {
                    "type": "Point",
                    "coordinates": [
                        -87.6756563,
                        41.9616391
                    ]
                },
                "properties": {
                    "name": "Anna's Thai Kitchen",
                    "address": "1828 W Montrose Ave, Chicago, IL 60613",
                    "reviews": ""
                }
            },
            {
                "type": "Feature",
                "geometry": {
                    "type": "Point",
                    "coordinates": [
                        -87.6840759,
                        41.9612731
                    ]
                },
                "properties": {
                    "name": "Bloop Bloop",
                    "address": "2205 W Montrose Ave, Chicago, IL 60618",
                    "reviews": "$1 sushi balls"
                }
            },
            {
                "type": "Feature",
                "geometry": {
                    "type": "Point",
                    "coordinates": [
                        -87.6788751,
                        41.9676274
                    ]
                },
                "properties": {
                    "name": "Shanghai Inn",
                    "address": "4723 N Damen Ave, Chicago, IL 60625",
                    "reviews": ""
                }
            },
            {
                "type": "Feature",
                "geometry": {
                    "type": "Point",
                    "coordinates": [
                        -87.6749403,
                        41.961374
                    ]
                },
                "properties": {
                    "name": "Margie's Candies",
                    "address": "1813 W Montrose Ave, Chicago, IL 60613",
                    "reviews": ""
                }
            },
            {
                "type": "Feature",
                "geometry": {
                    "type": "Point",
                    "coordinates": [
                        -87.6627022,
                        41.8695486
                    ]
                },
                "properties": {
                    "name": "The Matcha Bar @Kurimu",
                    "address": "1424 W Taylor St, Chicago, IL 60607",
                    "reviews": ""
                }
            },
            {
                "type": "Feature",
                "geometry": {
                    "type": "Point",
                    "coordinates": [
                        -87.6940251,
                        41.9211409
                    ]
                },
                "properties": {
                    "name": "Navigator Taproom",
                    "address": "2211 N Milwaukee Ave, Chicago, IL 60647",
                    "reviews": "Drinks on tap on the wall"
                }
            },
            {
                "type": "Feature",
                "geometry": {
                    "type": "Point",
                    "coordinates": [
                        -87.7072785,
                        41.9177215
                    ]
                },
                "properties": {
                    "name": "The Moonlighter",
                    "address": "3204 W Armitage Ave, Chicago, IL 60647",
                    "reviews": ""
                }
            },
            {
                "type": "Feature",
                "geometry": {
                    "type": "Point",
                    "coordinates": [
                        -87.711343,
                        41.9133646
                    ]
                },
                "properties": {
                    "name": "Dayglow",
                    "address": "1757 N Kimball Ave, Chicago, IL 60647",
                    "reviews": ""
                }
            },
            {
                "type": "Feature",
                "geometry": {
                    "type": "Point",
                    "coordinates": [
                        -87.699928,
                        41.924632
                    ]
                },
                "properties": {
                    "name": "Gaslight Coffee",
                    "address": "2385 N Milwaukee Ave, Chicago, IL 60647",
                    "reviews": ""
                }
            },
            {
                "type": "Feature",
                "geometry": {
                    "type": "Point",
                    "coordinates": [
                        -87.7122744,
                        41.9248341
                    ]
                },
                "properties": {
                    "name": "Jibaritos y M\u00e1s",
                    "address": "3400 W Fullerton Ave, Chicago, IL 60647",
                    "reviews": "rec'd by multiple people\nauthentic PR food, Emily rec'd"
                }
            },
            {
                "type": "Feature",
                "geometry": {
                    "type": "Point",
                    "coordinates": [
                        -87.7017482,
                        41.925907
                    ]
                },
                "properties": {
                    "name": "Paulie Gee's Pizza",
                    "address": "2451 N Milwaukee Ave, Chicago, IL 60647",
                    "reviews": ""
                }
            },
            {
                "type": "Feature",
                "geometry": {
                    "type": "Point",
                    "coordinates": [
                        -87.7025415,
                        41.9251442
                    ]
                },
                "properties": {
                    "name": "Pizza Lobo",
                    "address": "3000 W Fullerton Ave, Chicago, IL 60647",
                    "reviews": ""
                }
            },
            {
                "type": "Feature",
                "geometry": {
                    "type": "Point",
                    "coordinates": [
                        -87.6915667,
                        41.9195611
                    ]
                },
                "properties": {
                    "name": "Ramen Wasabi ",
                    "address": "2101 N Milwaukee Ave, Chicago, IL 60647",
                    "reviews": ""
                }
            },
            {
                "type": "Feature",
                "geometry": {
                    "type": "Point",
                    "coordinates": [
                        -87.6965983,
                        41.9226294
                    ]
                },
                "properties": {
                    "name": "Sushi Taku",
                    "address": "2283 N Milwaukee Ave, Chicago, IL 60647",
                    "reviews": ""
                }
            },
            {
                "type": "Feature",
                "geometry": {
                    "type": "Point",
                    "coordinates": [
                        -87.6311851,
                        41.8865115
                    ]
                },
                "properties": {
                    "name": "AceBounce",
                    "address": "230 N Clark St, Chicago, IL 60601",
                    "reviews": "Ping pong bar coworkers were telling me about\nrec'd by multiple people"
                }
            },
            {
                "type": "Feature",
                "geometry": {
                    "type": "Point",
                    "coordinates": [
                        -87.6247973,
                        41.8816449
                    ]
                },
                "properties": {
                    "name": "Cindy\u2019s Rooftop",
                    "address": "12 S Michigan Ave, Chicago, IL 60603",
                    "reviews": "rec'd by multiple people"
                }
            },
            {
                "type": "Feature",
                "geometry": {
                    "type": "Point",
                    "coordinates": [
                        -87.6361438,
                        41.882319
                    ]
                },
                "properties": {
                    "name": "Kinsley",
                    "address": "1 N Wacker Dr, Chicago, IL 60606",
                    "reviews": "$6 wings, $5 beer and wine happy hour"
                }
            },
            {
                "type": "Feature",
                "geometry": {
                    "type": "Point",
                    "coordinates": [
                        -87.6253054,
                        41.8877566
                    ]
                },
                "properties": {
                    "name": "LH Rooftop",
                    "address": "85 E Wacker Dr, Chicago, IL 60601",
                    "reviews": "rec'd by multiple people\ndj's on weekends"
                }
            },
            {
                "type": "Feature",
                "geometry": {
                    "type": "Point",
                    "coordinates": [
                        -87.628491,
                        41.8862144
                    ]
                },
                "properties": {
                    "name": "Raised Chicago",
                    "address": "1 W Upper Wacker Drive, Chicago, IL 60601",
                    "reviews": "nice rooftop bar"
                }
            },
            {
                "type": "Feature",
                "geometry": {
                    "type": "Point",
                    "coordinates": [
                        -87.6280661,
                        41.8864262
                    ]
                },
                "properties": {
                    "name": "ROOF on the Wit",
                    "address": "201 N State St, Chicago, IL 60601",
                    "reviews": "rec'd by multiple people"
                }
            },
            {
                "type": "Feature",
                "geometry": {
                    "type": "Point",
                    "coordinates": [
                        -87.6311077,
                        41.8767918
                    ]
                },
                "properties": {
                    "name": "Sky Ride Tap",
                    "address": "105 W Van Buren St, Chicago, IL 60605",
                    "reviews": ""
                }
            },
            {
                "type": "Feature",
                "geometry": {
                    "type": "Point",
                    "coordinates": [
                        -87.6340866,
                        41.8829547
                    ]
                },
                "properties": {
                    "name": "Stocks & Blondes",
                    "address": "40 N Wells St, Chicago, IL 60606",
                    "reviews": "Allen: good happy hr deals, dive bar  vibes"
                }
            },
            {
                "type": "Feature",
                "geometry": {
                    "type": "Point",
                    "coordinates": [
                        -87.6273007,
                        41.8755692
                    ]
                },
                "properties": {
                    "name": "Cafecito",
                    "address": "26 E Congress Pkwy, Chicago, IL 60605",
                    "reviews": ""
                }
            },
            {
                "type": "Feature",
                "geometry": {
                    "type": "Point",
                    "coordinates": [
                        -87.6336398,
                        41.8822166
                    ]
                },
                "properties": {
                    "name": "Cafecito",
                    "address": "7 N Wells St, Chicago, IL 60606",
                    "reviews": ""
                }
            },
            {
                "type": "Feature",
                "geometry": {
                    "type": "Point",
                    "coordinates": [
                        -87.6236318,
                        41.8850813
                    ]
                },
                "properties": {
                    "name": "Wildberry Cafe",
                    "address": "130 E Randolph St, Chicago, IL 60602",
                    "reviews": ""
                }
            },
            {
                "type": "Feature",
                "geometry": {
                    "type": "Point",
                    "coordinates": [
                        -87.6248866,
                        41.8819871
                    ]
                },
                "properties": {
                    "name": "Chiya Chai",
                    "address": "79 E Madison St, Chicago, IL 60602",
                    "reviews": ""
                }
            },
            {
                "type": "Feature",
                "geometry": {
                    "type": "Point",
                    "coordinates": [
                        -87.6374724,
                        41.8827112
                    ]
                },
                "properties": {
                    "name": "Espresso and Milk",
                    "address": "20 N Wacker Dr, Chicago, IL 60606",
                    "reviews": ""
                }
            },
            {
                "type": "Feature",
                "geometry": {
                    "type": "Point",
                    "coordinates": [
                        -87.6242222,
                        41.8835661
                    ]
                },
                "properties": {
                    "name": "Lea",
                    "address": "20 N Michigan Ave, Chicago, IL 60602",
                    "reviews": ""
                }
            },
            {
                "type": "Feature",
                "geometry": {
                    "type": "Point",
                    "coordinates": [
                        -87.6249695,
                        41.8810139
                    ]
                },
                "properties": {
                    "name": "TE'AMO",
                    "address": "76 E Monroe St, Chicago, IL 60603",
                    "reviews": "try crystallized fruit"
                }
            },
            {
                "type": "Feature",
                "geometry": {
                    "type": "Point",
                    "coordinates": [
                        -87.631069,
                        41.8764201
                    ]
                },
                "properties": {
                    "name": "Era",
                    "address": "416 S Clark St, Chicago, IL 60605",
                    "reviews": "rec'd by multiple people"
                }
            },
            {
                "type": "Feature",
                "geometry": {
                    "type": "Point",
                    "coordinates": [
                        -87.6302049,
                        41.8840869
                    ]
                },
                "properties": {
                    "name": "Christkindlmarket",
                    "address": "50 W Washington St, Chicago, IL 60602",
                    "reviews": "From Nov 21 to Dec 24"
                }
            },
            {
                "type": "Feature",
                "geometry": {
                    "type": "Point",
                    "coordinates": [
                        -87.6176037,
                        41.8853918
                    ]
                },
                "properties": {
                    "name": "Avli On The Park",
                    "address": "180 N Field Blvd, Chicago, IL 60601",
                    "reviews": ""
                }
            },
            {
                "type": "Feature",
                "geometry": {
                    "type": "Point",
                    "coordinates": [
                        -87.6369995,
                        41.8826474
                    ]
                },
                "properties": {
                    "name": "Beatnik on the River",
                    "address": "180 N Lower Wacker Drive, Chicago, IL 60606",
                    "reviews": "I (Allen) didn't really like it"
                }
            },
            {
                "type": "Feature",
                "geometry": {
                    "type": "Point",
                    "coordinates": [
                        -87.6337242,
                        41.8841061
                    ]
                },
                "properties": {
                    "name": "BenjYehuda",
                    "address": "145 N Wells St, Chicago, IL 60602",
                    "reviews": ""
                }
            },
            {
                "type": "Feature",
                "geometry": {
                    "type": "Point",
                    "coordinates": [
                        -87.6284801,
                        41.8793454
                    ]
                },
                "properties": {
                    "name": "Berghoff",
                    "address": "17 W Adams St, Chicago, IL 60603",
                    "reviews": ""
                }
            },
            {
                "type": "Feature",
                "geometry": {
                    "type": "Point",
                    "coordinates": [
                        -87.6271682,
                        41.878306
                    ]
                },
                "properties": {
                    "name": "Bibibop",
                    "address": "24 E Jackson Blvd, Chicago, IL 60604",
                    "reviews": ""
                }
            },
            {
                "type": "Feature",
                "geometry": {
                    "type": "Point",
                    "coordinates": [
                        -87.6334185,
                        41.8767737
                    ]
                },
                "properties": {
                    "name": "Chicken Planet",
                    "address": "177 W Van Buren St, Chicago, IL 60605",
                    "reviews": ""
                }
            },
            {
                "type": "Feature",
                "geometry": {
                    "type": "Point",
                    "coordinates": [
                        -87.6340342,
                        41.8855381
                    ]
                },
                "properties": {
                    "name": "Cleo's Southern",
                    "address": "190 N Wells St, Chicago, IL 60606",
                    "reviews": ""
                }
            },
            {
                "type": "Feature",
                "geometry": {
                    "type": "Point",
                    "coordinates": [
                        -87.6242295,
                        41.8843072
                    ]
                },
                "properties": {
                    "name": "Giordano's Pizza",
                    "address": "130 E Randolph St, Chicago, IL 60601",
                    "reviews": "Chicago staple, home of the deep dish pizza"
                }
            },
            {
                "type": "Feature",
                "geometry": {
                    "type": "Point",
                    "coordinates": [
                        -87.6342062,
                        41.8780307
                    ]
                },
                "properties": {
                    "name": "Luke's Italian Beef",
                    "address": "215 W Jackson Blvd, Chicago, IL 60606",
                    "reviews": ""
                }
            },
            {
                "type": "Feature",
                "geometry": {
                    "type": "Point",
                    "coordinates": [
                        -87.6359612,
                        41.878738
                    ]
                },
                "properties": {
                    "name": "Mendocino Farms",
                    "address": "233 S Wacker Dr, Chicago, IL 60606",
                    "reviews": ""
                }
            },
            {
                "type": "Feature",
                "geometry": {
                    "type": "Point",
                    "coordinates": [
                        -87.6337445,
                        41.8827964
                    ]
                },
                "properties": {
                    "name": "Mr. Submarine",
                    "address": "47 N Wells St, Chicago, IL 60602",
                    "reviews": ""
                }
            },
            {
                "type": "Feature",
                "geometry": {
                    "type": "Point",
                    "coordinates": [
                        -87.6355896,
                        41.885424
                    ]
                },
                "properties": {
                    "name": "Naansense",
                    "address": "178 N Franklin St, Chicago, IL 60606",
                    "reviews": ""
                }
            },
            {
                "type": "Feature",
                "geometry": {
                    "type": "Point",
                    "coordinates": [
                        -87.6259327,
                        41.8826872
                    ]
                },
                "properties": {
                    "name": "Oasis Cafe",
                    "address": "21 N Wabash Ave, Chicago, IL 60602",
                    "reviews": "Mediterranean food"
                }
            },
            {
                "type": "Feature",
                "geometry": {
                    "type": "Point",
                    "coordinates": [
                        -87.6320733,
                        41.8818507
                    ]
                },
                "properties": {
                    "name": "Roanoke",
                    "address": "135 W Madison St, Chicago, IL 60602",
                    "reviews": ""
                }
            },
            {
                "type": "Feature",
                "geometry": {
                    "type": "Point",
                    "coordinates": [
                        -87.6242222,
                        41.8835661
                    ]
                },
                "properties": {
                    "name": "SeoulSpice",
                    "address": "20 N Michigan Ave, Chicago, IL 60602",
                    "reviews": ""
                }
            },
            {
                "type": "Feature",
                "geometry": {
                    "type": "Point",
                    "coordinates": [
                        -87.6249525,
                        41.8813403
                    ]
                },
                "properties": {
                    "name": "The Gage",
                    "address": "24 S Michigan Ave, Chicago, IL 60603",
                    "reviews": ""
                }
            },
            {
                "type": "Feature",
                "geometry": {
                    "type": "Point",
                    "coordinates": [
                        -87.6257315,
                        41.8827364
                    ]
                },
                "properties": {
                    "name": "Wilma's Famous BBQ & Tavern",
                    "address": "17 N Wabash Ave, Chicago, IL 60602",
                    "reviews": ""
                }
            },
            {
                "type": "Feature",
                "geometry": {
                    "type": "Point",
                    "coordinates": [
                        -87.6359612,
                        41.878738
                    ]
                },
                "properties": {
                    "name": "Do-Rite",
                    "address": "233 S Wacker Dr, Chicago, IL 60606",
                    "reviews": ""
                }
            },
            {
                "type": "Feature",
                "geometry": {
                    "type": "Point",
                    "coordinates": [
                        -87.6246016,
                        41.8852994
                    ]
                },
                "properties": {
                    "name": "Garrett's Popcorn",
                    "address": "173 N Michigan Ave, Chicago, IL 60601",
                    "reviews": ""
                }
            },
            {
                "type": "Feature",
                "geometry": {
                    "type": "Point",
                    "coordinates": [
                        -87.6289662,
                        41.8780894
                    ]
                },
                "properties": {
                    "name": "Garrett's Popcorn",
                    "address": "27 W Jackson Blvd, Chicago, IL 60604",
                    "reviews": ""
                }
            },
            {
                "type": "Feature",
                "geometry": {
                    "type": "Point",
                    "coordinates": [
                        -87.624932,
                        41.8794348
                    ]
                },
                "properties": {
                    "name": "Kong Dog",
                    "address": "77 E Adams St, Chicago, IL 60603",
                    "reviews": ""
                }
            },
            {
                "type": "Feature",
                "geometry": {
                    "type": "Point",
                    "coordinates": [
                        -87.6285875,
                        41.8829319
                    ]
                },
                "properties": {
                    "name": "Stan's Donuts",
                    "address": "15 W Washington St, IL 60602",
                    "reviews": ""
                }
            },
            {
                "type": "Feature",
                "geometry": {
                    "type": "Point",
                    "coordinates": [
                        -87.6849333,
                        41.880808
                    ]
                },
                "properties": {
                    "name": "King Wok",
                    "address": "2323 W Madison St, Chicago, IL 60612",
                    "reviews": ""
                }
            },
            {
                "type": "Feature",
                "geometry": {
                    "type": "Point",
                    "coordinates": [
                        -87.8334959,
                        42.050691
                    ]
                },
                "properties": {
                    "name": "Nash Bros",
                    "address": "9353 N Milwaukee Ave, Niles, IL 60714",
                    "reviews": ""
                }
            },
            {
                "type": "Feature",
                "geometry": {
                    "type": "Point",
                    "coordinates": [
                        -87.6576914,
                        41.9032411
                    ]
                },
                "properties": {
                    "name": "Azul",
                    "address": "1177 N Elston Ave, Chicago, IL 60642",
                    "reviews": ""
                }
            },
            {
                "type": "Feature",
                "geometry": {
                    "type": "Point",
                    "coordinates": [
                        -87.6667787,
                        41.8958747
                    ]
                },
                "properties": {
                    "name": "Wax Vinyl",
                    "address": "1549 W Chicago Ave, Chicago, IL 60642",
                    "reviews": "vinyl djs, good ramen"
                }
            },
            {
                "type": "Feature",
                "geometry": {
                    "type": "Point",
                    "coordinates": [
                        -87.6641611,
                        41.8963938
                    ]
                },
                "properties": {
                    "name": "Beauty Bar",
                    "address": "1444 W Chicago Ave, Chicago, IL 60642",
                    "reviews": ""
                }
            },
            {
                "type": "Feature",
                "geometry": {
                    "type": "Point",
                    "coordinates": [
                        -87.6636165,
                        41.901181
                    ]
                },
                "properties": {
                    "name": "Frontier",
                    "address": "1072 N Milwaukee Ave, Chicago, IL 60642",
                    "reviews": ""
                }
            },
            {
                "type": "Feature",
                "geometry": {
                    "type": "Point",
                    "coordinates": [
                        -87.6660116,
                        41.8958949
                    ]
                },
                "properties": {
                    "name": "Fry The Coop",
                    "address": "1529 W Chicago Ave, Chicago, IL 60642",
                    "reviews": ""
                }
            },
            {
                "type": "Feature",
                "geometry": {
                    "type": "Point",
                    "coordinates": [
                        -87.6650815,
                        41.902143
                    ]
                },
                "properties": {
                    "name": "Kin Sushi And Thai",
                    "address": "1132 N Milwaukee Ave, Chicago, IL 60642",
                    "reviews": ""
                }
            },
            {
                "type": "Feature",
                "geometry": {
                    "type": "Point",
                    "coordinates": [
                        -87.6621632,
                        41.8959969
                    ]
                },
                "properties": {
                    "name": "Noble Thai",
                    "address": "1371 W Chicago Ave, IL 60642",
                    "reviews": ""
                }
            },
            {
                "type": "Feature",
                "geometry": {
                    "type": "Point",
                    "coordinates": [
                        -87.665217,
                        41.9036227
                    ]
                },
                "properties": {
                    "name": "Tuk Tuk Thai Isan Street Food",
                    "address": "1500 W Division St, Chicago, IL 60642",
                    "reviews": "Carb ragoons, green curry, pad see ew, pad kee mao"
                }
            },
            {
                "type": "Feature",
                "geometry": {
                    "type": "Point",
                    "coordinates": [
                        -87.6696852,
                        41.9545026
                    ]
                },
                "properties": {
                    "name": "Long Room",
                    "address": "1612 W Irving Park Rd, Chicago, IL 60613",
                    "reviews": "relaxed bar & coffeehouse with a back patio"
                }
            },
            {
                "type": "Feature",
                "geometry": {
                    "type": "Point",
                    "coordinates": [
                        -87.6786069,
                        41.9545863
                    ]
                },
                "properties": {
                    "name": "The Victor Bar",
                    "address": "4011 N Damen Ave, Chicago, IL 60618",
                    "reviews": "cozy vibes, library downstairs"
                }
            },
            {
                "type": "Feature",
                "geometry": {
                    "type": "Point",
                    "coordinates": [
                        -87.6760015,
                        41.949938
                    ]
                },
                "properties": {
                    "name": "Botanical Cafe",
                    "address": "3740 N Lincoln Ave, Chicago, IL 60613",
                    "reviews": ""
                }
            },
            {
                "type": "Feature",
                "geometry": {
                    "type": "Point",
                    "coordinates": [
                        -87.6816931,
                        41.9579357
                    ]
                },
                "properties": {
                    "name": "Cho Sun Ok",
                    "address": "4200 N Lincoln Ave, Chicago, IL 60618",
                    "reviews": ""
                }
            },
            {
                "type": "Feature",
                "geometry": {
                    "type": "Point",
                    "coordinates": [
                        -87.720464,
                        41.858998
                    ]
                },
                "properties": {
                    "name": "Soul Food Lounge",
                    "address": "3804 W 16th St, Chicago, IL 60623",
                    "reviews": ""
                }
            },
            {
                "type": "Feature",
                "geometry": {
                    "type": "Point",
                    "coordinates": [
                        -87.7161541,
                        41.8660462
                    ]
                },
                "properties": {
                    "name": "Soul\u00e9",
                    "address": "3615 W Roosevelt Rd, Chicago, IL 60624",
                    "reviews": ""
                }
            },
            {
                "type": "Feature",
                "geometry": {
                    "type": "Point",
                    "coordinates": [
                        -87.73934,
                        41.960549
                    ]
                },
                "properties": {
                    "name": "Old Irving Brewing",
                    "address": "4419 W Montrose Ave, Chicago, IL 60641",
                    "reviews": "Good wings"
                }
            },
            {
                "type": "Feature",
                "geometry": {
                    "type": "Point",
                    "coordinates": [
                        -87.6349953,
                        41.9095084
                    ]
                },
                "properties": {
                    "name": "Benchmark",
                    "address": "1510 N Wells St, Chicago, IL 60610",
                    "reviews": ""
                }
            },
            {
                "type": "Feature",
                "geometry": {
                    "type": "Point",
                    "coordinates": [
                        -87.6349873,
                        41.9090074
                    ]
                },
                "properties": {
                    "name": "Cache",
                    "address": "1446 N Wells St, Chicago, IL 60610",
                    "reviews": "Upscale speakeasy bar"
                }
            },
            {
                "type": "Feature",
                "geometry": {
                    "type": "Point",
                    "coordinates": [
                        -87.6345494,
                        41.9153354
                    ]
                },
                "properties": {
                    "name": "J Parker",
                    "address": "1816 N Clark St, Chicago, IL 60614",
                    "reviews": "rec'd by multiple people"
                }
            },
            {
                "type": "Feature",
                "geometry": {
                    "type": "Point",
                    "coordinates": [
                        -87.6389496,
                        41.9145918
                    ]
                },
                "properties": {
                    "name": "Marge's Still",
                    "address": "1758 N Sedgwick St, Chicago, IL 60614",
                    "reviews": "Oldest bar in Chicago, $5 shot of malort"
                }
            },
            {
                "type": "Feature",
                "geometry": {
                    "type": "Point",
                    "coordinates": [
                        -87.6349829,
                        41.9113754
                    ]
                },
                "properties": {
                    "name": "Utopian Tailgate",
                    "address": "1608 N Wells St, Chicago, IL 60614",
                    "reviews": "Rooftop bar"
                }
            },
            {
                "type": "Feature",
                "geometry": {
                    "type": "Point",
                    "coordinates": [
                        -87.6524094,
                        41.9093891
                    ]
                },
                "properties": {
                    "name": "No. 9",
                    "address": "1543 N Kingsbury St, Chicago, IL 60642",
                    "reviews": ""
                }
            },
            {
                "type": "Feature",
                "geometry": {
                    "type": "Point",
                    "coordinates": [
                        -87.6524094,
                        41.9093891
                    ]
                },
                "properties": {
                    "name": "Prysm",
                    "address": "1543 N Kingsbury St, Chicago, IL 60642",
                    "reviews": ""
                }
            },
            {
                "type": "Feature",
                "geometry": {
                    "type": "Point",
                    "coordinates": [
                        -87.6342984,
                        41.9042068
                    ]
                },
                "properties": {
                    "name": "Happy Camper",
                    "address": "1209 N Wells St, Chicago, IL 60610",
                    "reviews": ""
                }
            },
            {
                "type": "Feature",
                "geometry": {
                    "type": "Point",
                    "coordinates": [
                        -87.6487786,
                        41.9176217
                    ]
                },
                "properties": {
                    "name": "Summerhouse Santa Monica",
                    "address": "1954 N Halsted St, Chicago, IL 60614",
                    "reviews": ""
                }
            },
            {
                "type": "Feature",
                "geometry": {
                    "type": "Point",
                    "coordinates": [
                        -87.6485674,
                        41.9170592
                    ]
                },
                "properties": {
                    "name": "Sushi San",
                    "address": "1950 N Halsted St, Chicago, IL 60614",
                    "reviews": ""
                }
            },
            {
                "type": "Feature",
                "geometry": {
                    "type": "Point",
                    "coordinates": [
                        -87.6348401,
                        41.9096394
                    ]
                },
                "properties": {
                    "name": "Topo Gigio",
                    "address": "1514 N Wells St, Chicago, IL 60610",
                    "reviews": ""
                }
            },
            {
                "type": "Feature",
                "geometry": {
                    "type": "Point",
                    "coordinates": [
                        -87.6479772,
                        41.9131075
                    ]
                },
                "properties": {
                    "name": "Trattoria Gianni",
                    "address": "1711 N Halsted St, Chicago, IL 60614",
                    "reviews": ""
                }
            },
            {
                "type": "Feature",
                "geometry": {
                    "type": "Point",
                    "coordinates": [
                        -87.6383321,
                        41.9127037
                    ]
                },
                "properties": {
                    "name": "Twin Anchors",
                    "address": "1655 N Sedgwick St, Chicago, IL 60614",
                    "reviews": "good ribs, $4.50 shots of malort, Dark Knight scene filmed here"
                }
            },
            {
                "type": "Feature",
                "geometry": {
                    "type": "Point",
                    "coordinates": [
                        -87.6480686,
                        41.90703
                    ]
                },
                "properties": {
                    "name": "Union Sushi",
                    "address": "1457 N Halsted St, Chicago, IL 60610",
                    "reviews": ""
                }
            },
            {
                "type": "Feature",
                "geometry": {
                    "type": "Point",
                    "coordinates": [
                        -87.6545947,
                        41.8579009
                    ]
                },
                "properties": {
                    "name": "El Trebol",
                    "address": "1135 W 18th St, Chicago, IL 60608",
                    "reviews": "cash only"
                }
            },
            {
                "type": "Feature",
                "geometry": {
                    "type": "Point",
                    "coordinates": [
                        -87.6626383,
                        41.8565763
                    ]
                },
                "properties": {
                    "name": "The Giant Penny Whistle",
                    "address": "1854 S Blue Island Ave, Chicago, IL 60608",
                    "reviews": "On Thursdays tribe night"
                }
            },
            {
                "type": "Feature",
                "geometry": {
                    "type": "Point",
                    "coordinates": [
                        -87.6711323,
                        41.8520798
                    ]
                },
                "properties": {
                    "name": "Carniceria Maribel",
                    "address": "1801 W Cermak Rd, Chicago, IL 60608, United States",
                    "reviews": ""
                }
            },
            {
                "type": "Feature",
                "geometry": {
                    "type": "Point",
                    "coordinates": [
                        -87.6708862,
                        41.855739
                    ]
                },
                "properties": {
                    "name": "Novel Pizza Cafe",
                    "address": "1759 W 19th St, Chicago, IL 60608",
                    "reviews": ""
                }
            },
            {
                "type": "Feature",
                "geometry": {
                    "type": "Point",
                    "coordinates": [
                        -87.6556186,
                        41.8575531
                    ]
                },
                "properties": {
                    "name": "Pilsen Yards",
                    "address": "1163 W 18th St, Chicago, IL 60608",
                    "reviews": ""
                }
            },
            {
                "type": "Feature",
                "geometry": {
                    "type": "Point",
                    "coordinates": [
                        -87.6595627,
                        41.8581344
                    ]
                },
                "properties": {
                    "name": "Quesabirria Jalisco",
                    "address": "1314 W 18th St, Chicago, IL 60608",
                    "reviews": ""
                }
            },
            {
                "type": "Feature",
                "geometry": {
                    "type": "Point",
                    "coordinates": [
                        -87.6596442,
                        41.8581055
                    ]
                },
                "properties": {
                    "name": "Rubi's Tacos",
                    "address": "1316 W 18th St, Chicago, IL 60608, United States",
                    "reviews": ""
                }
            },
            {
                "type": "Feature",
                "geometry": {
                    "type": "Point",
                    "coordinates": [
                        -87.627363,
                        41.8899353
                    ]
                },
                "properties": {
                    "name": "Andy's Jazz Club",
                    "address": "11 E Hubbard St, Chicago, IL 60611",
                    "reviews": "rec'd by multiple people, BRING JR"
                }
            },
            {
                "type": "Feature",
                "geometry": {
                    "type": "Point",
                    "coordinates": [
                        -87.6274987,
                        41.8922463
                    ]
                },
                "properties": {
                    "name": "Bodega Bar",
                    "address": "15 E Ohio St, Chicago, IL 60611",
                    "reviews": ""
                }
            },
            {
                "type": "Feature",
                "geometry": {
                    "type": "Point",
                    "coordinates": [
                        -87.6316262,
                        41.8897806
                    ]
                },
                "properties": {
                    "name": "Celeste",
                    "address": "111 W Hubbard St, Chicago, IL 60654",
                    "reviews": ""
                }
            },
            {
                "type": "Feature",
                "geometry": {
                    "type": "Point",
                    "coordinates": [
                        -87.6353372,
                        41.8892737
                    ]
                },
                "properties": {
                    "name": "Gilt Bar",
                    "address": "230 W Kinzie St, Chicago, IL 60654",
                    "reviews": "library downstairs"
                }
            },
            {
                "type": "Feature",
                "geometry": {
                    "type": "Point",
                    "coordinates": [
                        -87.6355124,
                        41.8971897
                    ]
                },
                "properties": {
                    "name": "Headquarters Beercade",
                    "address": "213 W Institute Place, Chicago, IL 60610",
                    "reviews": "I (Allen) did not like this bar"
                }
            },
            {
                "type": "Feature",
                "geometry": {
                    "type": "Point",
                    "coordinates": [
                        -87.6291513,
                        41.8902918
                    ]
                },
                "properties": {
                    "name": "Howl at the Moon",
                    "address": "26 W Hubbard St, Chicago, IL 60654",
                    "reviews": "Has live music every night"
                }
            },
            {
                "type": "Feature",
                "geometry": {
                    "type": "Point",
                    "coordinates": [
                        -87.6315832,
                        41.8903249
                    ]
                },
                "properties": {
                    "name": "Hubbard Inn",
                    "address": "110 W Hubbard St, Chicago, IL 60654",
                    "reviews": "Go upstairs"
                }
            },
            {
                "type": "Feature",
                "geometry": {
                    "type": "Point",
                    "coordinates": [
                        -87.6337792,
                        41.8947154
                    ]
                },
                "properties": {
                    "name": "Io Godfrey",
                    "address": "127 W Huron St, Chicago, IL 60654",
                    "reviews": "rec'd by multiple people"
                }
            },
            {
                "type": "Feature",
                "geometry": {
                    "type": "Point",
                    "coordinates": [
                        -87.6315544,
                        41.8952646
                    ]
                },
                "properties": {
                    "name": "Lulu's Speakeasy",
                    "address": "712 N Clark St, Chicago, IL 60654",
                    "reviews": ""
                }
            },
            {
                "type": "Feature",
                "geometry": {
                    "type": "Point",
                    "coordinates": [
                        -87.6355124,
                        41.8971897
                    ]
                },
                "properties": {
                    "name": "Machine Engineered",
                    "address": "213 W Institute Pl, Chicago, IL 60610",
                    "reviews": "rec'd by multiple people"
                }
            },
            {
                "type": "Feature",
                "geometry": {
                    "type": "Point",
                    "coordinates": [
                        -87.6319768,
                        41.8894067
                    ]
                },
                "properties": {
                    "name": "Mercadito",
                    "address": "108 W Kinzie St, Chicago, IL 60654",
                    "reviews": ""
                }
            },
            {
                "type": "Feature",
                "geometry": {
                    "type": "Point",
                    "coordinates": [
                        -87.627995,
                        41.892598
                    ]
                },
                "properties": {
                    "name": "Pop for Champagne",
                    "address": "601 N State St, Chicago, IL 60610",
                    "reviews": ""
                }
            },
            {
                "type": "Feature",
                "geometry": {
                    "type": "Point",
                    "coordinates": [
                        -87.6315544,
                        41.8952646
                    ]
                },
                "properties": {
                    "name": "Storyville",
                    "address": "712 N Clark St, Chicago, IL 60654",
                    "reviews": ""
                }
            },
            {
                "type": "Feature",
                "geometry": {
                    "type": "Point",
                    "coordinates": [
                        -87.6287495,
                        41.8935114
                    ]
                },
                "properties": {
                    "name": "The Redhead Piano Bar",
                    "address": "16 W Ontario St, Chicago, IL 60654",
                    "reviews": "Jazz bar, BRING JR"
                }
            },
            {
                "type": "Feature",
                "geometry": {
                    "type": "Point",
                    "coordinates": [
                        -87.6313319,
                        41.8894313
                    ]
                },
                "properties": {
                    "name": "The Smith",
                    "address": "400 N Clark St, Chicago, IL 60654",
                    "reviews": ""
                }
            },
            {
                "type": "Feature",
                "geometry": {
                    "type": "Point",
                    "coordinates": [
                        -87.6307013,
                        41.8897924
                    ]
                },
                "properties": {
                    "name": "Three Dots and a Dash",
                    "address": "435 N Clark St, Chicago, IL 60654",
                    "reviews": "I (Allen) really like this place\nrec'd by multiple people"
                }
            },
            {
                "type": "Feature",
                "geometry": {
                    "type": "Point",
                    "coordinates": [
                        -87.6330535,
                        41.8888467
                    ]
                },
                "properties": {
                    "name": "Tree House",
                    "address": "149 W Kinzie St, Chicago, IL 60654",
                    "reviews": ""
                }
            },
            {
                "type": "Feature",
                "geometry": {
                    "type": "Point",
                    "coordinates": [
                        -87.6251872,
                        41.8911753
                    ]
                },
                "properties": {
                    "name": "Upstairs At The Gwen",
                    "address": "521 N Rush St, Chicago, IL 60611",
                    "reviews": ""
                }
            },
            {
                "type": "Feature",
                "geometry": {
                    "type": "Point",
                    "coordinates": [
                        -87.6342963,
                        41.8917434
                    ]
                },
                "properties": {
                    "name": "Meli Cafe",
                    "address": "540 N Wells St, Chicago, IL 60654",
                    "reviews": ""
                }
            },
            {
                "type": "Feature",
                "geometry": {
                    "type": "Point",
                    "coordinates": [
                        -87.6265819,
                        41.8959244
                    ]
                },
                "properties": {
                    "name": "Sunny Side Up",
                    "address": "42 E Superior St, Chicago, IL 60611",
                    "reviews": ""
                }
            },
            {
                "type": "Feature",
                "geometry": {
                    "type": "Point",
                    "coordinates": [
                        -87.6367596,
                        41.8877785
                    ]
                },
                "properties": {
                    "name": "Blue Bottle Coffee",
                    "address": "313 W Wolf Point Plaza, Chicago, IL 60654",
                    "reviews": ""
                }
            },
            {
                "type": "Feature",
                "geometry": {
                    "type": "Point",
                    "coordinates": [
                        -87.6280015,
                        41.8928722
                    ]
                },
                "properties": {
                    "name": "Cafe Cremerie",
                    "address": "615 N State St, Chicago, IL 60654",
                    "reviews": ""
                }
            },
            {
                "type": "Feature",
                "geometry": {
                    "type": "Point",
                    "coordinates": [
                        -87.6345586,
                        41.8995242
                    ]
                },
                "properties": {
                    "name": "Layla & Ringo's",
                    "address": "914 N Wells St, Chicago, IL 60610",
                    "reviews": ""
                }
            },
            {
                "type": "Feature",
                "geometry": {
                    "type": "Point",
                    "coordinates": [
                        -87.6301482,
                        41.8889735
                    ]
                },
                "properties": {
                    "name": "Bodega Nightclub",
                    "address": "353 N Clark St, Chicago, IL 60654",
                    "reviews": ""
                }
            },
            {
                "type": "Feature",
                "geometry": {
                    "type": "Point",
                    "coordinates": [
                        -87.6317455,
                        41.8902588
                    ]
                },
                "properties": {
                    "name": "Joy District",
                    "address": "112 W Hubbard St, Chicago, IL 60654",
                    "reviews": "rec'd by multiple people"
                }
            },
            {
                "type": "Feature",
                "geometry": {
                    "type": "Point",
                    "coordinates": [
                        -87.6347934,
                        41.8929405
                    ]
                },
                "properties": {
                    "name": "LITE Chicago",
                    "address": "215 W Ontario St, Chicago, IL 60654",
                    "reviews": "Go to \"Bevy's on Sundays\" event"
                }
            },
            {
                "type": "Feature",
                "geometry": {
                    "type": "Point",
                    "coordinates": [
                        -87.6290896,
                        41.8898117
                    ]
                },
                "properties": {
                    "name": "Rocbar",
                    "address": "25 W Hubbard St, Chicago, IL 60654",
                    "reviews": ""
                }
            },
            {
                "type": "Feature",
                "geometry": {
                    "type": "Point",
                    "coordinates": [
                        -87.6359344,
                        41.8937344
                    ]
                },
                "properties": {
                    "name": "Spybar",
                    "address": "646 N Franklin St, Chicago, IL 60654",
                    "reviews": ""
                }
            },
            {
                "type": "Feature",
                "geometry": {
                    "type": "Point",
                    "coordinates": [
                        -87.6300662,
                        41.8934805
                    ]
                },
                "properties": {
                    "name": "Tao",
                    "address": "632 N Dearborn St, Chicago, IL 60654",
                    "reviews": ""
                }
            },
            {
                "type": "Feature",
                "geometry": {
                    "type": "Point",
                    "coordinates": [
                        -87.6331426,
                        41.8890964
                    ]
                },
                "properties": {
                    "name": "Tunnel",
                    "address": "151 W Kinzie St, Chicago, IL 60654",
                    "reviews": ""
                }
            },
            {
                "type": "Feature",
                "geometry": {
                    "type": "Point",
                    "coordinates": [
                        -87.635244,
                        41.8934034
                    ]
                },
                "properties": {
                    "name": "Y Bar",
                    "address": "224 W Ontario St, Chicago, IL 60654",
                    "reviews": ""
                }
            },
            {
                "type": "Feature",
                "geometry": {
                    "type": "Point",
                    "coordinates": [
                        -87.6344719,
                        41.8888053
                    ]
                },
                "properties": {
                    "name": "The MART",
                    "address": "222 W Merchandise Mart Plaza, Chicago, IL 60654",
                    "reviews": ""
                }
            },
            {
                "type": "Feature",
                "geometry": {
                    "type": "Point",
                    "coordinates": [
                        -87.6318933,
                        41.8902574
                    ]
                },
                "properties": {
                    "name": "Bar Goa",
                    "address": "116 W Hubbard St, Chicago, IL 60654",
                    "reviews": ""
                }
            },
            {
                "type": "Feature",
                "geometry": {
                    "type": "Point",
                    "coordinates": [
                        -87.6348919,
                        41.889285
                    ]
                },
                "properties": {
                    "name": "Bavette's Bar & Boeuf",
                    "address": "218 W Kinzie St, Chicago, IL 60654",
                    "reviews": ""
                }
            },
            {
                "type": "Feature",
                "geometry": {
                    "type": "Point",
                    "coordinates": [
                        -87.6386146,
                        41.8978465
                    ]
                },
                "properties": {
                    "name": "Big Sauce",
                    "address": "831 N Sedgwick St, Chicago, IL 60610",
                    "reviews": "from tiktok, good wings"
                }
            },
            {
                "type": "Feature",
                "geometry": {
                    "type": "Point",
                    "coordinates": [
                        -87.6293468,
                        41.8898077
                    ]
                },
                "properties": {
                    "name": "Blue Sushi Sake & Grill",
                    "address": "415 N Dearborn St, Chicago, IL 60654",
                    "reviews": ""
                }
            },
            {
                "type": "Feature",
                "geometry": {
                    "type": "Point",
                    "coordinates": [
                        -87.6353923,
                        41.896804
                    ]
                },
                "properties": {
                    "name": "Chalet",
                    "address": "228 W Chicago Ave, Chicago, IL 60654",
                    "reviews": ""
                }
            },
            {
                "type": "Feature",
                "geometry": {
                    "type": "Point",
                    "coordinates": [
                        -87.6298703,
                        41.8898489
                    ]
                },
                "properties": {
                    "name": "Crying Tiger",
                    "address": "51 W Hubbard St, Chicago, IL 60654",
                    "reviews": "upscale chinese food\nrec'd by multiple people"
                }
            },
            {
                "type": "Feature",
                "geometry": {
                    "type": "Point",
                    "coordinates": [
                        -87.6262542,
                        41.8921864
                    ]
                },
                "properties": {
                    "name": "Eately",
                    "address": "43 E Ohio St, Chicago, IL 60611",
                    "reviews": ""
                }
            },
            {
                "type": "Feature",
                "geometry": {
                    "type": "Point",
                    "coordinates": [
                        -87.6257919,
                        41.8953361
                    ]
                },
                "properties": {
                    "name": "Friends Sushi",
                    "address": "710 N Rush St, Chicago, IL 60611",
                    "reviews": ""
                }
            },
            {
                "type": "Feature",
                "geometry": {
                    "type": "Point",
                    "coordinates": [
                        -87.6279307,
                        41.8934486
                    ]
                },
                "properties": {
                    "name": "Gordon Ramsay Burger",
                    "address": "2 E Ontario St, Chicago, IL 60611",
                    "reviews": ""
                }
            },
            {
                "type": "Feature",
                "geometry": {
                    "type": "Point",
                    "coordinates": [
                        -87.6302615,
                        41.8898275
                    ]
                },
                "properties": {
                    "name": "Il Porcellino",
                    "address": "59 W Hubbard St, Chicago, IL 60654",
                    "reviews": ""
                }
            },
            {
                "type": "Feature",
                "geometry": {
                    "type": "Point",
                    "coordinates": [
                        -87.630394,
                        41.891439
                    ]
                },
                "properties": {
                    "name": "India House",
                    "address": "59 W Grand Ave, Chicago, IL 60654",
                    "reviews": ""
                }
            },
            {
                "type": "Feature",
                "geometry": {
                    "type": "Point",
                    "coordinates": [
                        -87.6256252,
                        41.8918646
                    ]
                },
                "properties": {
                    "name": "Joe's Seafood",
                    "address": "60 E Grand Ave, Chicago, IL 60611",
                    "reviews": ""
                }
            },
            {
                "type": "Feature",
                "geometry": {
                    "type": "Point",
                    "coordinates": [
                        -87.6293075,
                        41.8885135
                    ]
                },
                "properties": {
                    "name": "Kitchen And Kocktails",
                    "address": "339 N Dearborn St, Chicago, IL 60654",
                    "reviews": "rec'd by multiple people\nAllen: I like their food"
                }
            },
            {
                "type": "Feature",
                "geometry": {
                    "type": "Point",
                    "coordinates": [
                        -87.6344719,
                        41.8888053
                    ]
                },
                "properties": {
                    "name": "Marshall's Landing",
                    "address": "222 W Merchandise Mart Plaza, Chicago, IL 60654",
                    "reviews": ""
                }
            },
            {
                "type": "Feature",
                "geometry": {
                    "type": "Point",
                    "coordinates": [
                        -87.6308561,
                        41.8952284
                    ]
                },
                "properties": {
                    "name": "Mazala Pizza",
                    "address": "70 W Huron St, Chicago, IL 60654",
                    "reviews": ""
                }
            },
            {
                "type": "Feature",
                "geometry": {
                    "type": "Point",
                    "coordinates": [
                        -87.6314081,
                        41.891164
                    ]
                },
                "properties": {
                    "name": "Mendocino Farms",
                    "address": "508 N Clark St, Chicago, IL 60654",
                    "reviews": ""
                }
            },
            {
                "type": "Feature",
                "geometry": {
                    "type": "Point",
                    "coordinates": [
                        -87.6314081,
                        41.891164
                    ]
                },
                "properties": {
                    "name": "Nonnina",
                    "address": "508 N Clark St, Chicago, IL 60654",
                    "reviews": ""
                }
            },
            {
                "type": "Feature",
                "geometry": {
                    "type": "Point",
                    "coordinates": [
                        -87.6387433,
                        41.8949375
                    ]
                },
                "properties": {
                    "name": "Obelix",
                    "address": "700 N Sedgwick St, Chicago, IL 60654",
                    "reviews": "French"
                }
            },
            {
                "type": "Feature",
                "geometry": {
                    "type": "Point",
                    "coordinates": [
                        -87.6312315,
                        41.8886929
                    ]
                },
                "properties": {
                    "name": "Osteria Del Pastaio",
                    "address": "340 N Clark St, Chicago, IL 60654",
                    "reviews": ""
                }
            },
            {
                "type": "Feature",
                "geometry": {
                    "type": "Point",
                    "coordinates": [
                        -87.6292878,
                        41.8894461
                    ]
                },
                "properties": {
                    "name": "Parlor Pizza",
                    "address": "405 N Dearborn St, Chicago, IL 60654",
                    "reviews": "rec'd by multiple people"
                }
            },
            {
                "type": "Feature",
                "geometry": {
                    "type": "Point",
                    "coordinates": [
                        -87.6306345,
                        41.8879357
                    ]
                },
                "properties": {
                    "name": "Pizzeria Portofino",
                    "address": "317 N Clark St, Chicago, IL 60654",
                    "reviews": ""
                }
            },
            {
                "type": "Feature",
                "geometry": {
                    "type": "Point",
                    "coordinates": [
                        -87.630767,
                        41.889685
                    ]
                },
                "properties": {
                    "name": "Planta Queen",
                    "address": "413 N Clark St, Chicago, IL 60654",
                    "reviews": ""
                }
            },
            {
                "type": "Feature",
                "geometry": {
                    "type": "Point",
                    "coordinates": [
                        -87.6315143,
                        41.8934608
                    ]
                },
                "properties": {
                    "name": "Portillo's Pizza",
                    "address": "100 W Ontario St, Chicago, IL 60610",
                    "reviews": ""
                }
            },
            {
                "type": "Feature",
                "geometry": {
                    "type": "Point",
                    "coordinates": [
                        -87.6344593,
                        41.8952165
                    ]
                },
                "properties": {
                    "name": "Prosecco",
                    "address": "710 N Wells St, Chicago, IL 60654",
                    "reviews": ""
                }
            },
            {
                "type": "Feature",
                "geometry": {
                    "type": "Point",
                    "coordinates": [
                        -87.6302615,
                        41.8898275
                    ]
                },
                "properties": {
                    "name": "Ramen San",
                    "address": "59 W Hubbard St, Chicago, IL 60654",
                    "reviews": "try edamame hummus"
                }
            },
            {
                "type": "Feature",
                "geometry": {
                    "type": "Point",
                    "coordinates": [
                        -87.6313803,
                        41.8906817
                    ]
                },
                "properties": {
                    "name": "Roka Akor",
                    "address": "456 N Clark St, Chicago, IL 60654",
                    "reviews": ""
                }
            },
            {
                "type": "Feature",
                "geometry": {
                    "type": "Point",
                    "coordinates": [
                        -87.6306345,
                        41.8879357
                    ]
                },
                "properties": {
                    "name": "RPM Seafood",
                    "address": "317 N Clark St, Chicago, IL 60654",
                    "reviews": ""
                }
            },
            {
                "type": "Feature",
                "geometry": {
                    "type": "Point",
                    "coordinates": [
                        -87.6298263,
                        41.8890792
                    ]
                },
                "properties": {
                    "name": "Siena Tavern",
                    "address": "51 W Kinzie St, Chicago, IL 60654",
                    "reviews": ""
                }
            },
            {
                "type": "Feature",
                "geometry": {
                    "type": "Point",
                    "coordinates": [
                        -87.6373723,
                        41.8941263
                    ]
                },
                "properties": {
                    "name": "SIFR",
                    "address": "660 N Orleans St, Chicago, IL 60654",
                    "reviews": ""
                }
            },
            {
                "type": "Feature",
                "geometry": {
                    "type": "Point",
                    "coordinates": [
                        -87.6353144,
                        41.896804
                    ]
                },
                "properties": {
                    "name": "Soul Vibez",
                    "address": "226 W Chicago Ave, Chicago, IL 60654",
                    "reviews": ""
                }
            },
            {
                "type": "Feature",
                "geometry": {
                    "type": "Point",
                    "coordinates": [
                        -87.6304875,
                        41.8914679
                    ]
                },
                "properties": {
                    "name": "Sushi San",
                    "address": "63 W Grand Ave, Chicago, IL 60654",
                    "reviews": ""
                }
            },
            {
                "type": "Feature",
                "geometry": {
                    "type": "Point",
                    "coordinates": [
                        -87.6320105,
                        41.891808
                    ]
                },
                "properties": {
                    "name": "Tanta",
                    "address": "118 W Grand Ave, Chicago, IL 60654",
                    "reviews": ""
                }
            },
            {
                "type": "Feature",
                "geometry": {
                    "type": "Point",
                    "coordinates": [
                        -87.6286954,
                        41.8939282
                    ]
                },
                "properties": {
                    "name": "True Food Kitchen",
                    "address": "1 W Erie St, Chicago, IL 60654",
                    "reviews": ""
                }
            },
            {
                "type": "Feature",
                "geometry": {
                    "type": "Point",
                    "coordinates": [
                        -87.6284956,
                        41.8955117
                    ]
                },
                "properties": {
                    "name": "Tzuco",
                    "address": "720 N State St, Chicago, IL 60654",
                    "reviews": ""
                }
            },
            {
                "type": "Feature",
                "geometry": {
                    "type": "Point",
                    "coordinates": [
                        -87.6307643,
                        41.8906973
                    ]
                },
                "properties": {
                    "name": "XOCO",
                    "address": "449 N Clark St, Chicago, IL 60654",
                    "reviews": ""
                }
            },
            {
                "type": "Feature",
                "geometry": {
                    "type": "Point",
                    "coordinates": [
                        -87.626919,
                        41.8918574
                    ]
                },
                "properties": {
                    "name": "Yardbird",
                    "address": "530 N Wabash Ave, Chicago, IL 60654",
                    "reviews": ""
                }
            },
            {
                "type": "Feature",
                "geometry": {
                    "type": "Point",
                    "coordinates": [
                        -87.6337956,
                        41.8917574
                    ]
                },
                "properties": {
                    "name": "Zarella",
                    "address": "531 N Wells St, Chicago, IL 60654",
                    "reviews": ""
                }
            },
            {
                "type": "Feature",
                "geometry": {
                    "type": "Point",
                    "coordinates": [
                        -87.6306738,
                        41.8901907
                    ]
                },
                "properties": {
                    "name": "Firecakes Donuts",
                    "address": "68 W Hubbard St, Chicago, IL 60654",
                    "reviews": ""
                }
            },
            {
                "type": "Feature",
                "geometry": {
                    "type": "Point",
                    "coordinates": [
                        -87.6267238,
                        41.8986136
                    ]
                },
                "properties": {
                    "name": "Jeni's Splendid Ice Cream",
                    "address": "871 N Wabash Ave, Chicago, IL 60611",
                    "reviews": ""
                }
            },
            {
                "type": "Feature",
                "geometry": {
                    "type": "Point",
                    "coordinates": [
                        -87.64849,
                        41.8963148
                    ]
                },
                "properties": {
                    "name": "Jerk Jamaican Barbecue",
                    "address": "811 W Chicago Ave, Chicago, IL 60642",
                    "reviews": ""
                }
            },
            {
                "type": "Feature",
                "geometry": {
                    "type": "Point",
                    "coordinates": [
                        -87.6468381,
                        41.8910439
                    ]
                },
                "properties": {
                    "name": "La Scarola",
                    "address": "721 W Grand Ave, Chicago, IL 60654",
                    "reviews": ""
                }
            },
            {
                "type": "Feature",
                "geometry": {
                    "type": "Point",
                    "coordinates": [
                        -87.6496121,
                        41.895735
                    ]
                },
                "properties": {
                    "name": "Umami Express",
                    "address": "850 W Superior St, Chicago, IL 60642",
                    "reviews": ""
                }
            },
            {
                "type": "Feature",
                "geometry": {
                    "type": "Point",
                    "coordinates": [
                        -87.6698941,
                        42.0158704
                    ]
                },
                "properties": {
                    "name": "Anto Pizza",
                    "address": "1547 W Jarvis Ave, Chicago, IL 60626",
                    "reviews": ""
                }
            },
            {
                "type": "Feature",
                "geometry": {
                    "type": "Point",
                    "coordinates": [
                        -87.6881186,
                        42.0193145
                    ]
                },
                "properties": {
                    "name": "Kizin Creole Restaurant",
                    "address": "2311 W Howard St, Chicago, IL 60645",
                    "reviews": "Haitian restaurant"
                }
            },
            {
                "type": "Feature",
                "geometry": {
                    "type": "Point",
                    "coordinates": [
                        -87.6612876,
                        42.0057005
                    ]
                },
                "properties": {
                    "name": "Taichi",
                    "address": "6800 N Sheridan Rd, Chicago, IL 60626",
                    "reviews": "Get spicy tonkostu ramen, good boba, they have a cute trinket wall, very nice atmosphere, quick service"
                }
            },
            {
                "type": "Feature",
                "geometry": {
                    "type": "Point",
                    "coordinates": [
                        -87.6242088,
                        41.8516179
                    ]
                },
                "properties": {
                    "name": "BAR22",
                    "address": "2244 S Michigan Ave, Chicago, IL 60616",
                    "reviews": "Rnb sat nights"
                }
            },
            {
                "type": "Feature",
                "geometry": {
                    "type": "Point",
                    "coordinates": [
                        -87.6289521,
                        41.8731754
                    ]
                },
                "properties": {
                    "name": "Kasey's Tavern",
                    "address": "701 S Dearborn St, Chicago, IL 60605",
                    "reviews": ""
                }
            },
            {
                "type": "Feature",
                "geometry": {
                    "type": "Point",
                    "coordinates": [
                        -87.6267612,
                        41.8539276
                    ]
                },
                "properties": {
                    "name": "Reggies Chicago",
                    "address": "2105 S State St, Chicago, IL 60616",
                    "reviews": ""
                }
            },
            {
                "type": "Feature",
                "geometry": {
                    "type": "Point",
                    "coordinates": [
                        -87.6228461,
                        41.8526576
                    ]
                },
                "properties": {
                    "name": "Vu Rooftop Bar",
                    "address": "133 E Cermak Rd, Chicago, IL 60616",
                    "reviews": ""
                }
            },
            {
                "type": "Feature",
                "geometry": {
                    "type": "Point",
                    "coordinates": [
                        -87.6239085,
                        41.8525219
                    ]
                },
                "properties": {
                    "name": "Williams Inn",
                    "address": "2210 S Michigan Ave, Chicago, IL 60616",
                    "reviews": "Best pizza in chicago"
                }
            },
            {
                "type": "Feature",
                "geometry": {
                    "type": "Point",
                    "coordinates": [
                        -87.6271442,
                        41.8506512
                    ]
                },
                "properties": {
                    "name": "Batter & Berries",
                    "address": "2318 S State St, Chicago, IL 60616",
                    "reviews": "rec'd by multiple people\nGet french toast flight"
                }
            },
            {
                "type": "Feature",
                "geometry": {
                    "type": "Point",
                    "coordinates": [
                        -87.6295038,
                        41.87514
                    ]
                },
                "properties": {
                    "name": "Meli Cafe",
                    "address": "500 S Dearborn St, Chicago, IL 60605",
                    "reviews": ""
                }
            },
            {
                "type": "Feature",
                "geometry": {
                    "type": "Point",
                    "coordinates": [
                        -87.6245382,
                        41.8688255
                    ]
                },
                "properties": {
                    "name": "Yolk",
                    "address": "1120 S Michigan Ave, Chicago, IL 60605",
                    "reviews": "rec'd by multiple people"
                }
            },
            {
                "type": "Feature",
                "geometry": {
                    "type": "Point",
                    "coordinates": [
                        -87.6262525,
                        41.871551
                    ]
                },
                "properties": {
                    "name": "Peet's Coffee",
                    "address": "41 E 8th St, Chicago, IL 60605",
                    "reviews": ""
                }
            },
            {
                "type": "Feature",
                "geometry": {
                    "type": "Point",
                    "coordinates": [
                        -87.6233321,
                        41.8517938
                    ]
                },
                "properties": {
                    "name": "BASSLINE",
                    "address": "2239 S Michigan Ave, Chicago, IL 60616",
                    "reviews": ""
                }
            },
            {
                "type": "Feature",
                "geometry": {
                    "type": "Point",
                    "coordinates": [
                        -87.6245337,
                        41.8526485
                    ]
                },
                "properties": {
                    "name": "Hue",
                    "address": "67 E Cermak Rd, Chicago, IL 60616",
                    "reviews": ""
                }
            },
            {
                "type": "Feature",
                "geometry": {
                    "type": "Point",
                    "coordinates": [
                        -87.6289557,
                        41.8726032
                    ]
                },
                "properties": {
                    "name": "Chengdu Bistro Loop",
                    "address": "723 S Dearborn St, Chicago, IL 60605",
                    "reviews": ""
                }
            },
            {
                "type": "Feature",
                "geometry": {
                    "type": "Point",
                    "coordinates": [
                        -87.6236971,
                        41.8639622
                    ]
                },
                "properties": {
                    "name": "Chicago Firehouse Restaurant",
                    "address": "1401 S Michigan Ave, Chicago, IL 60605",
                    "reviews": "Josh: I should take my gf here"
                }
            },
            {
                "type": "Feature",
                "geometry": {
                    "type": "Point",
                    "coordinates": [
                        -87.6291167,
                        41.8752735
                    ]
                },
                "properties": {
                    "name": "Gino's East",
                    "address": "521 S Dearborn St, Chicago, IL 60605",
                    "reviews": ""
                }
            },
            {
                "type": "Feature",
                "geometry": {
                    "type": "Point",
                    "coordinates": [
                        -87.6262224,
                        41.8739478
                    ]
                },
                "properties": {
                    "name": "Harold\u2019s Chicken Shack",
                    "address": "612 S Wabash Ave, Chicago, IL 60605",
                    "reviews": "Allen: food's okay"
                }
            },
            {
                "type": "Feature",
                "geometry": {
                    "type": "Point",
                    "coordinates": [
                        -87.6239061,
                        41.8524342
                    ]
                },
                "properties": {
                    "name": "Jerk Villa",
                    "address": "2216 S Michigan Ave, Chicago, IL 60616",
                    "reviews": "Allen: good oxtail and goat"
                }
            },
            {
                "type": "Feature",
                "geometry": {
                    "type": "Point",
                    "coordinates": [
                        -87.6273394,
                        41.8715532
                    ]
                },
                "properties": {
                    "name": "Lou Malnati's Pizzeria",
                    "address": "805 S State St, Chicago, IL 60605",
                    "reviews": ""
                }
            },
            {
                "type": "Feature",
                "geometry": {
                    "type": "Point",
                    "coordinates": [
                        -87.6263442,
                        41.8682341
                    ]
                },
                "properties": {
                    "name": "Low Country",
                    "address": "1132 S Wabash Ave, Chicago, IL 60605",
                    "reviews": "rec'd by multiple people\nseafood boil"
                }
            },
            {
                "type": "Feature",
                "geometry": {
                    "type": "Point",
                    "coordinates": [
                        -87.6245487,
                        41.8637766
                    ]
                },
                "properties": {
                    "name": "Mikami",
                    "address": "1400 S Michigan Ave, Chicago, IL 60605",
                    "reviews": "tiktok rec, food looks really good"
                }
            },
            {
                "type": "Feature",
                "geometry": {
                    "type": "Point",
                    "coordinates": [
                        -87.6236994,
                        41.8656405
                    ]
                },
                "properties": {
                    "name": "Nepal House",
                    "address": "1301 S Michigan Ave, Chicago, IL 60605",
                    "reviews": ""
                }
            },
            {
                "type": "Feature",
                "geometry": {
                    "type": "Point",
                    "coordinates": [
                        -87.6308787,
                        41.8763599
                    ]
                },
                "properties": {
                    "name": "S2 Express Grill",
                    "address": "420 S Clark St, Chicago, IL 60605",
                    "reviews": "Good DJ"
                }
            },
            {
                "type": "Feature",
                "geometry": {
                    "type": "Point",
                    "coordinates": [
                        -87.6268587,
                        41.8531875
                    ]
                },
                "properties": {
                    "name": "Sharks Fish and Chicken",
                    "address": "2139 S State St, Chicago, IL 60616",
                    "reviews": ""
                }
            },
            {
                "type": "Feature",
                "geometry": {
                    "type": "Point",
                    "coordinates": [
                        -87.6260919,
                        41.8738181
                    ]
                },
                "properties": {
                    "name": "Thai Spoon and Sushi",
                    "address": "601 S Wabash Ave, Chicago, IL 60605",
                    "reviews": "Allen: they have alright food"
                }
            },
            {
                "type": "Feature",
                "geometry": {
                    "type": "Point",
                    "coordinates": [
                        -87.6004329,
                        41.8918313
                    ]
                },
                "properties": {
                    "name": "Offshore Rooftop",
                    "address": "1000 E Grand Ave, Chicago, IL 60611",
                    "reviews": "On tip of Navy Pier"
                }
            },
            {
                "type": "Feature",
                "geometry": {
                    "type": "Point",
                    "coordinates": [
                        -87.6232272,
                        41.8923449
                    ]
                },
                "properties": {
                    "name": "Second Story",
                    "address": "157 E Ohio St, Chicago, IL 60611",
                    "reviews": ""
                }
            },
            {
                "type": "Feature",
                "geometry": {
                    "type": "Point",
                    "coordinates": [
                        -87.6249808,
                        41.8962892
                    ]
                },
                "properties": {
                    "name": "Z Bar",
                    "address": "108 E Superior St, Chicago, IL 60611",
                    "reviews": "Nice terrace rooftop"
                }
            },
            {
                "type": "Feature",
                "geometry": {
                    "type": "Point",
                    "coordinates": [
                        -87.6212547,
                        41.8981328
                    ]
                },
                "properties": {
                    "name": "Cafecito",
                    "address": "215 E Chestnut St, Chicago, IL 60611",
                    "reviews": "Allen: fav restaurant in Chicago"
                }
            },
            {
                "type": "Feature",
                "geometry": {
                    "type": "Point",
                    "coordinates": [
                        -87.622045,
                        41.8978458
                    ]
                },
                "properties": {
                    "name": "Wildberry Cafe",
                    "address": "196 E Pearson St, Chicago, IL 60611",
                    "reviews": ""
                }
            },
            {
                "type": "Feature",
                "geometry": {
                    "type": "Point",
                    "coordinates": [
                        -87.6246408,
                        41.8939214
                    ]
                },
                "properties": {
                    "name": "Starbucks Reserve",
                    "address": "646 N Michigan Ave, Chicago, IL 60611",
                    "reviews": ""
                }
            },
            {
                "type": "Feature",
                "geometry": {
                    "type": "Point",
                    "coordinates": [
                        -87.6223586,
                        41.8978848
                    ]
                },
                "properties": {
                    "name": "TE'AMO",
                    "address": "835 N Michigan Ave, Chicago, IL 60611",
                    "reviews": "try crystallized fruit"
                }
            },
            {
                "type": "Feature",
                "geometry": {
                    "type": "Point",
                    "coordinates": [
                        -87.6230535,
                        41.8960074
                    ]
                },
                "properties": {
                    "name": "Gino's East",
                    "address": "162 E Superior St, Chicago, IL 60611",
                    "reviews": ""
                }
            },
            {
                "type": "Feature",
                "geometry": {
                    "type": "Point",
                    "coordinates": [
                        -87.6028356,
                        41.8913281
                    ]
                },
                "properties": {
                    "name": "Lirica",
                    "address": "900 E Grand Ave, Chicago, IL 60611",
                    "reviews": ""
                }
            },
            {
                "type": "Feature",
                "geometry": {
                    "type": "Point",
                    "coordinates": [
                        -87.6213583,
                        41.8910642
                    ]
                },
                "properties": {
                    "name": "Qiao Lin Hotpot",
                    "address": "210 E Illinois St, Chicago, IL 60611",
                    "reviews": ""
                }
            },
            {
                "type": "Feature",
                "geometry": {
                    "type": "Point",
                    "coordinates": [
                        -87.6231997,
                        41.894538
                    ]
                },
                "properties": {
                    "name": "Ramen San",
                    "address": "165 E Huron St, Chicago, IL 60611",
                    "reviews": "try edamame hummus"
                }
            },
            {
                "type": "Feature",
                "geometry": {
                    "type": "Point",
                    "coordinates": [
                        -87.6215145,
                        41.894002
                    ]
                },
                "properties": {
                    "name": "Do-Rite",
                    "address": "233 E Erie St, Chicago, IL 60611",
                    "reviews": ""
                }
            },
            {
                "type": "Feature",
                "geometry": {
                    "type": "Point",
                    "coordinates": [
                        -87.6247284,
                        41.8895686
                    ]
                },
                "properties": {
                    "name": "Ghirardelli",
                    "address": "400 N Michigan Ave, Chicago, IL 60611",
                    "reviews": ""
                }
            },
            {
                "type": "Feature",
                "geometry": {
                    "type": "Point",
                    "coordinates": [
                        -87.6207448,
                        41.8935237
                    ]
                },
                "properties": {
                    "name": "Sweet Mandy B's",
                    "address": "254 E Ontario St, Chicago, IL 60611",
                    "reviews": ""
                }
            },
            {
                "type": "Feature",
                "geometry": {
                    "type": "Point",
                    "coordinates": [
                        -87.6555863,
                        41.963009
                    ]
                },
                "properties": {
                    "name": "Drink & Ink",
                    "address": "4443 N Broadway, Chicago, IL 60640",
                    "reviews": "livestream of people getting tattoos next door"
                }
            },
            {
                "type": "Feature",
                "geometry": {
                    "type": "Point",
                    "coordinates": [
                        -87.6665621,
                        41.96223
                    ]
                },
                "properties": {
                    "name": "My Buddy's",
                    "address": "4416 N Clark St, Chicago, IL 60640",
                    "reviews": ""
                }
            },
            {
                "type": "Feature",
                "geometry": {
                    "type": "Point",
                    "coordinates": [
                        -87.6598913,
                        41.9691831
                    ]
                },
                "properties": {
                    "name": "Green Mill",
                    "address": "4802 N Broadway, Chicago, IL 60640",
                    "reviews": "One of the oldest speakeasys in Chicago, plays jazz music"
                }
            },
            {
                "type": "Feature",
                "geometry": {
                    "type": "Point",
                    "coordinates": [
                        -87.6675211,
                        41.9684425
                    ]
                },
                "properties": {
                    "name": "BadaBing Wings Zone",
                    "address": "4754 N Clark St, Chicago, IL 60640",
                    "reviews": "rec'd by tiktok, best wings in chicago"
                }
            },
            {
                "type": "Feature",
                "geometry": {
                    "type": "Point",
                    "coordinates": [
                        -87.6561851,
                        41.9734126
                    ]
                },
                "properties": {
                    "name": "Nha Hang",
                    "address": "1032 W Argyle St, Chicago, IL 60640",
                    "reviews": "Pho looked good on TikTok"
                }
            },
            {
                "type": "Feature",
                "geometry": {
                    "type": "Point",
                    "coordinates": [
                        -87.6591442,
                        41.9723044
                    ]
                },
                "properties": {
                    "name": "YooYee",
                    "address": "4925 N Broadway, Chicago, IL 60640",
                    "reviews": ""
                }
            },
            {
                "type": "Feature",
                "geometry": {
                    "type": "Point",
                    "coordinates": [
                        -87.6787943,
                        41.9430031
                    ]
                },
                "properties": {
                    "name": "Kitsch'n on Roscoe",
                    "address": "2005 W Roscoe St, Chicago, IL 60618",
                    "reviews": ""
                }
            },
            {
                "type": "Feature",
                "geometry": {
                    "type": "Point",
                    "coordinates": [
                        -87.6789453,
                        41.9325286
                    ]
                },
                "properties": {
                    "name": "Hexe Coffee Co",
                    "address": "2000 W Diversey Pkwy, Chicago, IL 60614",
                    "reviews": "chill coffee shop with a patio"
                }
            },
            {
                "type": "Feature",
                "geometry": {
                    "type": "Point",
                    "coordinates": [
                        -87.6702495,
                        41.939757
                    ]
                },
                "properties": {
                    "name": "Scooter's Frozen Custard",
                    "address": "1658 W Belmont Ave, Chicago, IL 60657",
                    "reviews": ""
                }
            },
            {
                "type": "Feature",
                "geometry": {
                    "type": "Point",
                    "coordinates": [
                        -87.6522418,
                        41.885325
                    ]
                },
                "properties": {
                    "name": "Federales",
                    "address": "180 N Morgan St, Chicago, IL 60607",
                    "reviews": "rec'd by multiple people"
                }
            },
            {
                "type": "Feature",
                "geometry": {
                    "type": "Point",
                    "coordinates": [
                        -87.6482573,
                        41.8837644
                    ]
                },
                "properties": {
                    "name": "Fox Bar",
                    "address": "113 N Green St, Chicago, IL 60607",
                    "reviews": ""
                }
            },
            {
                "type": "Feature",
                "geometry": {
                    "type": "Point",
                    "coordinates": [
                        -87.6535862,
                        41.8853338
                    ]
                },
                "properties": {
                    "name": "Inkwell",
                    "address": "1039 W Lake St, Chicago, IL 60607",
                    "reviews": ""
                }
            },
            {
                "type": "Feature",
                "geometry": {
                    "type": "Point",
                    "coordinates": [
                        -87.6451298,
                        41.8859113
                    ]
                },
                "properties": {
                    "name": "Moneygun",
                    "address": "660 W Lake St, Chicago, IL 60661",
                    "reviews": "rec'd by multiple people"
                }
            },
            {
                "type": "Feature",
                "geometry": {
                    "type": "Point",
                    "coordinates": [
                        -87.6492839,
                        41.8892101
                    ]
                },
                "properties": {
                    "name": "Recess",
                    "address": "838 W Kinzie St, Chicago, IL 60607",
                    "reviews": "rec'd by multiple people"
                }
            },
            {
                "type": "Feature",
                "geometry": {
                    "type": "Point",
                    "coordinates": [
                        -87.6559723,
                        41.8831528
                    ]
                },
                "properties": {
                    "name": "The Press Room",
                    "address": "1134 W Washington Blvd, Chicago, IL 60607",
                    "reviews": "basement speakeasy"
                }
            },
            {
                "type": "Feature",
                "geometry": {
                    "type": "Point",
                    "coordinates": [
                        -87.6518093,
                        41.8874771
                    ]
                },
                "properties": {
                    "name": "Fora",
                    "address": "311 N Morgan St, Chicago, IL 60607",
                    "reviews": "$30 bottomless mimosas"
                }
            },
            {
                "type": "Feature",
                "geometry": {
                    "type": "Point",
                    "coordinates": [
                        -87.642651,
                        41.885325
                    ]
                },
                "properties": {
                    "name": "Wishbone",
                    "address": "161 N Jefferson St, Chicago, IL 60661",
                    "reviews": ""
                }
            },
            {
                "type": "Feature",
                "geometry": {
                    "type": "Point",
                    "coordinates": [
                        -87.6500401,
                        41.8862659
                    ]
                },
                "properties": {
                    "name": "Good Ambler",
                    "address": "216 N Peoria St, Chicago, IL 60607",
                    "reviews": ""
                }
            },
            {
                "type": "Feature",
                "geometry": {
                    "type": "Point",
                    "coordinates": [
                        -87.6528669,
                        41.8854038
                    ]
                },
                "properties": {
                    "name": "Matcha Cita",
                    "address": "1017 W Lake St, Chicago, IL 60607",
                    "reviews": ""
                }
            },
            {
                "type": "Feature",
                "geometry": {
                    "type": "Point",
                    "coordinates": [
                        -87.6482573,
                        41.8837644
                    ]
                },
                "properties": {
                    "name": "The Allis",
                    "address": "113 N Green St, Chicago, IL 60607",
                    "reviews": ""
                }
            },
            {
                "type": "Feature",
                "geometry": {
                    "type": "Point",
                    "coordinates": [
                        -87.6517588,
                        41.8868857
                    ]
                },
                "properties": {
                    "name": "Blind Barber",
                    "address": "948 W Fulton St, Chicago, IL 60607",
                    "reviews": "70s-themed bar\nHidden entrance speakeasy\nrec'd by multiple people\nI (Allen) like it"
                }
            },
            {
                "type": "Feature",
                "geometry": {
                    "type": "Point",
                    "coordinates": [
                        -87.647215,
                        41.8848397
                    ]
                },
                "properties": {
                    "name": "Esco Bar",
                    "address": "738 W Couch Place, Chicago, IL 60661",
                    "reviews": ""
                }
            },
            {
                "type": "Feature",
                "geometry": {
                    "type": "Point",
                    "coordinates": [
                        -87.6501144,
                        41.8841206
                    ]
                },
                "properties": {
                    "name": "Good Night John Boy",
                    "address": "905 W Randolph St, Chicago, IL 60607",
                    "reviews": "$20 cover fee for men"
                }
            },
            {
                "type": "Feature",
                "geometry": {
                    "type": "Point",
                    "coordinates": [
                        -87.6488726,
                        41.8870188
                    ]
                },
                "properties": {
                    "name": "Aba",
                    "address": "302 N Green St, Chicago, IL 60607",
                    "reviews": "Mediterranean food"
                }
            },
            {
                "type": "Feature",
                "geometry": {
                    "type": "Point",
                    "coordinates": [
                        -87.6423192,
                        41.8846933
                    ]
                },
                "properties": {
                    "name": "Alla Vita",
                    "address": "564 W Randolph St, Chicago, IL 60661",
                    "reviews": ""
                }
            },
            {
                "type": "Feature",
                "geometry": {
                    "type": "Point",
                    "coordinates": [
                        -87.6476231,
                        41.8787225
                    ]
                },
                "properties": {
                    "name": "Athena",
                    "address": "212 S Halsted St, Chicago, IL 60661",
                    "reviews": ""
                }
            },
            {
                "type": "Feature",
                "geometry": {
                    "type": "Point",
                    "coordinates": [
                        -87.6433917,
                        41.884215
                    ]
                },
                "properties": {
                    "name": "Avec",
                    "address": "615 W Randolph St, Chicago, IL 60661",
                    "reviews": "rec'd by multiple people"
                }
            },
            {
                "type": "Feature",
                "geometry": {
                    "type": "Point",
                    "coordinates": [
                        -87.6487499,
                        41.8847419
                    ]
                },
                "properties": {
                    "name": "Bar Siena",
                    "address": "832 W Randolph St, Chicago, IL 60607",
                    "reviews": ""
                }
            },
            {
                "type": "Feature",
                "geometry": {
                    "type": "Point",
                    "coordinates": [
                        -87.6562029,
                        41.890914
                    ]
                },
                "properties": {
                    "name": "Butterfly Sushi",
                    "address": "1139 W Grand Ave, Chicago, IL 60642",
                    "reviews": ""
                }
            },
            {
                "type": "Feature",
                "geometry": {
                    "type": "Point",
                    "coordinates": [
                        -87.6491365,
                        41.8858848
                    ]
                },
                "properties": {
                    "name": "Cabra",
                    "address": "200 N Green St, Chicago, IL 60607",
                    "reviews": "good peruvian food"
                }
            },
            {
                "type": "Feature",
                "geometry": {
                    "type": "Point",
                    "coordinates": [
                        -87.6491365,
                        41.8858848
                    ]
                },
                "properties": {
                    "name": "Cira",
                    "address": "200 N Green St, Chicago, IL 60607",
                    "reviews": "Mediterranean place"
                }
            },
            {
                "type": "Feature",
                "geometry": {
                    "type": "Point",
                    "coordinates": [
                        -87.6556331,
                        41.8913044
                    ]
                },
                "properties": {
                    "name": "D'Amato's Bakery",
                    "address": "1124 W Grand Ave, Chicago, IL 60642",
                    "reviews": ""
                }
            },
            {
                "type": "Feature",
                "geometry": {
                    "type": "Point",
                    "coordinates": [
                        -87.6594489,
                        41.8908482
                    ]
                },
                "properties": {
                    "name": "Diego Chicago Restaurant",
                    "address": "459 N Ogden Ave, Chicago, IL 60642",
                    "reviews": "good tostadas and cocktails"
                }
            },
            {
                "type": "Feature",
                "geometry": {
                    "type": "Point",
                    "coordinates": [
                        -87.6496368,
                        41.8866017
                    ]
                },
                "properties": {
                    "name": "Duck Duck Goat",
                    "address": "857 W Fulton St, Chicago, IL 60607",
                    "reviews": "chinese food"
                }
            },
            {
                "type": "Feature",
                "geometry": {
                    "type": "Point",
                    "coordinates": [
                        -87.6491707,
                        41.882868
                    ]
                },
                "properties": {
                    "name": "El Che Steakhouse & Bar",
                    "address": "845 W Washington Blvd, Chicago, IL 60607",
                    "reviews": "argentinan steakhouse"
                }
            },
            {
                "type": "Feature",
                "geometry": {
                    "type": "Point",
                    "coordinates": [
                        -87.6479388,
                        41.8841108
                    ]
                },
                "properties": {
                    "name": "Girl & The Goat",
                    "address": "809 W Randolph St, Chicago, IL 60607",
                    "reviews": ""
                }
            },
            {
                "type": "Feature",
                "geometry": {
                    "type": "Point",
                    "coordinates": [
                        -87.6489162,
                        41.8836965
                    ]
                },
                "properties": {
                    "name": "Green Street Smoked Meats",
                    "address": "112 N Green St, Chicago, IL 60607",
                    "reviews": "Becca rec'd"
                }
            },
            {
                "type": "Feature",
                "geometry": {
                    "type": "Point",
                    "coordinates": [
                        -87.6489378,
                        41.8846053
                    ]
                },
                "properties": {
                    "name": "Hide+Seek",
                    "address": "838 W Randolph St, Chicago, IL 60607",
                    "reviews": ""
                }
            },
            {
                "type": "Feature",
                "geometry": {
                    "type": "Point",
                    "coordinates": [
                        -87.6472898,
                        41.8846338
                    ]
                },
                "properties": {
                    "name": "La Josie",
                    "address": "740 W Randolph St, Chicago, IL 60661",
                    "reviews": "Mexican place"
                }
            },
            {
                "type": "Feature",
                "geometry": {
                    "type": "Point",
                    "coordinates": [
                        -87.6468381,
                        41.8910439
                    ]
                },
                "properties": {
                    "name": "La Scarola",
                    "address": "721 W Grand Ave, Chicago, IL 60654",
                    "reviews": ""
                }
            },
            {
                "type": "Feature",
                "geometry": {
                    "type": "Point",
                    "coordinates": [
                        -87.6499579,
                        41.8846081
                    ]
                },
                "properties": {
                    "name": "Lena Brava",
                    "address": "900 W Randolph St, Chicago, IL 60607",
                    "reviews": ""
                }
            },
            {
                "type": "Feature",
                "geometry": {
                    "type": "Point",
                    "coordinates": [
                        -87.6494793,
                        41.8846791
                    ]
                },
                "properties": {
                    "name": "Nobu",
                    "address": "854 W Randolph St, Chicago, IL 60607",
                    "reviews": ""
                }
            },
            {
                "type": "Feature",
                "geometry": {
                    "type": "Point",
                    "coordinates": [
                        -87.6507162,
                        41.8841395
                    ]
                },
                "properties": {
                    "name": "Nonna's Pizza",
                    "address": "925 W Randolph St, Chicago, IL 60607",
                    "reviews": ""
                }
            },
            {
                "type": "Feature",
                "geometry": {
                    "type": "Point",
                    "coordinates": [
                        -87.6488895,
                        41.8834763
                    ]
                },
                "properties": {
                    "name": "Parlor Pizza",
                    "address": "108 N Green St, Chicago, IL 60607",
                    "reviews": "rec'd by multiple people"
                }
            },
            {
                "type": "Feature",
                "geometry": {
                    "type": "Point",
                    "coordinates": [
                        -87.656636,
                        41.886873
                    ]
                },
                "properties": {
                    "name": "Pasta Veneta",
                    "address": "1154 W Fulton St, Chicago, IL 60607",
                    "reviews": ""
                }
            },
            {
                "type": "Feature",
                "geometry": {
                    "type": "Point",
                    "coordinates": [
                        -87.658064,
                        41.8908383
                    ]
                },
                "properties": {
                    "name": "PIZZ'AMICI",
                    "address": "1215 W Grand Ave, Chicago, IL 60642",
                    "reviews": ""
                }
            },
            {
                "type": "Feature",
                "geometry": {
                    "type": "Point",
                    "coordinates": [
                        -87.648315,
                        41.8866396
                    ]
                },
                "properties": {
                    "name": "Ramen Wasabi ",
                    "address": "819 W Fulton St, Chicago, IL 60607",
                    "reviews": ""
                }
            },
            {
                "type": "Feature",
                "geometry": {
                    "type": "Point",
                    "coordinates": [
                        -87.6607741,
                        41.8817715
                    ]
                },
                "properties": {
                    "name": "Ranalli\u2019s Pizza",
                    "address": "1326 W Madison St, Chicago, IL 60607",
                    "reviews": ""
                }
            },
            {
                "type": "Feature",
                "geometry": {
                    "type": "Point",
                    "coordinates": [
                        -87.6392607,
                        41.8786908
                    ]
                },
                "properties": {
                    "name": "Robinson's No. 1 Ribs",
                    "address": "225 S Canal St, Chicago, IL 60606",
                    "reviews": ""
                }
            },
            {
                "type": "Feature",
                "geometry": {
                    "type": "Point",
                    "coordinates": [
                        -87.6471409,
                        41.8848366
                    ]
                },
                "properties": {
                    "name": "ROOP",
                    "address": "736 W Randolph St, Chicago, IL 60661",
                    "reviews": "indian place"
                }
            },
            {
                "type": "Feature",
                "geometry": {
                    "type": "Point",
                    "coordinates": [
                        -87.6452476,
                        41.8859587
                    ]
                },
                "properties": {
                    "name": "SUNNYGUN",
                    "address": "664 W Lake St, Chicago, IL 60661",
                    "reviews": ""
                }
            },
            {
                "type": "Feature",
                "geometry": {
                    "type": "Point",
                    "coordinates": [
                        -87.6518093,
                        41.8874771
                    ]
                },
                "properties": {
                    "name": "Sushi by Bou",
                    "address": "311 N Morgan St, Chicago, IL 60607",
                    "reviews": ""
                }
            },
            {
                "type": "Feature",
                "geometry": {
                    "type": "Point",
                    "coordinates": [
                        -87.6477689,
                        41.877817
                    ]
                },
                "properties": {
                    "name": "Taco Burrito King",
                    "address": "811 W Jackson Blvd, Chicago, IL 60607",
                    "reviews": "Trey's fav burrito"
                }
            },
            {
                "type": "Feature",
                "geometry": {
                    "type": "Point",
                    "coordinates": [
                        -87.6499577,
                        41.8839497
                    ]
                },
                "properties": {
                    "name": "Tacombi",
                    "address": "126 N Peoria St, Chicago, IL 60607",
                    "reviews": "amazing birria tacos"
                }
            },
            {
                "type": "Feature",
                "geometry": {
                    "type": "Point",
                    "coordinates": [
                        -87.6520198,
                        41.8852667
                    ]
                },
                "properties": {
                    "name": "Do-Rite",
                    "address": "181 N Morgan St, Chicago, IL 60607",
                    "reviews": ""
                }
            },
            {
                "type": "Feature",
                "geometry": {
                    "type": "Point",
                    "coordinates": [
                        -87.6505169,
                        41.8841612
                    ]
                },
                "properties": {
                    "name": "Jeni's Splendid Ice Cream",
                    "address": "908 W Randolph St, Chicago, IL 60607",
                    "reviews": "rec'd by multiple people"
                }
            },
            {
                "type": "Feature",
                "geometry": {
                    "type": "Point",
                    "coordinates": [
                        -87.6986968,
                        41.9974936
                    ]
                },
                "properties": {
                    "name": "Asian Homecook",
                    "address": "2739 W Devon Ave, Chicago, IL 60659",
                    "reviews": "really good rohingyan and malaysian food!"
                }
            },
            {
                "type": "Feature",
                "geometry": {
                    "type": "Point",
                    "coordinates": [
                        -87.6866529,
                        41.9004807
                    ]
                },
                "properties": {
                    "name": "Empty Bottle",
                    "address": "1035 N Western Ave, Chicago, IL 60622",
                    "reviews": "Plays indie music, punk, r&b sometimes, dive bar"
                }
            },
            {
                "type": "Feature",
                "geometry": {
                    "type": "Point",
                    "coordinates": [
                        -87.6727979,
                        41.896179
                    ]
                },
                "properties": {
                    "name": "Barcocina",
                    "address": "1814 W Chicago Ave, Chicago, IL 60622",
                    "reviews": ""
                }
            },
            {
                "type": "Feature",
                "geometry": {
                    "type": "Point",
                    "coordinates": [
                        -87.6704013,
                        41.8958892
                    ]
                },
                "properties": {
                    "name": "JJ Thai Street Food",
                    "address": "1715 W Chicago Ave, Chicago, IL 60622",
                    "reviews": "rec'd by a Thai person"
                }
            },
            {
                "type": "Feature",
                "geometry": {
                    "type": "Point",
                    "coordinates": [
                        -87.6756548,
                        41.8996921
                    ]
                },
                "properties": {
                    "name": "Kasama",
                    "address": "1001 N Winchester Ave, Chicago, IL 60622",
                    "reviews": "filipino place"
                }
            },
            {
                "type": "Feature",
                "geometry": {
                    "type": "Point",
                    "coordinates": [
                        -87.6779329,
                        41.8960887
                    ]
                },
                "properties": {
                    "name": "Lao Peng You",
                    "address": "2020 W Chicago Ave, Chicago IL 60622",
                    "reviews": ""
                }
            },
            {
                "type": "Feature",
                "geometry": {
                    "type": "Point",
                    "coordinates": [
                        -87.6784119,
                        41.9030877
                    ]
                },
                "properties": {
                    "name": "Nikko Sushi Izakaya",
                    "address": "2047 W Division St, Chicago, IL 60622",
                    "reviews": "It\u2019s incredible, all you can eat specialty rolls for $30 matcha ice cream is crazy good"
                }
            },
            {
                "type": "Feature",
                "geometry": {
                    "type": "Point",
                    "coordinates": [
                        -87.6697488,
                        41.8910777
                    ]
                },
                "properties": {
                    "name": "Uncle Mike's Place",
                    "address": "1700 W Grand Ave, Chicago, IL 60622",
                    "reviews": ""
                }
            },
            {
                "type": "Feature",
                "geometry": {
                    "type": "Point",
                    "coordinates": [
                        -87.6717167,
                        41.8957879
                    ]
                },
                "properties": {
                    "name": "Yuzu",
                    "address": "1751 W Chicago Ave, Chicago, IL 60622",
                    "reviews": ""
                }
            },
            {
                "type": "Feature",
                "geometry": {
                    "type": "Point",
                    "coordinates": [
                        -87.6767511,
                        41.8976177
                    ]
                },
                "properties": {
                    "name": "Black Dog Gelato",
                    "address": "859 N Damen Ave, Chicago, IL 60622",
                    "reviews": ""
                }
            },
            {
                "type": "Feature",
                "geometry": {
                    "type": "Point",
                    "coordinates": [
                        -87.6765997,
                        41.9103836
                    ]
                },
                "properties": {
                    "name": "Dorian's",
                    "address": "1939 W North Ave, Chicago, IL 60622",
                    "reviews": "Hidden entrance speakeasy, jazz bands\nrec'd by multiple people, Marissa too"
                }
            },
            {
                "type": "Feature",
                "geometry": {
                    "type": "Point",
                    "coordinates": [
                        -87.6762812,
                        41.9093381
                    ]
                },
                "properties": {
                    "name": "DSTRKT",
                    "address": "1540 N Milwaukee Ave, Chicago, IL 60622",
                    "reviews": "rec'd by multiple people"
                }
            },
            {
                "type": "Feature",
                "geometry": {
                    "type": "Point",
                    "coordinates": [
                        -87.6766328,
                        41.9034362
                    ]
                },
                "properties": {
                    "name": "Easy Bar",
                    "address": "1944 W Division St, Chicago, IL 60622",
                    "reviews": "Cheap happy hours"
                }
            },
            {
                "type": "Feature",
                "geometry": {
                    "type": "Point",
                    "coordinates": [
                        -87.6718481,
                        41.9064541
                    ]
                },
                "properties": {
                    "name": "Emporium Arcade Bar",
                    "address": "1366 N Milwaukee Ave, Chicago, IL 60622",
                    "reviews": ""
                }
            },
            {
                "type": "Feature",
                "geometry": {
                    "type": "Point",
                    "coordinates": [
                        -87.6699648,
                        41.9104176
                    ]
                },
                "properties": {
                    "name": "Louie's Pub",
                    "address": "1659 W North Ave, Chicago, IL 60622",
                    "reviews": "karaoke, free popcorn"
                }
            },
            {
                "type": "Feature",
                "geometry": {
                    "type": "Point",
                    "coordinates": [
                        -87.6866236,
                        41.9160608
                    ]
                },
                "properties": {
                    "name": "Remedy",
                    "address": "1910 N Milwaukee Ave, Chicago, IL 60647",
                    "reviews": "cozy vibes, candlelit tables"
                }
            },
            {
                "type": "Feature",
                "geometry": {
                    "type": "Point",
                    "coordinates": [
                        -87.669077,
                        41.9047288
                    ]
                },
                "properties": {
                    "name": "Revolver",
                    "address": "1270 N Milwaukee Ave, Chicago, IL 60622",
                    "reviews": ""
                }
            },
            {
                "type": "Feature",
                "geometry": {
                    "type": "Point",
                    "coordinates": [
                        -87.6749167,
                        41.9084486
                    ]
                },
                "properties": {
                    "name": "Bongo Room",
                    "address": "1470 N Milwaukee Ave, Chicago, IL 60622",
                    "reviews": ""
                }
            },
            {
                "type": "Feature",
                "geometry": {
                    "type": "Point",
                    "coordinates": [
                        -87.6772965,
                        41.909438
                    ]
                },
                "properties": {
                    "name": "Dove's Luncheonette",
                    "address": "1545 N Damen Ave, Chicago, IL 60622",
                    "reviews": "Allen: nice little brunch place"
                }
            },
            {
                "type": "Feature",
                "geometry": {
                    "type": "Point",
                    "coordinates": [
                        -87.6870717,
                        41.9158148
                    ]
                },
                "properties": {
                    "name": "Le Caf\u00e9 Station",
                    "address": "1901 N Western Ave, Chicago, IL 60647",
                    "reviews": "Allen: good sandwiches and wraps"
                }
            },
            {
                "type": "Feature",
                "geometry": {
                    "type": "Point",
                    "coordinates": [
                        -87.6832788,
                        41.9144268
                    ]
                },
                "properties": {
                    "name": "Ipsento 606",
                    "address": "1813 N Milwaukee Ave, Chicago, IL 60647",
                    "reviews": ""
                }
            },
            {
                "type": "Feature",
                "geometry": {
                    "type": "Point",
                    "coordinates": [
                        -87.6877717,
                        41.9172913
                    ]
                },
                "properties": {
                    "name": "Snakes & Lattes ",
                    "address": "1965 N Milwaukee Ave, Chicago, IL 60647",
                    "reviews": "rec'd by multiple people, including tiktok"
                }
            },
            {
                "type": "Feature",
                "geometry": {
                    "type": "Point",
                    "coordinates": [
                        -87.6746888,
                        41.9083283
                    ]
                },
                "properties": {
                    "name": "Wormhole Coffee",
                    "address": "1462 N Milwaukee Ave, Chicago, IL 60622",
                    "reviews": ""
                }
            },
            {
                "type": "Feature",
                "geometry": {
                    "type": "Point",
                    "coordinates": [
                        -87.6870803,
                        41.9177
                    ]
                },
                "properties": {
                    "name": "Arturo's Tacos",
                    "address": "2001 N Western Ave, Chicago, IL 60647",
                    "reviews": ""
                }
            },
            {
                "type": "Feature",
                "geometry": {
                    "type": "Point",
                    "coordinates": [
                        -87.6737117,
                        41.9124814
                    ]
                },
                "properties": {
                    "name": "Club Lucky",
                    "address": "1824 W Wabansia Ave, Chicago, IL 60622",
                    "reviews": ""
                }
            },
            {
                "type": "Feature",
                "geometry": {
                    "type": "Point",
                    "coordinates": [
                        -87.6684824,
                        41.9049712
                    ]
                },
                "properties": {
                    "name": "Iron Age",
                    "address": "1265 N Milwaukee Ave, Chicago, IL 60622",
                    "reviews": "Korean bbq, Trey's fav restaurant"
                }
            },
            {
                "type": "Feature",
                "geometry": {
                    "type": "Point",
                    "coordinates": [
                        -87.687083,
                        41.9178948
                    ]
                },
                "properties": {
                    "name": "Manchamanteles",
                    "address": "2009 N Western Ave, Chicago, IL 60647",
                    "reviews": ""
                }
            },
            {
                "type": "Feature",
                "geometry": {
                    "type": "Point",
                    "coordinates": [
                        -87.6672878,
                        41.9071316
                    ]
                },
                "properties": {
                    "name": "Mott St",
                    "address": "1401 N Ashland Ave, Chicago, IL 60622",
                    "reviews": "Rec'd by Marissa"
                }
            },
            {
                "type": "Feature",
                "geometry": {
                    "type": "Point",
                    "coordinates": [
                        -87.6719877,
                        41.9071866
                    ]
                },
                "properties": {
                    "name": "Oiistar",
                    "address": "1385 N Milwaukee Ave, Chicago, IL 60622",
                    "reviews": ""
                }
            },
            {
                "type": "Feature",
                "geometry": {
                    "type": "Point",
                    "coordinates": [
                        -87.6756349,
                        41.9101888
                    ]
                },
                "properties": {
                    "name": "Paradise Park Pizza",
                    "address": "1913 W North Ave, Chicago, IL 60622",
                    "reviews": "Allen: Food's pretty good"
                }
            },
            {
                "type": "Feature",
                "geometry": {
                    "type": "Point",
                    "coordinates": [
                        -87.6776238,
                        41.9101378
                    ]
                },
                "properties": {
                    "name": "Paulie Gee's Pizza",
                    "address": "1566 N Damen Ave, Chicago, IL 60622",
                    "reviews": ""
                }
            },
            {
                "type": "Feature",
                "geometry": {
                    "type": "Point",
                    "coordinates": [
                        -87.6892277,
                        41.9174239
                    ]
                },
                "properties": {
                    "name": "Redhot Ranch",
                    "address": "2449 W Armitage Ave, Chicago, IL 60647",
                    "reviews": ""
                }
            },
            {
                "type": "Feature",
                "geometry": {
                    "type": "Point",
                    "coordinates": [
                        -87.6751445,
                        41.9034515
                    ]
                },
                "properties": {
                    "name": "Sushi Taku",
                    "address": "1904 W Division St, Chicago, IL 60622",
                    "reviews": ""
                }
            },
            {
                "type": "Feature",
                "geometry": {
                    "type": "Point",
                    "coordinates": [
                        -87.6876014,
                        41.9159285
                    ]
                },
                "properties": {
                    "name": "Sweet Rice",
                    "address": "1904 N Western Ave, Chicago, IL 60647",
                    "reviews": "Allen: good Korean and Thai food"
                }
            },
            {
                "type": "Feature",
                "geometry": {
                    "type": "Point",
                    "coordinates": [
                        -87.6767635,
                        41.909658
                    ]
                },
                "properties": {
                    "name": "Taxim",
                    "address": "1558 N Milwaukee Ave, Chicago, IL 60622",
                    "reviews": ""
                }
            },
            {
                "type": "Feature",
                "geometry": {
                    "type": "Point",
                    "coordinates": [
                        -87.6876333,
                        41.9173701
                    ]
                },
                "properties": {
                    "name": "Margie's Candies",
                    "address": "1960 N Western Ave, Chicago, IL 60647",
                    "reviews": ""
                }
            },
            {
                "type": "Feature",
                "geometry": {
                    "type": "Point",
                    "coordinates": [
                        -87.6617673,
                        41.9472991
                    ]
                },
                "properties": {
                    "name": "Guthries",
                    "address": "1300 W Addison St, Chicago, IL 60613",
                    "reviews": "board game bar, trivia nights"
                }
            },
            {
                "type": "Feature",
                "geometry": {
                    "type": "Point",
                    "coordinates": [
                        -87.6642195,
                        41.9475431
                    ]
                },
                "properties": {
                    "name": "Cafe Tola",
                    "address": "3612 N Southport Ave, Chicago, IL 60613",
                    "reviews": ""
                }
            },
            {
                "type": "Feature",
                "geometry": {
                    "type": "Point",
                    "coordinates": [
                        -87.6590034,
                        41.9497837
                    ]
                },
                "properties": {
                    "name": "smartbar",
                    "address": "3730 N Clark St, Chicago, IL 60613",
                    "reviews": "techno/house music, open until 4am on weekends"
                }
            },
            {
                "type": "Feature",
                "geometry": {
                    "type": "Point",
                    "coordinates": [
                        -87.6556426,
                        41.9464066
                    ]
                },
                "properties": {
                    "name": "Tin Roof",
                    "address": "3519 N Clark St, Chicago, IL 60657",
                    "reviews": "Allen: Lively bar, good dj and dance floor"
                }
            },
            {
                "type": "Feature",
                "geometry": {
                    "type": "Point",
                    "coordinates": [
                        -87.653844,
                        41.9445427
                    ]
                },
                "properties": {
                    "name": "Underground Lounge",
                    "address": "952 W Newport Ave, Chicago, IL 60657",
                    "reviews": ""
                }
            },
            {
                "type": "Feature",
                "geometry": {
                    "type": "Point",
                    "coordinates": [
                        -87.6550537,
                        41.9449518
                    ]
                },
                "properties": {
                    "name": "Happy Camper",
                    "address": "3458 N Clark St, Chicago, IL 60657",
                    "reviews": ""
                }
            },
            {
                "type": "Feature",
                "geometry": {
                    "type": "Point",
                    "coordinates": [
                        -87.657429,
                        41.9484978
                    ]
                },
                "properties": {
                    "name": "Hattie B's",
                    "address": "3649 N Clark St, Chicago, IL 60613",
                    "reviews": ""
                }
            },
            {
                "type": "Feature",
                "geometry": {
                    "type": "Point",
                    "coordinates": [
                        -87.6548791,
                        41.9470866
                    ]
                },
                "properties": {
                    "name": "Do-Rite",
                    "address": "1027 W Addison St, Chicago, IL 60613",
                    "reviews": ""
                }
            }
        ]
    },
    "Activities": {
        "type": "FeatureCollection",
        "features": [
            {
                "type": "Feature",
                "geometry": {
                    "type": "Point",
                    "coordinates": [
                        -87.6678244,
                        41.9732449
                    ]
                },
                "properties": {
                    "name": "Meeting House",
                    "address": "5025 N Clark St, Chicago, IL 60640",
                    "reviews": "shuffleboard, billards, arcade games, popcorn"
                }
            },
            {
                "type": "Feature",
                "geometry": {
                    "type": "Point",
                    "coordinates": [
                        -87.7163563,
                        41.9394475
                    ]
                },
                "properties": {
                    "name": "Late Bar",
                    "address": "3534 W Belmont Ave, Chicago, IL 60618",
                    "reviews": "goth club, open til 4am thurs-sat, cheap beer"
                }
            },
            {
                "type": "Feature",
                "geometry": {
                    "type": "Point",
                    "coordinates": [
                        -87.6565482,
                        41.8309771
                    ]
                },
                "properties": {
                    "name": "Chicago Maritime Museum",
                    "address": "1200 W 35th St, Chicago, IL 60609",
                    "reviews": ""
                }
            },
            {
                "type": "Feature",
                "geometry": {
                    "type": "Point",
                    "coordinates": [
                        -87.646539,
                        41.844389
                    ]
                },
                "properties": {
                    "name": "Palmisano Park",
                    "address": "2700 S Halsted St, Chicago, IL 60608",
                    "reviews": "old quarry and pond"
                }
            },
            {
                "type": "Feature",
                "geometry": {
                    "type": "Point",
                    "coordinates": [
                        -87.599501,
                        41.822889
                    ]
                },
                "properties": {
                    "name": "Oakwood Beach",
                    "address": "4100 S DuSable Lake Shore Dr, Chicago, IL 60653",
                    "reviews": "Mermaid statue, long pier platform"
                }
            },
            {
                "type": "Feature",
                "geometry": {
                    "type": "Point",
                    "coordinates": [
                        -87.6720871,
                        41.9157282
                    ]
                },
                "properties": {
                    "name": "The 606",
                    "address": "1850 N Hermitage Ave, Chicago, IL 60622",
                    "reviews": "Walk or bike the 2-mile trail"
                }
            },
            {
                "type": "Feature",
                "geometry": {
                    "type": "Point",
                    "coordinates": [
                        -87.6335248,
                        41.8512035
                    ]
                },
                "properties": {
                    "name": "Chinese American Museum of Chicago",
                    "address": "238 W 23rd St, Chicago, IL 60616",
                    "reviews": ""
                }
            },
            {
                "type": "Feature",
                "geometry": {
                    "type": "Point",
                    "coordinates": [
                        -87.718103,
                        42.0647277
                    ]
                },
                "properties": {
                    "name": "Gichigamiin Indigenous Nations Museum",
                    "address": "3001 Central St, Evanston, IL 60201",
                    "reviews": ""
                }
            },
            {
                "type": "Feature",
                "geometry": {
                    "type": "Point",
                    "coordinates": [
                        -87.716317,
                        41.887647
                    ]
                },
                "properties": {
                    "name": "Garfield Park Conservatory",
                    "address": "300 N Central Park Ave, Chicago, IL 60624",
                    "reviews": ""
                }
            },
            {
                "type": "Feature",
                "geometry": {
                    "type": "Point",
                    "coordinates": [
                        -87.6246498,
                        41.9010468
                    ]
                },
                "properties": {
                    "name": "Oak Street Beach",
                    "address": "1000 N Lake Shore Dr, Chicago, IL 60611",
                    "reviews": ""
                }
            },
            {
                "type": "Feature",
                "geometry": {
                    "type": "Point",
                    "coordinates": [
                        -87.6303045,
                        41.9001632
                    ]
                },
                "properties": {
                    "name": "Newberry Library",
                    "address": "60 W Walton St, Chicago, IL 60610",
                    "reviews": ""
                }
            },
            {
                "type": "Feature",
                "geometry": {
                    "type": "Point",
                    "coordinates": [
                        -87.6292505,
                        41.9033894
                    ]
                },
                "properties": {
                    "name": "The Hangge-Uppe",
                    "address": "14 W Elm St, Chicago, IL 60610",
                    "reviews": "Lit, lots of dancing"
                }
            },
            {
                "type": "Feature",
                "geometry": {
                    "type": "Point",
                    "coordinates": [
                        -87.6296321,
                        41.9040088
                    ]
                },
                "properties": {
                    "name": "The Original Mother's",
                    "address": "26 W Division St, Chicago, IL 60610",
                    "reviews": ""
                }
            },
            {
                "type": "Feature",
                "geometry": {
                    "type": "Point",
                    "coordinates": [
                        -87.6275425,
                        41.9076786
                    ]
                },
                "properties": {
                    "name": "Charnley-Persky House",
                    "address": "1365 N Astor St, Chicago, IL 60610",
                    "reviews": "Free to visit, old-timey house"
                }
            },
            {
                "type": "Feature",
                "geometry": {
                    "type": "Point",
                    "coordinates": [
                        -87.6256155,
                        41.8996454
                    ]
                },
                "properties": {
                    "name": "900 N Michigan Shops",
                    "address": "900 N Michigan Ave, Chicago, IL 60611",
                    "reviews": "Nice food court, could study on top floor"
                }
            },
            {
                "type": "Feature",
                "geometry": {
                    "type": "Point",
                    "coordinates": [
                        -87.703187,
                        41.9023107
                    ]
                },
                "properties": {
                    "name": "National Museum of Puerto Rican Arts & Culture",
                    "address": "3015 W Division St, Chicago, IL 60622",
                    "reviews": ""
                }
            },
            {
                "type": "Feature",
                "geometry": {
                    "type": "Point",
                    "coordinates": [
                        -87.7029827,
                        41.9070848
                    ]
                },
                "properties": {
                    "name": "Humboldt Park",
                    "address": "1400 N Humboldt Dr, Chicago, IL 60622",
                    "reviews": ""
                }
            },
            {
                "type": "Feature",
                "geometry": {
                    "type": "Point",
                    "coordinates": [
                        -87.5799813,
                        41.7911839
                    ]
                },
                "properties": {
                    "name": "57th Street Beach",
                    "address": "5700 S DuSable Lake Shore Dr, Chicago, IL 60637",
                    "reviews": "Allen: cool beach, has sand and concrete parts"
                }
            },
            {
                "type": "Feature",
                "geometry": {
                    "type": "Point",
                    "coordinates": [
                        -87.599589,
                        41.787977
                    ]
                },
                "properties": {
                    "name": "Harper Memorial Library",
                    "address": "1116 E 59th St, Chicago, IL 60637",
                    "reviews": "Beautiful gothic design"
                }
            },
            {
                "type": "Feature",
                "geometry": {
                    "type": "Point",
                    "coordinates": [
                        -87.5999701,
                        41.792162
                    ]
                },
                "properties": {
                    "name": "Mansueto Library",
                    "address": "1100 E 57th St, Chicago, IL 60637",
                    "reviews": "More modern design, big skylight dome"
                }
            },
            {
                "type": "Feature",
                "geometry": {
                    "type": "Point",
                    "coordinates": [
                        -87.634637,
                        41.7918588
                    ]
                },
                "properties": {
                    "name": "DuSable Museum",
                    "address": "740 E 56th Place, Chicago, IL 60637",
                    "reviews": "DuSable (founder of Chicago) was actually Haitian!"
                }
            },
            {
                "type": "Feature",
                "geometry": {
                    "type": "Point",
                    "coordinates": [
                        -87.5799813,
                        41.7911839
                    ]
                },
                "properties": {
                    "name": "Griffin Museum of Science & Industry",
                    "address": "5700 S DuSable Lake Shore Dr, Chicago, IL 60637",
                    "reviews": ""
                }
            },
            {
                "type": "Feature",
                "geometry": {
                    "type": "Point",
                    "coordinates": [
                        -87.597718,
                        41.7892454
                    ]
                },
                "properties": {
                    "name": "Institute for the Study of Ancient Cultures Museum",
                    "address": "1155 E 58th St, Chicago, IL 60637",
                    "reviews": ""
                }
            },
            {
                "type": "Feature",
                "geometry": {
                    "type": "Point",
                    "coordinates": [
                        -87.6001865,
                        41.7935122
                    ]
                },
                "properties": {
                    "name": "Smart Museum of Art",
                    "address": "5550 S Greenwood Ave, Chicago, IL 60637",
                    "reviews": "free!"
                }
            },
            {
                "type": "Feature",
                "geometry": {
                    "type": "Point",
                    "coordinates": [
                        -87.5870642,
                        41.8088426
                    ]
                },
                "properties": {
                    "name": "Promontory Point",
                    "address": "5491 S DuSable Lake Shore Dr, Chicago, IL 60615",
                    "reviews": "Allen: nice green area, shore is rock slabs"
                }
            },
            {
                "type": "Feature",
                "geometry": {
                    "type": "Point",
                    "coordinates": [
                        -87.7265701,
                        41.9539018
                    ]
                },
                "properties": {
                    "name": "Stay and Play Game Cafe",
                    "address": "3932 W Irving Park Rd, Chicago, IL 60618",
                    "reviews": "puerto rican food\n$5 games (min $10 food)"
                }
            },
            {
                "type": "Feature",
                "geometry": {
                    "type": "Point",
                    "coordinates": [
                        -87.584537,
                        41.780505
                    ]
                },
                "properties": {
                    "name": "Osaka Garden",
                    "address": "6300 S Cornell Ave, Chicago, IL 60637",
                    "reviews": "Visit in morning, look at cherry blossoms"
                }
            },
            {
                "type": "Feature",
                "geometry": {
                    "type": "Point",
                    "coordinates": [
                        -87.6175096,
                        41.8770266
                    ]
                },
                "properties": {
                    "name": "Lakefront Trail",
                    "address": "400 S DuSable Lake Shore Dr, Chicago, IL 60605",
                    "reviews": "All along chicago"
                }
            },
            {
                "type": "Feature",
                "geometry": {
                    "type": "Point",
                    "coordinates": [
                        -87.6464503,
                        41.9349509
                    ]
                },
                "properties": {
                    "name": "Cuddle Bunny",
                    "address": "2901 N Clark St, Chicago, IL 60657",
                    "reviews": ""
                }
            },
            {
                "type": "Feature",
                "geometry": {
                    "type": "Point",
                    "coordinates": [
                        -87.6442178,
                        41.9397988
                    ]
                },
                "properties": {
                    "name": "Laugh Factory",
                    "address": "3175 N Broadway, Chicago, IL 60657",
                    "reviews": "Use code JOSH for free tickets!"
                }
            },
            {
                "type": "Feature",
                "geometry": {
                    "type": "Point",
                    "coordinates": [
                        -87.6498919,
                        41.9402037
                    ]
                },
                "properties": {
                    "name": "The Brown Elephant",
                    "address": "812 W Belmont Ave, Chicago, IL 60657",
                    "reviews": "thrift store, cheaper finds"
                }
            },
            {
                "type": "Feature",
                "geometry": {
                    "type": "Point",
                    "coordinates": [
                        -87.6536605,
                        41.9337677
                    ]
                },
                "properties": {
                    "name": "Replay",
                    "address": "2833 N Sheffield Ave, Chicago, IL 60657",
                    "reviews": "arcade bar, games mostly free"
                }
            },
            {
                "type": "Feature",
                "geometry": {
                    "type": "Point",
                    "coordinates": [
                        -87.6374598,
                        41.9434509
                    ]
                },
                "properties": {
                    "name": "Belmont Waterfront",
                    "address": "3600 N Recreation Dr, Chicago, IL 60613",
                    "reviews": ""
                }
            },
            {
                "type": "Feature",
                "geometry": {
                    "type": "Point",
                    "coordinates": [
                        -87.6415061,
                        41.9329874
                    ]
                },
                "properties": {
                    "name": "Galway Bay",
                    "address": "500 W Diversey Pkwy, Chicago, IL 60614",
                    "reviews": "bilards, darts, free popcorn"
                }
            },
            {
                "type": "Feature",
                "geometry": {
                    "type": "Point",
                    "coordinates": [
                        -87.6652229,
                        41.9219018
                    ]
                },
                "properties": {
                    "name": "Kibbitznest",
                    "address": "2212 N Clybourn Ave, Chicago, IL 60614",
                    "reviews": "board game and reading cafe\nhas alc too\nfoosball table hidden in back\nrec'd by multiple people"
                }
            },
            {
                "type": "Feature",
                "geometry": {
                    "type": "Point",
                    "coordinates": [
                        -87.650368,
                        41.9263612
                    ]
                },
                "properties": {
                    "name": "The Red Lion Pub",
                    "address": "2446 N Lincoln Ave, Chicago, IL 60614",
                    "reviews": "Bristish-style pub w books and WW2 memorabilia"
                }
            },
            {
                "type": "Feature",
                "geometry": {
                    "type": "Point",
                    "coordinates": [
                        -87.6263188,
                        41.914957
                    ]
                },
                "properties": {
                    "name": "North Avenue Beach",
                    "address": "1603 N Lake Shore Dr, Chicago, IL 60613",
                    "reviews": ""
                }
            },
            {
                "type": "Feature",
                "geometry": {
                    "type": "Point",
                    "coordinates": [
                        -87.6492146,
                        41.928708
                    ]
                },
                "properties": {
                    "name": "Kingston Mines",
                    "address": "2548 N Halsted St, Chicago, IL 60614",
                    "reviews": "Live music, blues club, open til 4am fri+sat\nrec'd by multiple people, Marissa too"
                }
            },
            {
                "type": "Feature",
                "geometry": {
                    "type": "Point",
                    "coordinates": [
                        -87.640003,
                        41.9323259
                    ]
                },
                "properties": {
                    "name": "Elks National Foundation",
                    "address": "2750 N Lakeview Ave, Chicago, IL 60614",
                    "reviews": ""
                }
            },
            {
                "type": "Feature",
                "geometry": {
                    "type": "Point",
                    "coordinates": [
                        -87.6332469,
                        41.9235693
                    ]
                },
                "properties": {
                    "name": "Lincoln Park Zoo",
                    "address": "2001 N Clark St, Chicago, IL 60614",
                    "reviews": "Free!\nGo to conservatory\nGo to Zoolights in winter"
                }
            },
            {
                "type": "Feature",
                "geometry": {
                    "type": "Point",
                    "coordinates": [
                        -87.6881358,
                        41.96756
                    ]
                },
                "properties": {
                    "name": "The Book Cellar",
                    "address": "4736 N Lincoln Ave, Chicago, IL 60625",
                    "reviews": ""
                }
            },
            {
                "type": "Feature",
                "geometry": {
                    "type": "Point",
                    "coordinates": [
                        -87.68839,
                        41.9662785
                    ]
                },
                "properties": {
                    "name": "Berlin Wall Monument",
                    "address": "4648 N Western Ave, Chicago, IL 60625",
                    "reviews": ""
                }
            },
            {
                "type": "Feature",
                "geometry": {
                    "type": "Point",
                    "coordinates": [
                        -87.6597776,
                        41.8698673
                    ]
                },
                "properties": {
                    "name": "National Public Housing Museum",
                    "address": "919 S Ada St, Chicago, IL 60607",
                    "reviews": "free"
                }
            },
            {
                "type": "Feature",
                "geometry": {
                    "type": "Point",
                    "coordinates": [
                        -87.7148384,
                        41.9334505
                    ]
                },
                "properties": {
                    "name": "The Insect Asylum",
                    "address": "2870 N Milwaukee Ave, Chicago, IL 60618",
                    "reviews": "insect specimens and taxidermy art"
                }
            },
            {
                "type": "Feature",
                "geometry": {
                    "type": "Point",
                    "coordinates": [
                        -87.6311851,
                        41.8865115
                    ]
                },
                "properties": {
                    "name": "AceBounce",
                    "address": "230 N Clark St, Chicago, IL 60601",
                    "reviews": "Ping pong bar coworkers were telling me about\nrec'd by multiple people"
                }
            },
            {
                "type": "Feature",
                "geometry": {
                    "type": "Point",
                    "coordinates": [
                        -87.6311077,
                        41.8767918
                    ]
                },
                "properties": {
                    "name": "Sky Ride Tap",
                    "address": "105 W Van Buren St, Chicago, IL 60605",
                    "reviews": ""
                }
            },
            {
                "type": "Feature",
                "geometry": {
                    "type": "Point",
                    "coordinates": [
                        -87.631069,
                        41.8764201
                    ]
                },
                "properties": {
                    "name": "Era",
                    "address": "416 S Clark St, Chicago, IL 60605",
                    "reviews": "rec'd by multiple people"
                }
            },
            {
                "type": "Feature",
                "geometry": {
                    "type": "Point",
                    "coordinates": [
                        -87.6189718,
                        41.875802
                    ]
                },
                "properties": {
                    "name": "Buckingham\u00a0Fountain",
                    "address": "301 S Columbus Drive, Chicago, IL 60605",
                    "reviews": ""
                }
            },
            {
                "type": "Feature",
                "geometry": {
                    "type": "Point",
                    "coordinates": [
                        -87.6247973,
                        41.8816449
                    ]
                },
                "properties": {
                    "name": "Chicago Athletic Association",
                    "address": "12 S Michigan Ave, Chicago, IL 60603",
                    "reviews": "Go to second floor"
                }
            },
            {
                "type": "Feature",
                "geometry": {
                    "type": "Point",
                    "coordinates": [
                        -87.6219013,
                        41.8838877
                    ]
                },
                "properties": {
                    "name": "Harris Theater",
                    "address": "205 E Randolph St, Chicago, IL 60601",
                    "reviews": "huge venue"
                }
            },
            {
                "type": "Feature",
                "geometry": {
                    "type": "Point",
                    "coordinates": [
                        -87.6191168,
                        41.8839542
                    ]
                },
                "properties": {
                    "name": "Maggie Daley Park",
                    "address": "337 E Randolph St, Chicago, IL 60602",
                    "reviews": ""
                }
            },
            {
                "type": "Feature",
                "geometry": {
                    "type": "Point",
                    "coordinates": [
                        -87.6244212,
                        41.8755616
                    ]
                },
                "properties": {
                    "name": "Riverwalk",
                    "address": "Chicago, IL 60601",
                    "reviews": ""
                }
            },
            {
                "type": "Feature",
                "geometry": {
                    "type": "Point",
                    "coordinates": [
                        -87.6191168,
                        41.8839542
                    ]
                },
                "properties": {
                    "name": "The Bean",
                    "address": "337 E Randolph St, Chicago, IL 60602",
                    "reviews": ""
                }
            },
            {
                "type": "Feature",
                "geometry": {
                    "type": "Point",
                    "coordinates": [
                        -87.6318306,
                        41.8791059
                    ]
                },
                "properties": {
                    "name": "The Rookery",
                    "address": "209 S LaSalle St, Chicago, IL 60604",
                    "reviews": ""
                }
            },
            {
                "type": "Feature",
                "geometry": {
                    "type": "Point",
                    "coordinates": [
                        -87.6302049,
                        41.8840869
                    ]
                },
                "properties": {
                    "name": "Christkindlmarket",
                    "address": "50 W Washington St, Chicago, IL 60602",
                    "reviews": "From Nov 21 to Dec 24"
                }
            },
            {
                "type": "Feature",
                "geometry": {
                    "type": "Point",
                    "coordinates": [
                        -87.6249861,
                        41.8855042
                    ]
                },
                "properties": {
                    "name": "American Writers Museum",
                    "address": "180 N Michigan Ave, Chicago, IL 60601",
                    "reviews": ""
                }
            },
            {
                "type": "Feature",
                "geometry": {
                    "type": "Point",
                    "coordinates": [
                        -87.6248023,
                        41.8838628
                    ]
                },
                "properties": {
                    "name": "Chicago Cultural Center",
                    "address": "78 E Washington St, Chicago, IL 60602",
                    "reviews": "Very informational for tourist. It's free (if you buy boat tour same day) and has\u00a0miniature\u00a03D replicas of the city so you can put into\u00a0prospective how beautiful the city is. MUST DO!"
                }
            },
            {
                "type": "Feature",
                "geometry": {
                    "type": "Point",
                    "coordinates": [
                        -87.6373093,
                        41.8860187
                    ]
                },
                "properties": {
                    "name": "McCormick Bridgehouse & Chicago River Museum",
                    "address": "99 Chicago Riverwalk, Chicago, IL 60601",
                    "reviews": ""
                }
            },
            {
                "type": "Feature",
                "geometry": {
                    "type": "Point",
                    "coordinates": [
                        -87.6330264,
                        41.8784283
                    ]
                },
                "properties": {
                    "name": "Money Museum",
                    "address": "230 S LaSalle St, Chicago, IL 60604",
                    "reviews": "free!"
                }
            },
            {
                "type": "Feature",
                "geometry": {
                    "type": "Point",
                    "coordinates": [
                        -87.626096,
                        41.8818237
                    ]
                },
                "properties": {
                    "name": "Sneaker Head University",
                    "address": "17 S Wabash Ave, Chicago, IL 60603",
                    "reviews": ""
                }
            },
            {
                "type": "Feature",
                "geometry": {
                    "type": "Point",
                    "coordinates": [
                        -87.6230716,
                        41.879605
                    ]
                },
                "properties": {
                    "name": "The Art Institute of Chicago",
                    "address": "111 S Michigan Ave, Chicago, IL 60603",
                    "reviews": ""
                }
            },
            {
                "type": "Feature",
                "geometry": {
                    "type": "Point",
                    "coordinates": [
                        -87.6239422,
                        41.8842746
                    ]
                },
                "properties": {
                    "name": "Millenium Park",
                    "address": "201 E Randolph St, Chicago, IL 60601",
                    "reviews": "Very scenic\nThe Bean is here\nMovies here in summer"
                }
            },
            {
                "type": "Feature",
                "geometry": {
                    "type": "Point",
                    "coordinates": [
                        -87.6285659,
                        41.8838784
                    ]
                },
                "properties": {
                    "name": "Block 37",
                    "address": "108 N State St, Chicago, IL 60602",
                    "reviews": ""
                }
            },
            {
                "type": "Feature",
                "geometry": {
                    "type": "Point",
                    "coordinates": [
                        -87.6741851,
                        41.8806831
                    ]
                },
                "properties": {
                    "name": "Chicago Bulls",
                    "address": "1901 W Madison St, Chicago, IL 60612",
                    "reviews": "Watch Chicago Bulls game"
                }
            },
            {
                "type": "Feature",
                "geometry": {
                    "type": "Point",
                    "coordinates": [
                        -87.6641611,
                        41.8963938
                    ]
                },
                "properties": {
                    "name": "Beauty Bar",
                    "address": "1444 W Chicago Ave, Chicago, IL 60642",
                    "reviews": ""
                }
            },
            {
                "type": "Feature",
                "geometry": {
                    "type": "Point",
                    "coordinates": [
                        -87.6348918,
                        41.9116127
                    ]
                },
                "properties": {
                    "name": "Second City",
                    "address": "1628 N Wells St, Chicago, IL 60614",
                    "reviews": "Very funny comedy shows"
                }
            },
            {
                "type": "Feature",
                "geometry": {
                    "type": "Point",
                    "coordinates": [
                        -87.6524094,
                        41.9093891
                    ]
                },
                "properties": {
                    "name": "No. 9",
                    "address": "1543 N Kingsbury St, Chicago, IL 60642",
                    "reviews": ""
                }
            },
            {
                "type": "Feature",
                "geometry": {
                    "type": "Point",
                    "coordinates": [
                        -87.6524094,
                        41.9093891
                    ]
                },
                "properties": {
                    "name": "Prysm",
                    "address": "1543 N Kingsbury St, Chicago, IL 60642",
                    "reviews": ""
                }
            },
            {
                "type": "Feature",
                "geometry": {
                    "type": "Point",
                    "coordinates": [
                        -87.7486367,
                        41.9543845
                    ]
                },
                "properties": {
                    "name": "National Veterans Art Museum",
                    "address": "4041 N Milwaukee Ave, Chicago, IL 60641",
                    "reviews": ""
                }
            },
            {
                "type": "Feature",
                "geometry": {
                    "type": "Point",
                    "coordinates": [
                        -87.6096053,
                        41.6928561
                    ]
                },
                "properties": {
                    "name": "Pullman National Historical Park",
                    "address": "610 E 111th St, Chicago, IL 60628",
                    "reviews": "Historical neighborhood/museum"
                }
            },
            {
                "type": "Feature",
                "geometry": {
                    "type": "Point",
                    "coordinates": [
                        -87.6235164,
                        41.8894215
                    ]
                },
                "properties": {
                    "name": "Architectural Boat Tour",
                    "address": "401 N Michigan Ave, Chicago, IL 60611",
                    "reviews": "rec'd by multiple people"
                }
            },
            {
                "type": "Feature",
                "geometry": {
                    "type": "Point",
                    "coordinates": [
                        -87.627363,
                        41.8899353
                    ]
                },
                "properties": {
                    "name": "Andy's Jazz Club",
                    "address": "11 E Hubbard St, Chicago, IL 60611",
                    "reviews": "rec'd by multiple people, BRING JR"
                }
            },
            {
                "type": "Feature",
                "geometry": {
                    "type": "Point",
                    "coordinates": [
                        -87.6316262,
                        41.8897806
                    ]
                },
                "properties": {
                    "name": "Celeste",
                    "address": "111 W Hubbard St, Chicago, IL 60654",
                    "reviews": ""
                }
            },
            {
                "type": "Feature",
                "geometry": {
                    "type": "Point",
                    "coordinates": [
                        -87.6355124,
                        41.8971897
                    ]
                },
                "properties": {
                    "name": "Headquarters Beercade",
                    "address": "213 W Institute Place, Chicago, IL 60610",
                    "reviews": "I (Allen) did not like this bar"
                }
            },
            {
                "type": "Feature",
                "geometry": {
                    "type": "Point",
                    "coordinates": [
                        -87.6315544,
                        41.8952646
                    ]
                },
                "properties": {
                    "name": "Lulu's Speakeasy",
                    "address": "712 N Clark St, Chicago, IL 60654",
                    "reviews": ""
                }
            },
            {
                "type": "Feature",
                "geometry": {
                    "type": "Point",
                    "coordinates": [
                        -87.6287495,
                        41.8935114
                    ]
                },
                "properties": {
                    "name": "The Redhead Piano Bar",
                    "address": "16 W Ontario St, Chicago, IL 60654",
                    "reviews": "Jazz bar, BRING JR"
                }
            },
            {
                "type": "Feature",
                "geometry": {
                    "type": "Point",
                    "coordinates": [
                        -87.6304146,
                        41.8953477
                    ]
                },
                "properties": {
                    "name": "Poetry Foundation",
                    "address": "61 W Superior St, Chicago, IL 60654",
                    "reviews": ""
                }
            },
            {
                "type": "Feature",
                "geometry": {
                    "type": "Point",
                    "coordinates": [
                        -87.6301482,
                        41.8889735
                    ]
                },
                "properties": {
                    "name": "Bodega Nightclub",
                    "address": "353 N Clark St, Chicago, IL 60654",
                    "reviews": ""
                }
            },
            {
                "type": "Feature",
                "geometry": {
                    "type": "Point",
                    "coordinates": [
                        -87.6317455,
                        41.8902588
                    ]
                },
                "properties": {
                    "name": "Joy District",
                    "address": "112 W Hubbard St, Chicago, IL 60654",
                    "reviews": "rec'd by multiple people"
                }
            },
            {
                "type": "Feature",
                "geometry": {
                    "type": "Point",
                    "coordinates": [
                        -87.6347934,
                        41.8929405
                    ]
                },
                "properties": {
                    "name": "LITE Chicago",
                    "address": "215 W Ontario St, Chicago, IL 60654",
                    "reviews": "Go to \"Bevy's on Sundays\" event"
                }
            },
            {
                "type": "Feature",
                "geometry": {
                    "type": "Point",
                    "coordinates": [
                        -87.6290896,
                        41.8898117
                    ]
                },
                "properties": {
                    "name": "Rocbar",
                    "address": "25 W Hubbard St, Chicago, IL 60654",
                    "reviews": ""
                }
            },
            {
                "type": "Feature",
                "geometry": {
                    "type": "Point",
                    "coordinates": [
                        -87.6359344,
                        41.8937344
                    ]
                },
                "properties": {
                    "name": "Spybar",
                    "address": "646 N Franklin St, Chicago, IL 60654",
                    "reviews": ""
                }
            },
            {
                "type": "Feature",
                "geometry": {
                    "type": "Point",
                    "coordinates": [
                        -87.6300662,
                        41.8934805
                    ]
                },
                "properties": {
                    "name": "Tao",
                    "address": "632 N Dearborn St, Chicago, IL 60654",
                    "reviews": ""
                }
            },
            {
                "type": "Feature",
                "geometry": {
                    "type": "Point",
                    "coordinates": [
                        -87.6331426,
                        41.8890964
                    ]
                },
                "properties": {
                    "name": "Tunnel",
                    "address": "151 W Kinzie St, Chicago, IL 60654",
                    "reviews": ""
                }
            },
            {
                "type": "Feature",
                "geometry": {
                    "type": "Point",
                    "coordinates": [
                        -87.635244,
                        41.8934034
                    ]
                },
                "properties": {
                    "name": "Y Bar",
                    "address": "224 W Ontario St, Chicago, IL 60654",
                    "reviews": ""
                }
            },
            {
                "type": "Feature",
                "geometry": {
                    "type": "Point",
                    "coordinates": [
                        -87.6344719,
                        41.8888053
                    ]
                },
                "properties": {
                    "name": "The MART",
                    "address": "222 W Merchandise Mart Plaza, Chicago, IL 60654",
                    "reviews": ""
                }
            },
            {
                "type": "Feature",
                "geometry": {
                    "type": "Point",
                    "coordinates": [
                        -87.6265031,
                        41.8942846
                    ]
                },
                "properties": {
                    "name": "Driehaus Museum",
                    "address": "50 E Erie St, Chicago, IL 60611",
                    "reviews": ""
                }
            },
            {
                "type": "Feature",
                "geometry": {
                    "type": "Point",
                    "coordinates": [
                        -87.6545561,
                        41.8954157
                    ]
                },
                "properties": {
                    "name": "Intuit Art Museum",
                    "address": "756 N Milwaukee Ave, Chicago, IL 60642",
                    "reviews": "outsider and self-taught artists"
                }
            },
            {
                "type": "Feature",
                "geometry": {
                    "type": "Point",
                    "coordinates": [
                        -87.6683354,
                        41.9986263
                    ]
                },
                "properties": {
                    "name": "Leather Archives and Museum",
                    "address": "6418 N Greenview Ave, Chicago, IL 60626",
                    "reviews": "LGBT/kink history museum"
                }
            },
            {
                "type": "Feature",
                "geometry": {
                    "type": "Point",
                    "coordinates": [
                        -87.6267612,
                        41.8539276
                    ]
                },
                "properties": {
                    "name": "Reggies Chicago",
                    "address": "2105 S State St, Chicago, IL 60616",
                    "reviews": ""
                }
            },
            {
                "type": "Feature",
                "geometry": {
                    "type": "Point",
                    "coordinates": [
                        -87.607731,
                        41.8645989
                    ]
                },
                "properties": {
                    "name": "12th Street Beach",
                    "address": "1200 S Linn White Dr, Chicago, IL 60605",
                    "reviews": ""
                }
            },
            {
                "type": "Feature",
                "geometry": {
                    "type": "Point",
                    "coordinates": [
                        -87.6294134,
                        41.8730125
                    ]
                },
                "properties": {
                    "name": "Sandmeyer's Bookstore",
                    "address": "714 S Dearborn St, Chicago, IL 60605",
                    "reviews": "Allen: cute little bookstore"
                }
            },
            {
                "type": "Feature",
                "geometry": {
                    "type": "Point",
                    "coordinates": [
                        -87.6233321,
                        41.8517938
                    ]
                },
                "properties": {
                    "name": "BASSLINE",
                    "address": "2239 S Michigan Ave, Chicago, IL 60616",
                    "reviews": ""
                }
            },
            {
                "type": "Feature",
                "geometry": {
                    "type": "Point",
                    "coordinates": [
                        -87.6245337,
                        41.8526485
                    ]
                },
                "properties": {
                    "name": "Hue",
                    "address": "67 E Cermak Rd, Chicago, IL 60616",
                    "reviews": ""
                }
            },
            {
                "type": "Feature",
                "geometry": {
                    "type": "Point",
                    "coordinates": [
                        -87.615797,
                        41.8565784
                    ]
                },
                "properties": {
                    "name": "Adler Planetarium",
                    "address": "1300 S DuSable Lake Shore Dr, Chicago, IL 60605",
                    "reviews": ""
                }
            },
            {
                "type": "Feature",
                "geometry": {
                    "type": "Point",
                    "coordinates": [
                        -87.5786781,
                        41.7898925
                    ]
                },
                "properties": {
                    "name": "Field Museum",
                    "address": "1400 S Lake Shore Dr, Chicago, IL 60605",
                    "reviews": ""
                }
            },
            {
                "type": "Feature",
                "geometry": {
                    "type": "Point",
                    "coordinates": [
                        -87.6168425,
                        41.8586724
                    ]
                },
                "properties": {
                    "name": "Shedd Aquarium",
                    "address": "1200 S DuSable Lake Shore Dr, Chicago, IL 60605",
                    "reviews": ""
                }
            },
            {
                "type": "Feature",
                "geometry": {
                    "type": "Point",
                    "coordinates": [
                        -87.6247907,
                        41.8733563
                    ]
                },
                "properties": {
                    "name": "The Blackstone",
                    "address": "636 S Michigan Ave, Chicago, IL 60605",
                    "reviews": "Art museum in a hotel"
                }
            },
            {
                "type": "Feature",
                "geometry": {
                    "type": "Point",
                    "coordinates": [
                        -87.6223816,
                        41.8930994
                    ]
                },
                "properties": {
                    "name": "Arts Club of Chicago",
                    "address": "201 E Ontario St, Chicago, IL 60611",
                    "reviews": ""
                }
            },
            {
                "type": "Feature",
                "geometry": {
                    "type": "Point",
                    "coordinates": [
                        -87.6244367,
                        41.8971757
                    ]
                },
                "properties": {
                    "name": "Chicago\u00a0Water Tower",
                    "address": "806 Michigan Ave, Chicago, IL 60611",
                    "reviews": ""
                }
            },
            {
                "type": "Feature",
                "geometry": {
                    "type": "Point",
                    "coordinates": [
                        -87.6230962,
                        41.8988813
                    ]
                },
                "properties": {
                    "name": "John Hancock Building",
                    "address": "875 N Michigan Ave, Chicago, IL 60611",
                    "reviews": "Go to observation deck with 100% glass box to step out into the skyline, the panoramic view of the city from 95 floors up is par none!"
                }
            },
            {
                "type": "Feature",
                "geometry": {
                    "type": "Point",
                    "coordinates": [
                        -87.6041447,
                        41.8917999
                    ]
                },
                "properties": {
                    "name": "Navy Pier",
                    "address": "600 E Grand Ave, Chicago, IL 60611",
                    "reviews": "Visit Fun House Maze. The maze's target population is kids, but it has A LOT of Chicago\u00a0facts tied into it."
                }
            },
            {
                "type": "Feature",
                "geometry": {
                    "type": "Point",
                    "coordinates": [
                        -87.6232046,
                        41.890584
                    ]
                },
                "properties": {
                    "name": "Tribune Tower",
                    "address": "435 Michigan Ave, Chicago, IL 60611",
                    "reviews": "Touch rocks from monuments around the world"
                }
            },
            {
                "type": "Feature",
                "geometry": {
                    "type": "Point",
                    "coordinates": [
                        -87.6223586,
                        41.8978848
                    ]
                },
                "properties": {
                    "name": "Chicago Sports Museum",
                    "address": "835 N Michigan Ave, Chicago, IL 60611",
                    "reviews": ""
                }
            },
            {
                "type": "Feature",
                "geometry": {
                    "type": "Point",
                    "coordinates": [
                        -87.6211234,
                        41.8972217
                    ]
                },
                "properties": {
                    "name": "Museum of Contemporary Art",
                    "address": "220 E Chicago Ave, Chicago, IL 60611",
                    "reviews": ""
                }
            },
            {
                "type": "Feature",
                "geometry": {
                    "type": "Point",
                    "coordinates": [
                        -87.6232046,
                        41.890584
                    ]
                },
                "properties": {
                    "name": "Museum Of Ice Cream",
                    "address": "435 N Michigan Ave, Chicago, IL 60611",
                    "reviews": "Interactive museum"
                }
            },
            {
                "type": "Feature",
                "geometry": {
                    "type": "Point",
                    "coordinates": [
                        -87.6355989,
                        41.9646841
                    ]
                },
                "properties": {
                    "name": "Montrose Beach",
                    "address": "4400 N Lake Shore Dr, Chicago, IL 60640",
                    "reviews": ""
                }
            },
            {
                "type": "Feature",
                "geometry": {
                    "type": "Point",
                    "coordinates": [
                        -87.6598913,
                        41.9691831
                    ]
                },
                "properties": {
                    "name": "Green Mill",
                    "address": "4802 N Broadway, Chicago, IL 60640",
                    "reviews": "One of the oldest speakeasys in Chicago, plays jazz music"
                }
            },
            {
                "type": "Feature",
                "geometry": {
                    "type": "Point",
                    "coordinates": [
                        -87.6666692,
                        41.9660128
                    ]
                },
                "properties": {
                    "name": "Haitian American Museum of Chicago",
                    "address": "4623 N Clark St, Chicago, IL 60640",
                    "reviews": ""
                }
            },
            {
                "type": "Feature",
                "geometry": {
                    "type": "Point",
                    "coordinates": [
                        -87.6518093,
                        41.8874771
                    ]
                },
                "properties": {
                    "name": "Rooftop Cinema Club",
                    "address": "311 N Morgan St, Chicago, IL 60607",
                    "reviews": "outdoor movie theater"
                }
            },
            {
                "type": "Feature",
                "geometry": {
                    "type": "Point",
                    "coordinates": [
                        -87.6559738,
                        41.8806022
                    ]
                },
                "properties": {
                    "name": "WNDR Museum",
                    "address": "1130 W Monroe St, Chicago, IL 60607",
                    "reviews": "interactive museum"
                }
            },
            {
                "type": "Feature",
                "geometry": {
                    "type": "Point",
                    "coordinates": [
                        -87.6866529,
                        41.9004807
                    ]
                },
                "properties": {
                    "name": "Empty Bottle",
                    "address": "1035 N Western Ave, Chicago, IL 60622",
                    "reviews": "Plays indie music, punk, r&b sometimes, dive bar"
                }
            },
            {
                "type": "Feature",
                "geometry": {
                    "type": "Point",
                    "coordinates": [
                        -87.6765997,
                        41.9103836
                    ]
                },
                "properties": {
                    "name": "Dorian's",
                    "address": "1939 W North Ave, Chicago, IL 60622",
                    "reviews": "Hidden entrance speakeasy, jazz bands\nrec'd by multiple people, Marissa too"
                }
            },
            {
                "type": "Feature",
                "geometry": {
                    "type": "Point",
                    "coordinates": [
                        -87.6718481,
                        41.9064541
                    ]
                },
                "properties": {
                    "name": "Emporium Arcade Bar",
                    "address": "1366 N Milwaukee Ave, Chicago, IL 60622",
                    "reviews": ""
                }
            },
            {
                "type": "Feature",
                "geometry": {
                    "type": "Point",
                    "coordinates": [
                        -87.6699648,
                        41.9104176
                    ]
                },
                "properties": {
                    "name": "Louie's Pub",
                    "address": "1659 W North Ave, Chicago, IL 60622",
                    "reviews": "karaoke, free popcorn"
                }
            },
            {
                "type": "Feature",
                "geometry": {
                    "type": "Point",
                    "coordinates": [
                        -87.677524,
                        41.910611
                    ]
                },
                "properties": {
                    "name": "Barnes and Noble",
                    "address": "1601 N Milwaukee Ave, Chicago, IL 60647",
                    "reviews": "rec'd by multiple people"
                }
            },
            {
                "type": "Feature",
                "geometry": {
                    "type": "Point",
                    "coordinates": [
                        -87.6871447,
                        41.9153773
                    ]
                },
                "properties": {
                    "name": "Challengers Comics",
                    "address": "1845 N Western Ave, Chicago, IL 60647",
                    "reviews": ""
                }
            },
            {
                "type": "Feature",
                "geometry": {
                    "type": "Point",
                    "coordinates": [
                        -87.6768908,
                        41.9098468
                    ]
                },
                "properties": {
                    "name": "Myopic Books",
                    "address": "1564 N Milwaukee Ave, Chicago, IL 60622",
                    "reviews": "sell used books and comic books"
                }
            },
            {
                "type": "Feature",
                "geometry": {
                    "type": "Point",
                    "coordinates": [
                        -87.6747799,
                        41.9107231
                    ]
                },
                "properties": {
                    "name": "Quimby's",
                    "address": "1854 W North Ave, Chicago, IL 60622",
                    "reviews": "has local diy zines"
                }
            },
            {
                "type": "Feature",
                "geometry": {
                    "type": "Point",
                    "coordinates": [
                        -87.678747,
                        41.9110591
                    ]
                },
                "properties": {
                    "name": "Sheep Cult Comics",
                    "address": "1632 N Milwaukee Ave, Chicago, IL 60647",
                    "reviews": "REALLY COOL decor and comics"
                }
            },
            {
                "type": "Feature",
                "geometry": {
                    "type": "Point",
                    "coordinates": [
                        -87.6877717,
                        41.9172913
                    ]
                },
                "properties": {
                    "name": "Snakes & Lattes",
                    "address": "1965 N Milwaukee Ave, Chicago, IL 60647",
                    "reviews": "rec'd by multiple people, including tiktok"
                }
            },
            {
                "type": "Feature",
                "geometry": {
                    "type": "Point",
                    "coordinates": [
                        -87.678713,
                        41.9103787
                    ]
                },
                "properties": {
                    "name": "Happy Belated Clothing",
                    "address": "2025 W North Ave, Chicago, IL 60647",
                    "reviews": "secondhand japan clothes, $10/lb"
                }
            },
            {
                "type": "Feature",
                "geometry": {
                    "type": "Point",
                    "coordinates": [
                        -87.6735333,
                        41.9081268
                    ]
                },
                "properties": {
                    "name": "Layers Chicago",
                    "address": "1437 N Milwaukee Ave, Chicago, IL 60622",
                    "reviews": "has jerseys and jackets"
                }
            },
            {
                "type": "Feature",
                "geometry": {
                    "type": "Point",
                    "coordinates": [
                        -87.6758005,
                        41.9092049
                    ]
                },
                "properties": {
                    "name": "Una Mae's",
                    "address": "1528 N Milwaukee Ave, Chicago, IL 60622",
                    "reviews": "has vintage clothes"
                }
            },
            {
                "type": "Feature",
                "geometry": {
                    "type": "Point",
                    "coordinates": [
                        -87.6900281,
                        41.918122
                    ]
                },
                "properties": {
                    "name": "Vlillage Discount Outlet",
                    "address": "2032 N Milwaukee Ave, Chicago, IL 60647, United States",
                    "reviews": "good sports clothes finds"
                }
            },
            {
                "type": "Feature",
                "geometry": {
                    "type": "Point",
                    "coordinates": [
                        -87.6773204,
                        41.9099585
                    ]
                },
                "properties": {
                    "name": "Wanna Vintage",
                    "address": "1555 N Milwaukee Ave, Chicago, IL 60622",
                    "reviews": "y2k clothes"
                }
            },
            {
                "type": "Feature",
                "geometry": {
                    "type": "Point",
                    "coordinates": [
                        -87.6843,
                        42.0744348
                    ]
                },
                "properties": {
                    "name": "Baha'i House of Worship",
                    "address": "100 Linden Ave, Wilmette, IL 60091",
                    "reviews": ""
                }
            },
            {
                "type": "Feature",
                "geometry": {
                    "type": "Point",
                    "coordinates": [
                        -87.6617673,
                        41.9472991
                    ]
                },
                "properties": {
                    "name": "Guthries",
                    "address": "1300 W Addison St, Chicago, IL 60613",
                    "reviews": "board game bar, trivia nights"
                }
            },
            {
                "type": "Feature",
                "geometry": {
                    "type": "Point",
                    "coordinates": [
                        -87.6590034,
                        41.9497837
                    ]
                },
                "properties": {
                    "name": "smartbar",
                    "address": "3730 N Clark St, Chicago, IL 60613",
                    "reviews": "techno/house music, open until 4am on weekends"
                }
            },
            {
                "type": "Feature",
                "geometry": {
                    "type": "Point",
                    "coordinates": [
                        -87.6556426,
                        41.9464066
                    ]
                },
                "properties": {
                    "name": "Tin Roof",
                    "address": "3519 N Clark St, Chicago, IL 60657",
                    "reviews": "Allen: Lively bar, good dj and dance floor"
                }
            },
            {
                "type": "Feature",
                "geometry": {
                    "type": "Point",
                    "coordinates": [
                        -87.653844,
                        41.9445427
                    ]
                },
                "properties": {
                    "name": "Underground Lounge",
                    "address": "952 W Newport Ave, Chicago, IL 60657",
                    "reviews": ""
                }
            },
            {
                "type": "Feature",
                "geometry": {
                    "type": "Point",
                    "coordinates": [
                        -87.6636224,
                        41.9497027
                    ]
                },
                "properties": {
                    "name": "Music Box Theatre",
                    "address": "3733 N Southport Ave, Chicago, IL 60613",
                    "reviews": ""
                }
            }
        ]
    }
}