<?xml version="1.0" encoding="UTF-8"?>
<kml xmlns="http://www.opengis.net/kml/2.2">
  <Document>
    <name>Chicago TODO Map</name>
    <description>Stuff I want to do in chicago</description>
    <Style id="icon-1899-006064-normal">
      <IconStyle>
        <color>ff646000</color>
        <scale>1</scale>
        <Icon>
          <href>https://www.gstatic.com/mapspro/images/stock/503-wht-blank_maps.png</href>
        </Icon>
        <hotSpot x="32" xunits="pixels" y="64" yunits="insetPixels"/>
      </IconStyle>
      <LabelStyle>
        <scale>0</scale>
      </LabelStyle>
    </Style>
    <Style id="icon-1899-006064-highlight">
      <IconStyle>
        <color>ff646000</color>
        <scale>1</scale>
        <Icon>
          <href>https://www.gstatic.com/mapspro/images/stock/503-wht-blank_maps.png</href>
        </Icon>
        <hotSpot x="32" xunits="pixels" y="64" yunits="insetPixels"/>
      </IconStyle>
      <LabelStyle>
        <scale>1</scale>
      </LabelStyle>
    </Style>
    <StyleMap id="icon-1899-006064">
      <Pair>
        <key>normal</key>
        <styleUrl>#icon-1899-006064-normal</styleUrl>
      </Pair>
      <Pair>
        <key>highlight</key>
        <styleUrl>#icon-1899-006064-highlight</styleUrl>
      </Pair>
    </StyleMap>
    <Style id="icon-1899-0097A7-normal">
      <IconStyle>
        <color>ffa79700</color>
        <scale>1</scale>
        <Icon>
          <href>https://www.gstatic.com/mapspro/images/stock/503-wht-blank_maps.png</href>
        </Icon>
        <hotSpot x="32" xunits="pixels" y="64" yunits="insetPixels"/>
      </IconStyle>
      <LabelStyle>
        <scale>0</scale>
      </LabelStyle>
    </Style>
    <Style id="icon-1899-0097A7-highlight">
      <IconStyle>
        <color>ffa79700</color>
        <scale>1</scale>
        <Icon>
          <href>https://www.gstatic.com/mapspro/images/stock/503-wht-blank_maps.png</href>
        </Icon>
        <hotSpot x="32" xunits="pixels" y="64" yunits="insetPixels"/>
      </IconStyle>
      <LabelStyle>
        <scale>1</scale>
      </LabelStyle>
    </Style>
    <StyleMap id="icon-1899-0097A7">
      <Pair>
        <key>normal</key>
        <styleUrl>#icon-1899-0097A7-normal</styleUrl>
      </Pair>
      <Pair>
        <key>highlight</key>
        <styleUrl>#icon-1899-0097A7-highlight</styleUrl>
      </Pair>
    </StyleMap>
    <Style id="icon-1899-01579B-normal">
      <IconStyle>
        <color>ff9b5701</color>
        <scale>1</scale>
        <Icon>
          <href>https://www.gstatic.com/mapspro/images/stock/503-wht-blank_maps.png</href>
        </Icon>
        <hotSpot x="32" xunits="pixels" y="64" yunits="insetPixels"/>
      </IconStyle>
      <LabelStyle>
        <scale>0</scale>
      </LabelStyle>
    </Style>
    <Style id="icon-1899-01579B-highlight">
      <IconStyle>
        <color>ff9b5701</color>
        <scale>1</scale>
        <Icon>
          <href>https://www.gstatic.com/mapspro/images/stock/503-wht-blank_maps.png</href>
        </Icon>
        <hotSpot x="32" xunits="pixels" y="64" yunits="insetPixels"/>
      </IconStyle>
      <LabelStyle>
        <scale>1</scale>
      </LabelStyle>
    </Style>
    <StyleMap id="icon-1899-01579B">
      <Pair>
        <key>normal</key>
        <styleUrl>#icon-1899-01579B-normal</styleUrl>
      </Pair>
      <Pair>
        <key>highlight</key>
        <styleUrl>#icon-1899-01579B-highlight</styleUrl>
      </Pair>
    </StyleMap>
    <Style id="icon-1899-0288D1-normal">
      <IconStyle>
        <color>ffd18802</color>
        <scale>1</scale>
        <Icon>
          <href>https://www.gstatic.com/mapspro/images/stock/503-wht-blank_maps.png</href>
        </Icon>
        <hotSpot x="32" xunits="pixels" y="64" yunits="insetPixels"/>
      </IconStyle>
      <LabelStyle>
        <scale>0</scale>
      </LabelStyle>
    </Style>
    <Style id="icon-1899-0288D1-highlight">
      <IconStyle>
        <color>ffd18802</color>
        <scale>1</scale>
        <Icon>
          <href>https://www.gstatic.com/mapspro/images/stock/503-wht-blank_maps.png</href>
        </Icon>
        <hotSpot x="32" xunits="pixels" y="64" yunits="insetPixels"/>
      </IconStyle>
      <LabelStyle>
        <scale>1</scale>
      </LabelStyle>
    </Style>
    <StyleMap id="icon-1899-0288D1">
      <Pair>
        <key>normal</key>
        <styleUrl>#icon-1899-0288D1-normal</styleUrl>
      </Pair>
      <Pair>
        <key>highlight</key>
        <styleUrl>#icon-1899-0288D1-highlight</styleUrl>
      </Pair>
    </StyleMap>
    <Style id="icon-1899-097138-normal">
      <IconStyle>
        <color>ff387109</color>
        <scale>1</scale>
        <Icon>
          <href>https://www.gstatic.com/mapspro/images/stock/503-wht-blank_maps.png</href>
        </Icon>
        <hotSpot x="32" xunits="pixels" y="64" yunits="insetPixels"/>
      </IconStyle>
      <LabelStyle>
        <scale>0</scale>
      </LabelStyle>
    </Style>
    <Style id="icon-1899-097138-highlight">
      <IconStyle>
        <color>ff387109</color>
        <scale>1</scale>
        <Icon>
          <href>https://www.gstatic.com/mapspro/images/stock/503-wht-blank_maps.png</href>
        </Icon>
        <hotSpot x="32" xunits="pixels" y="64" yunits="insetPixels"/>
      </IconStyle>
      <LabelStyle>
        <scale>1</scale>
      </LabelStyle>
    </Style>
    <StyleMap id="icon-1899-097138">
      <Pair>
        <key>normal</key>
        <styleUrl>#icon-1899-097138-normal</styleUrl>
      </Pair>
      <Pair>
        <key>highlight</key>
        <styleUrl>#icon-1899-097138-highlight</styleUrl>
      </Pair>
    </StyleMap>
    <Style id="icon-1899-0F9D58-normal">
      <IconStyle>
        <color>ff589d0f</color>
        <scale>1</scale>
        <Icon>
          <href>https://www.gstatic.com/mapspro/images/stock/503-wht-blank_maps.png</href>
        </Icon>
        <hotSpot x="32" xunits="pixels" y="64" yunits="insetPixels"/>
      </IconStyle>
      <LabelStyle>
        <scale>0</scale>
      </LabelStyle>
    </Style>
    <Style id="icon-1899-0F9D58-highlight">
      <IconStyle>
        <color>ff589d0f</color>
        <scale>1</scale>
        <Icon>
          <href>https://www.gstatic.com/mapspro/images/stock/503-wht-blank_maps.png</href>
        </Icon>
        <hotSpot x="32" xunits="pixels" y="64" yunits="insetPixels"/>
      </IconStyle>
      <LabelStyle>
        <scale>1</scale>
      </LabelStyle>
    </Style>
    <StyleMap id="icon-1899-0F9D58">
      <Pair>
        <key>normal</key>
        <styleUrl>#icon-1899-0F9D58-normal</styleUrl>
      </Pair>
      <Pair>
        <key>highlight</key>
        <styleUrl>#icon-1899-0F9D58-highlight</styleUrl>
      </Pair>
    </StyleMap>
    <Style id="icon-1899-1A237E-normal">
      <IconStyle>
        <color>ff7e231a</color>
        <scale>1</scale>
        <Icon>
          <href>https://www.gstatic.com/mapspro/images/stock/503-wht-blank_maps.png</href>
        </Icon>
        <hotSpot x="32" xunits="pixels" y="64" yunits="insetPixels"/>
      </IconStyle>
      <LabelStyle>
        <scale>0</scale>
      </LabelStyle>
    </Style>
    <Style id="icon-1899-1A237E-highlight">
      <IconStyle>
        <color>ff7e231a</color>
        <scale>1</scale>
        <Icon>
          <href>https://www.gstatic.com/mapspro/images/stock/503-wht-blank_maps.png</href>
        </Icon>
        <hotSpot x="32" xunits="pixels" y="64" yunits="insetPixels"/>
      </IconStyle>
      <LabelStyle>
        <scale>1</scale>
      </LabelStyle>
    </Style>
    <StyleMap id="icon-1899-1A237E">
      <Pair>
        <key>normal</key>
        <styleUrl>#icon-1899-1A237E-normal</styleUrl>
      </Pair>
      <Pair>
        <key>highlight</key>
        <styleUrl>#icon-1899-1A237E-highlight</styleUrl>
      </Pair>
    </StyleMap>
    <Style id="icon-1899-3949AB-normal">
      <IconStyle>
        <color>ffab4939</color>
        <scale>1</scale>
        <Icon>
          <href>https://www.gstatic.com/mapspro/images/stock/503-wht-blank_maps.png</href>
        </Icon>
        <hotSpot x="32" xunits="pixels" y="64" yunits="insetPixels"/>
      </IconStyle>
      <LabelStyle>
        <scale>0</scale>
      </LabelStyle>
    </Style>
    <Style id="icon-1899-3949AB-highlight">
      <IconStyle>
        <color>ffab4939</color>
        <scale>1</scale>
        <Icon>
          <href>https://www.gstatic.com/mapspro/images/stock/503-wht-blank_maps.png</href>
        </Icon>
        <hotSpot x="32" xunits="pixels" y="64" yunits="insetPixels"/>
      </IconStyle>
      <LabelStyle>
        <scale>1</scale>
      </LabelStyle>
    </Style>
    <StyleMap id="icon-1899-3949AB">
      <Pair>
        <key>normal</key>
        <styleUrl>#icon-1899-3949AB-normal</styleUrl>
      </Pair>
      <Pair>
        <key>highlight</key>
        <styleUrl>#icon-1899-3949AB-highlight</styleUrl>
      </Pair>
    </StyleMap>
    <Style id="icon-1899-4E342E-normal">
      <IconStyle>
        <color>ff2e344e</color>
        <scale>1</scale>
        <Icon>
          <href>https://www.gstatic.com/mapspro/images/stock/503-wht-blank_maps.png</href>
        </Icon>
        <hotSpot x="32" xunits="pixels" y="64" yunits="insetPixels"/>
      </IconStyle>
      <LabelStyle>
        <scale>0</scale>
      </LabelStyle>
    </Style>
    <Style id="icon-1899-4E342E-highlight">
      <IconStyle>
        <color>ff2e344e</color>
        <scale>1</scale>
        <Icon>
          <href>https://www.gstatic.com/mapspro/images/stock/503-wht-blank_maps.png</href>
        </Icon>
        <hotSpot x="32" xunits="pixels" y="64" yunits="insetPixels"/>
      </IconStyle>
      <LabelStyle>
        <scale>1</scale>
      </LabelStyle>
    </Style>
    <StyleMap id="icon-1899-4E342E">
      <Pair>
        <key>normal</key>
        <styleUrl>#icon-1899-4E342E-normal</styleUrl>
      </Pair>
      <Pair>
        <key>highlight</key>
        <styleUrl>#icon-1899-4E342E-highlight</styleUrl>
      </Pair>
    </StyleMap>
    <Style id="icon-1899-558B2F-normal">
      <IconStyle>
        <color>ff2f8b55</color>
        <scale>1</scale>
        <Icon>
          <href>https://www.gstatic.com/mapspro/images/stock/503-wht-blank_maps.png</href>
        </Icon>
        <hotSpot x="32" xunits="pixels" y="64" yunits="insetPixels"/>
      </IconStyle>
      <LabelStyle>
        <scale>0</scale>
      </LabelStyle>
    </Style>
    <Style id="icon-1899-558B2F-highlight">
      <IconStyle>
        <color>ff2f8b55</color>
        <scale>1</scale>
        <Icon>
          <href>https://www.gstatic.com/mapspro/images/stock/503-wht-blank_maps.png</href>
        </Icon>
        <hotSpot x="32" xunits="pixels" y="64" yunits="insetPixels"/>
      </IconStyle>
      <LabelStyle>
        <scale>1</scale>
      </LabelStyle>
    </Style>
    <StyleMap id="icon-1899-558B2F">
      <Pair>
        <key>normal</key>
        <styleUrl>#icon-1899-558B2F-normal</styleUrl>
      </Pair>
      <Pair>
        <key>highlight</key>
        <styleUrl>#icon-1899-558B2F-highlight</styleUrl>
      </Pair>
    </StyleMap>
    <Style id="icon-1899-673AB7-normal">
      <IconStyle>
        <color>ffb73a67</color>
        <scale>1</scale>
        <Icon>
          <href>https://www.gstatic.com/mapspro/images/stock/503-wht-blank_maps.png</href>
        </Icon>
        <hotSpot x="32" xunits="pixels" y="64" yunits="insetPixels"/>
      </IconStyle>
      <LabelStyle>
        <scale>0</scale>
      </LabelStyle>
    </Style>
    <Style id="icon-1899-673AB7-highlight">
      <IconStyle>
        <color>ffb73a67</color>
        <scale>1</scale>
        <Icon>
          <href>https://www.gstatic.com/mapspro/images/stock/503-wht-blank_maps.png</href>
        </Icon>
        <hotSpot x="32" xunits="pixels" y="64" yunits="insetPixels"/>
      </IconStyle>
      <LabelStyle>
        <scale>1</scale>
      </LabelStyle>
    </Style>
    <StyleMap id="icon-1899-673AB7">
      <Pair>
        <key>normal</key>
        <styleUrl>#icon-1899-673AB7-normal</styleUrl>
      </Pair>
      <Pair>
        <key>highlight</key>
        <styleUrl>#icon-1899-673AB7-highlight</styleUrl>
      </Pair>
    </StyleMap>
    <Style id="icon-1899-795548-normal">
      <IconStyle>
        <color>ff485579</color>
        <scale>1</scale>
        <Icon>
          <href>https://www.gstatic.com/mapspro/images/stock/503-wht-blank_maps.png</href>
        </Icon>
        <hotSpot x="32" xunits="pixels" y="64" yunits="insetPixels"/>
      </IconStyle>
      <LabelStyle>
        <scale>0</scale>
      </LabelStyle>
    </Style>
    <Style id="icon-1899-795548-highlight">
      <IconStyle>
        <color>ff485579</color>
        <scale>1</scale>
        <Icon>
          <href>https://www.gstatic.com/mapspro/images/stock/503-wht-blank_maps.png</href>
        </Icon>
        <hotSpot x="32" xunits="pixels" y="64" yunits="insetPixels"/>
      </IconStyle>
      <LabelStyle>
        <scale>1</scale>
      </LabelStyle>
    </Style>
    <StyleMap id="icon-1899-795548">
      <Pair>
        <key>normal</key>
        <styleUrl>#icon-1899-795548-normal</styleUrl>
      </Pair>
      <Pair>
        <key>highlight</key>
        <styleUrl>#icon-1899-795548-highlight</styleUrl>
      </Pair>
    </StyleMap>
    <Style id="icon-1899-7CB342-normal">
      <IconStyle>
        <color>ff42b37c</color>
        <scale>1</scale>
        <Icon>
          <href>https://www.gstatic.com/mapspro/images/stock/503-wht-blank_maps.png</href>
        </Icon>
        <hotSpot x="32" xunits="pixels" y="64" yunits="insetPixels"/>
      </IconStyle>
      <LabelStyle>
        <scale>0</scale>
      </LabelStyle>
    </Style>
    <Style id="icon-1899-7CB342-highlight">
      <IconStyle>
        <color>ff42b37c</color>
        <scale>1</scale>
        <Icon>
          <href>https://www.gstatic.com/mapspro/images/stock/503-wht-blank_maps.png</href>
        </Icon>
        <hotSpot x="32" xunits="pixels" y="64" yunits="insetPixels"/>
      </IconStyle>
      <LabelStyle>
        <scale>1</scale>
      </LabelStyle>
    </Style>
    <StyleMap id="icon-1899-7CB342">
      <Pair>
        <key>normal</key>
        <styleUrl>#icon-1899-7CB342-normal</styleUrl>
      </Pair>
      <Pair>
        <key>highlight</key>
        <styleUrl>#icon-1899-7CB342-highlight</styleUrl>
      </Pair>
    </StyleMap>
    <Style id="icon-1899-817717-normal">
      <IconStyle>
        <color>ff177781</color>
        <scale>1</scale>
        <Icon>
          <href>https://www.gstatic.com/mapspro/images/stock/503-wht-blank_maps.png</href>
        </Icon>
        <hotSpot x="32" xunits="pixels" y="64" yunits="insetPixels"/>
      </IconStyle>
      <LabelStyle>
        <scale>0</scale>
      </LabelStyle>
    </Style>
    <Style id="icon-1899-817717-highlight">
      <IconStyle>
        <color>ff177781</color>
        <scale>1</scale>
        <Icon>
          <href>https://www.gstatic.com/mapspro/images/stock/503-wht-blank_maps.png</href>
        </Icon>
        <hotSpot x="32" xunits="pixels" y="64" yunits="insetPixels"/>
      </IconStyle>
      <LabelStyle>
        <scale>1</scale>
      </LabelStyle>
    </Style>
    <StyleMap id="icon-1899-817717">
      <Pair>
        <key>normal</key>
        <styleUrl>#icon-1899-817717-normal</styleUrl>
      </Pair>
      <Pair>
        <key>highlight</key>
        <styleUrl>#icon-1899-817717-highlight</styleUrl>
      </Pair>
    </StyleMap>
    <Style id="icon-1899-880E4F-normal">
      <IconStyle>
        <color>ff4f0e88</color>
        <scale>1</scale>
        <Icon>
          <href>https://www.gstatic.com/mapspro/images/stock/503-wht-blank_maps.png</href>
        </Icon>
        <hotSpot x="32" xunits="pixels" y="64" yunits="insetPixels"/>
      </IconStyle>
      <LabelStyle>
        <scale>0</scale>
      </LabelStyle>
    </Style>
    <Style id="icon-1899-880E4F-highlight">
      <IconStyle>
        <color>ff4f0e88</color>
        <scale>1</scale>
        <Icon>
          <href>https://www.gstatic.com/mapspro/images/stock/503-wht-blank_maps.png</href>
        </Icon>
        <hotSpot x="32" xunits="pixels" y="64" yunits="insetPixels"/>
      </IconStyle>
      <LabelStyle>
        <scale>1</scale>
      </LabelStyle>
    </Style>
    <StyleMap id="icon-1899-880E4F">
      <Pair>
        <key>normal</key>
        <styleUrl>#icon-1899-880E4F-normal</styleUrl>
      </Pair>
      <Pair>
        <key>highlight</key>
        <styleUrl>#icon-1899-880E4F-highlight</styleUrl>
      </Pair>
    </StyleMap>
    <Style id="icon-1899-9C27B0-normal">
      <IconStyle>
        <color>ffb0279c</color>
        <scale>1</scale>
        <Icon>
          <href>https://www.gstatic.com/mapspro/images/stock/503-wht-blank_maps.png</href>
        </Icon>
        <hotSpot x="32" xunits="pixels" y="64" yunits="insetPixels"/>
      </IconStyle>
      <LabelStyle>
        <scale>0</scale>
      </LabelStyle>
    </Style>
    <Style id="icon-1899-9C27B0-highlight">
      <IconStyle>
        <color>ffb0279c</color>
        <scale>1</scale>
        <Icon>
          <href>https://www.gstatic.com/mapspro/images/stock/503-wht-blank_maps.png</href>
        </Icon>
        <hotSpot x="32" xunits="pixels" y="64" yunits="insetPixels"/>
      </IconStyle>
      <LabelStyle>
        <scale>1</scale>
      </LabelStyle>
    </Style>
    <StyleMap id="icon-1899-9C27B0">
      <Pair>
        <key>normal</key>
        <styleUrl>#icon-1899-9C27B0-normal</styleUrl>
      </Pair>
      <Pair>
        <key>highlight</key>
        <styleUrl>#icon-1899-9C27B0-highlight</styleUrl>
      </Pair>
    </StyleMap>
    <Style id="icon-1899-A52714-normal">
      <IconStyle>
        <color>ff1427a5</color>
        <scale>1</scale>
        <Icon>
          <href>https://www.gstatic.com/mapspro/images/stock/503-wht-blank_maps.png</href>
        </Icon>
        <hotSpot x="32" xunits="pixels" y="64" yunits="insetPixels"/>
      </IconStyle>
      <LabelStyle>
        <scale>0</scale>
      </LabelStyle>
    </Style>
    <Style id="icon-1899-A52714-highlight">
      <IconStyle>
        <color>ff1427a5</color>
        <scale>1</scale>
        <Icon>
          <href>https://www.gstatic.com/mapspro/images/stock/503-wht-blank_maps.png</href>
        </Icon>
        <hotSpot x="32" xunits="pixels" y="64" yunits="insetPixels"/>
      </IconStyle>
      <LabelStyle>
        <scale>1</scale>
      </LabelStyle>
    </Style>
    <StyleMap id="icon-1899-A52714">
      <Pair>
        <key>normal</key>
        <styleUrl>#icon-1899-A52714-normal</styleUrl>
      </Pair>
      <Pair>
        <key>highlight</key>
        <styleUrl>#icon-1899-A52714-highlight</styleUrl>
      </Pair>
    </StyleMap>
    <Style id="icon-1899-AFB42B-normal">
      <IconStyle>
        <color>ff2bb4af</color>
        <scale>1</scale>
        <Icon>
          <href>https://www.gstatic.com/mapspro/images/stock/503-wht-blank_maps.png</href>
        </Icon>
        <hotSpot x="32" xunits="pixels" y="64" yunits="insetPixels"/>
      </IconStyle>
      <LabelStyle>
        <scale>0</scale>
      </LabelStyle>
    </Style>
    <Style id="icon-1899-AFB42B-highlight">
      <IconStyle>
        <color>ff2bb4af</color>
        <scale>1</scale>
        <Icon>
          <href>https://www.gstatic.com/mapspro/images/stock/503-wht-blank_maps.png</href>
        </Icon>
        <hotSpot x="32" xunits="pixels" y="64" yunits="insetPixels"/>
      </IconStyle>
      <LabelStyle>
        <scale>1</scale>
      </LabelStyle>
    </Style>
    <StyleMap id="icon-1899-AFB42B">
      <Pair>
        <key>normal</key>
        <styleUrl>#icon-1899-AFB42B-normal</styleUrl>
      </Pair>
      <Pair>
        <key>highlight</key>
        <styleUrl>#icon-1899-AFB42B-highlight</styleUrl>
      </Pair>
    </StyleMap>
    <Style id="icon-1899-BDBDBD-normal">
      <IconStyle>
        <color>ffbdbdbd</color>
        <scale>1</scale>
        <Icon>
          <href>https://www.gstatic.com/mapspro/images/stock/503-wht-blank_maps.png</href>
        </Icon>
        <hotSpot x="32" xunits="pixels" y="64" yunits="insetPixels"/>
      </IconStyle>
      <LabelStyle>
        <scale>0</scale>
      </LabelStyle>
    </Style>
    <Style id="icon-1899-BDBDBD-highlight">
      <IconStyle>
        <color>ffbdbdbd</color>
        <scale>1</scale>
        <Icon>
          <href>https://www.gstatic.com/mapspro/images/stock/503-wht-blank_maps.png</href>
        </Icon>
        <hotSpot x="32" xunits="pixels" y="64" yunits="insetPixels"/>
      </IconStyle>
      <LabelStyle>
        <scale>1</scale>
      </LabelStyle>
    </Style>
    <StyleMap id="icon-1899-BDBDBD">
      <Pair>
        <key>normal</key>
        <styleUrl>#icon-1899-BDBDBD-normal</styleUrl>
      </Pair>
      <Pair>
        <key>highlight</key>
        <styleUrl>#icon-1899-BDBDBD-highlight</styleUrl>
      </Pair>
    </StyleMap>
    <Style id="icon-1899-C2185B-normal">
      <IconStyle>
        <color>ff5b18c2</color>
        <scale>1</scale>
        <Icon>
          <href>https://www.gstatic.com/mapspro/images/stock/503-wht-blank_maps.png</href>
        </Icon>
        <hotSpot x="32" xunits="pixels" y="64" yunits="insetPixels"/>
      </IconStyle>
      <LabelStyle>
        <scale>0</scale>
      </LabelStyle>
    </Style>
    <Style id="icon-1899-C2185B-highlight">
      <IconStyle>
        <color>ff5b18c2</color>
        <scale>1</scale>
        <Icon>
          <href>https://www.gstatic.com/mapspro/images/stock/503-wht-blank_maps.png</href>
        </Icon>
        <hotSpot x="32" xunits="pixels" y="64" yunits="insetPixels"/>
      </IconStyle>
      <LabelStyle>
        <scale>1</scale>
      </LabelStyle>
    </Style>
    <StyleMap id="icon-1899-C2185B">
      <Pair>
        <key>normal</key>
        <styleUrl>#icon-1899-C2185B-normal</styleUrl>
      </Pair>
      <Pair>
        <key>highlight</key>
        <styleUrl>#icon-1899-C2185B-highlight</styleUrl>
      </Pair>
    </StyleMap>
    <Style id="icon-1899-E65100-normal">
      <IconStyle>
        <color>ff0051e6</color>
        <scale>1</scale>
        <Icon>
          <href>https://www.gstatic.com/mapspro/images/stock/503-wht-blank_maps.png</href>
        </Icon>
        <hotSpot x="32" xunits="pixels" y="64" yunits="insetPixels"/>
      </IconStyle>
      <LabelStyle>
        <scale>0</scale>
      </LabelStyle>
    </Style>
    <Style id="icon-1899-E65100-highlight">
      <IconStyle>
        <color>ff0051e6</color>
        <scale>1</scale>
        <Icon>
          <href>https://www.gstatic.com/mapspro/images/stock/503-wht-blank_maps.png</href>
        </Icon>
        <hotSpot x="32" xunits="pixels" y="64" yunits="insetPixels"/>
      </IconStyle>
      <LabelStyle>
        <scale>1</scale>
      </LabelStyle>
    </Style>
    <StyleMap id="icon-1899-E65100">
      <Pair>
        <key>normal</key>
        <styleUrl>#icon-1899-E65100-normal</styleUrl>
      </Pair>
      <Pair>
        <key>highlight</key>
        <styleUrl>#icon-1899-E65100-highlight</styleUrl>
      </Pair>
    </StyleMap>
    <Style id="icon-1899-F57C00-normal">
      <IconStyle>
        <color>ff007cf5</color>
        <scale>1</scale>
        <Icon>
          <href>https://www.gstatic.com/mapspro/images/stock/503-wht-blank_maps.png</href>
        </Icon>
        <hotSpot x="32" xunits="pixels" y="64" yunits="insetPixels"/>
      </IconStyle>
      <LabelStyle>
        <scale>0</scale>
      </LabelStyle>
    </Style>
    <Style id="icon-1899-F57C00-highlight">
      <IconStyle>
        <color>ff007cf5</color>
        <scale>1</scale>
        <Icon>
          <href>https://www.gstatic.com/mapspro/images/stock/503-wht-blank_maps.png</href>
        </Icon>
        <hotSpot x="32" xunits="pixels" y="64" yunits="insetPixels"/>
      </IconStyle>
      <LabelStyle>
        <scale>1</scale>
      </LabelStyle>
    </Style>
    <StyleMap id="icon-1899-F57C00">
      <Pair>
        <key>normal</key>
        <styleUrl>#icon-1899-F57C00-normal</styleUrl>
      </Pair>
      <Pair>
        <key>highlight</key>
        <styleUrl>#icon-1899-F57C00-highlight</styleUrl>
      </Pair>
    </StyleMap>
    <Style id="icon-1899-F9A825-normal">
      <IconStyle>
        <color>ff25a8f9</color>
        <scale>1</scale>
        <Icon>
          <href>https://www.gstatic.com/mapspro/images/stock/503-wht-blank_maps.png</href>
        </Icon>
        <hotSpot x="32" xunits="pixels" y="64" yunits="insetPixels"/>
      </IconStyle>
      <LabelStyle>
        <scale>0</scale>
      </LabelStyle>
    </Style>
    <Style id="icon-1899-F9A825-highlight">
      <IconStyle>
        <color>ff25a8f9</color>
        <scale>1</scale>
        <Icon>
          <href>https://www.gstatic.com/mapspro/images/stock/503-wht-blank_maps.png</href>
        </Icon>
        <hotSpot x="32" xunits="pixels" y="64" yunits="insetPixels"/>
      </IconStyle>
      <LabelStyle>
        <scale>1</scale>
      </LabelStyle>
    </Style>
    <StyleMap id="icon-1899-F9A825">
      <Pair>
        <key>normal</key>
        <styleUrl>#icon-1899-F9A825-normal</styleUrl>
      </Pair>
      <Pair>
        <key>highlight</key>
        <styleUrl>#icon-1899-F9A825-highlight</styleUrl>
      </Pair>
    </StyleMap>
    <Style id="icon-1899-FBC02D-normal">
      <IconStyle>
        <color>ff2dc0fb</color>
        <scale>1</scale>
        <Icon>
          <href>https://www.gstatic.com/mapspro/images/stock/503-wht-blank_maps.png</href>
        </Icon>
        <hotSpot x="32" xunits="pixels" y="64" yunits="insetPixels"/>
      </IconStyle>
      <LabelStyle>
        <scale>0</scale>
      </LabelStyle>
    </Style>
    <Style id="icon-1899-FBC02D-highlight">
      <IconStyle>
        <color>ff2dc0fb</color>
        <scale>1</scale>
        <Icon>
          <href>https://www.gstatic.com/mapspro/images/stock/503-wht-blank_maps.png</href>
        </Icon>
        <hotSpot x="32" xunits="pixels" y="64" yunits="insetPixels"/>
      </IconStyle>
      <LabelStyle>
        <scale>1</scale>
      </LabelStyle>
    </Style>
    <StyleMap id="icon-1899-FBC02D">
      <Pair>
        <key>normal</key>
        <styleUrl>#icon-1899-FBC02D-normal</styleUrl>
      </Pair>
      <Pair>
        <key>highlight</key>
        <styleUrl>#icon-1899-FBC02D-highlight</styleUrl>
      </Pair>
    </StyleMap>
    <Style id="icon-1899-FF5252-normal">
      <IconStyle>
        <color>ff5252ff</color>
        <scale>1</scale>
        <Icon>
          <href>https://www.gstatic.com/mapspro/images/stock/503-wht-blank_maps.png</href>
        </Icon>
        <hotSpot x="32" xunits="pixels" y="64" yunits="insetPixels"/>
      </IconStyle>
      <LabelStyle>
        <scale>0</scale>
      </LabelStyle>
    </Style>
    <Style id="icon-1899-FF5252-highlight">
      <IconStyle>
        <color>ff5252ff</color>
        <scale>1</scale>
        <Icon>
          <href>https://www.gstatic.com/mapspro/images/stock/503-wht-blank_maps.png</href>
        </Icon>
        <hotSpot x="32" xunits="pixels" y="64" yunits="insetPixels"/>
      </IconStyle>
      <LabelStyle>
        <scale>1</scale>
      </LabelStyle>
    </Style>
    <StyleMap id="icon-1899-FF5252">
      <Pair>
        <key>normal</key>
        <styleUrl>#icon-1899-FF5252-normal</styleUrl>
      </Pair>
      <Pair>
        <key>highlight</key>
        <styleUrl>#icon-1899-FF5252-highlight</styleUrl>
      </Pair>
    </StyleMap>
    <Style id="icon-1899-FFD600-normal">
      <IconStyle>
        <color>ff00d6ff</color>
        <scale>1</scale>
        <Icon>
          <href>https://www.gstatic.com/mapspro/images/stock/503-wht-blank_maps.png</href>
        </Icon>
        <hotSpot x="32" xunits="pixels" y="64" yunits="insetPixels"/>
      </IconStyle>
      <LabelStyle>
        <scale>0</scale>
      </LabelStyle>
    </Style>
    <Style id="icon-1899-FFD600-highlight">
      <IconStyle>
        <color>ff00d6ff</color>
        <scale>1</scale>
        <Icon>
          <href>https://www.gstatic.com/mapspro/images/stock/503-wht-blank_maps.png</href>
        </Icon>
        <hotSpot x="32" xunits="pixels" y="64" yunits="insetPixels"/>
      </IconStyle>
      <LabelStyle>
        <scale>1</scale>
      </LabelStyle>
    </Style>
    <StyleMap id="icon-1899-FFD600">
      <Pair>
        <key>normal</key>
        <styleUrl>#icon-1899-FFD600-normal</styleUrl>
      </Pair>
      <Pair>
        <key>highlight</key>
        <styleUrl>#icon-1899-FFD600-highlight</styleUrl>
      </Pair>
    </StyleMap>
    <Style id="icon-1899-FFEA00-normal">
      <IconStyle>
        <color>ff00eaff</color>
        <scale>1</scale>
        <Icon>
          <href>https://www.gstatic.com/mapspro/images/stock/503-wht-blank_maps.png</href>
        </Icon>
        <hotSpot x="32" xunits="pixels" y="64" yunits="insetPixels"/>
      </IconStyle>
      <LabelStyle>
        <scale>0</scale>
      </LabelStyle>
    </Style>
    <Style id="icon-1899-FFEA00-highlight">
      <IconStyle>
        <color>ff00eaff</color>
        <scale>1</scale>
        <Icon>
          <href>https://www.gstatic.com/mapspro/images/stock/503-wht-blank_maps.png</href>
        </Icon>
        <hotSpot x="32" xunits="pixels" y="64" yunits="insetPixels"/>
      </IconStyle>
      <LabelStyle>
        <scale>1</scale>
      </LabelStyle>
    </Style>
    <StyleMap id="icon-1899-FFEA00">
      <Pair>
        <key>normal</key>
        <styleUrl>#icon-1899-FFEA00-normal</styleUrl>
      </Pair>
      <Pair>
        <key>highlight</key>
        <styleUrl>#icon-1899-FFEA00-highlight</styleUrl>
      </Pair>
    </StyleMap>
    <Folder>
      <name>Chicago Todo List</name>
      <Placemark>
        <name>Meeting House</name>
        <address>5025 N Clark St, Chicago, IL 60640</address>
        <description><![CDATA[Type: Bar<br>Neighborhood: Andersonville<br>Reviews: shuffleboard, billards, arcade games, popcorn<br>Address: 5025 N Clark St, Chicago, IL 60640]]></description>
        <styleUrl>#icon-1899-BDBDBD</styleUrl>
        <ExtendedData>
          <Data name="Type">
            <value>Bar</value>
          </Data>
          <Data name="Neighborhood">
            <value>Andersonville</value>
          </Data>
          <Data name="Reviews">
            <value>shuffleboard, billards, arcade games, popcorn</value>
          </Data>
          <Data name="Address">
            <value>5025 N Clark St, Chicago, IL 60640</value>
          </Data>
        </ExtendedData>
      </Placemark>
      <Placemark>
        <name>Little Bad Wolf</name>
        <address>1541 W Bryn Mawr Ave, Chicago, IL 60660</address>
        <description><![CDATA[Type: Restaurant<br>Neighborhood: Andersonville<br>Reviews: <br>Address: 1541 W Bryn Mawr Ave, Chicago, IL 60660]]></description>
        <styleUrl>#icon-1899-BDBDBD</styleUrl>
        <ExtendedData>
          <Data name="Type">
            <value>Restaurant</value>
          </Data>
          <Data name="Neighborhood">
            <value>Andersonville</value>
          </Data>
          <Data name="Reviews">
            <value/>
          </Data>
          <Data name="Address">
            <value>1541 W Bryn Mawr Ave, Chicago, IL 60660</value>
          </Data>
        </ExtendedData>
      </Placemark>
      <Placemark>
        <name>Pizza Lobo</name>
        <address>5457 N Clark St, Chicago, IL 60640</address>
        <description><![CDATA[Type: Restaurant<br>Neighborhood: Andersonville<br>Reviews: <br>Address: 5457 N Clark St, Chicago, IL 60640]]></description>
        <styleUrl>#icon-1899-BDBDBD</styleUrl>
        <ExtendedData>
          <Data name="Type">
            <value>Restaurant</value>
          </Data>
          <Data name="Neighborhood">
            <value>Andersonville</value>
          </Data>
          <Data name="Reviews">
            <value/>
          </Data>
          <Data name="Address">
            <value>5457 N Clark St, Chicago, IL 60640</value>
          </Data>
        </ExtendedData>
      </Placemark>
      <Placemark>
        <name>Ranalli’s Pizza</name>
        <address>1512 W Berwyn Ave, Chicago, IL 60640</address>
        <description><![CDATA[Type: Restaurant<br>Neighborhood: Andersonville<br>Reviews: <br>Address: 1512 W Berwyn Ave, Chicago, IL 60640]]></description>
        <styleUrl>#icon-1899-BDBDBD</styleUrl>
        <ExtendedData>
          <Data name="Type">
            <value>Restaurant</value>
          </Data>
          <Data name="Neighborhood">
            <value>Andersonville</value>
          </Data>
          <Data name="Reviews">
            <value/>
          </Data>
          <Data name="Address">
            <value>1512 W Berwyn Ave, Chicago, IL 60640</value>
          </Data>
        </ExtendedData>
      </Placemark>
      <Placemark>
        <name>Tala House</name>
        <address>5022 N Clark St, Chicago, IL 60640</address>
        <description><![CDATA[Type: Restaurant<br>Neighborhood: Andersonville<br>Reviews: <br>Address: 5022 N Clark St, Chicago, IL 60640]]></description>
        <styleUrl>#icon-1899-BDBDBD</styleUrl>
        <ExtendedData>
          <Data name="Type">
            <value>Restaurant</value>
          </Data>
          <Data name="Neighborhood">
            <value>Andersonville</value>
          </Data>
          <Data name="Reviews">
            <value/>
          </Data>
          <Data name="Address">
            <value>5022 N Clark St, Chicago, IL 60640</value>
          </Data>
        </ExtendedData>
      </Placemark>
      <Placemark>
        <name>SmallBar</name>
        <address>2956 N Albany Ave, Chicago, IL 60618</address>
        <description><![CDATA[Type: Bar<br>Neighborhood: Avondale<br>Reviews: good smashburgers<br>Address: 2956 N Albany Ave, Chicago, IL 60618]]></description>
        <styleUrl>#icon-1899-BDBDBD</styleUrl>
        <ExtendedData>
          <Data name="Type">
            <value>Bar</value>
          </Data>
          <Data name="Neighborhood">
            <value>Avondale</value>
          </Data>
          <Data name="Reviews">
            <value>good smashburgers</value>
          </Data>
          <Data name="Address">
            <value>2956 N Albany Ave, Chicago, IL 60618</value>
          </Data>
        </ExtendedData>
      </Placemark>
      <Placemark>
        <name>Late Bar</name>
        <address>3534 W Belmont Ave, Chicago, IL 60618</address>
        <description><![CDATA[Type: Club<br>Neighborhood: Avondale<br>Reviews: goth club, open til 4am thurs-sat, cheap beer<br>Address: 3534 W Belmont Ave, Chicago, IL 60618]]></description>
        <styleUrl>#icon-1899-BDBDBD</styleUrl>
        <ExtendedData>
          <Data name="Type">
            <value>Club</value>
          </Data>
          <Data name="Neighborhood">
            <value>Avondale</value>
          </Data>
          <Data name="Reviews">
            <value>goth club, open til 4am thurs-sat, cheap beer</value>
          </Data>
          <Data name="Address">
            <value>3534 W Belmont Ave, Chicago, IL 60618</value>
          </Data>
        </ExtendedData>
      </Placemark>
      <Placemark>
        <name>TriBecca’s Sandwich Shop</name>
        <address>2949 W Belmont Ave, Chicago, IL 60618</address>
        <description><![CDATA[Type: Restaurant<br>Neighborhood: Avondale<br>Reviews: <br>Address: 2949 W Belmont Ave, Chicago, IL 60618]]></description>
        <styleUrl>#icon-1899-BDBDBD</styleUrl>
        <ExtendedData>
          <Data name="Type">
            <value>Restaurant</value>
          </Data>
          <Data name="Neighborhood">
            <value>Avondale</value>
          </Data>
          <Data name="Reviews">
            <value/>
          </Data>
          <Data name="Address">
            <value>2949 W Belmont Ave, Chicago, IL 60618</value>
          </Data>
        </ExtendedData>
      </Placemark>
      <Placemark>
        <name>Chicago Maritime Museum</name>
        <address>1200 W 35th St, Chicago, IL 60609</address>
        <description><![CDATA[Type: Museum<br>Neighborhood: Bridgeport<br>Reviews: <br>Address: 1200 W 35th St, Chicago, IL 60609]]></description>
        <styleUrl>#icon-1899-BDBDBD</styleUrl>
        <ExtendedData>
          <Data name="Type">
            <value>Museum</value>
          </Data>
          <Data name="Neighborhood">
            <value>Bridgeport</value>
          </Data>
          <Data name="Reviews">
            <value/>
          </Data>
          <Data name="Address">
            <value>1200 W 35th St, Chicago, IL 60609</value>
          </Data>
        </ExtendedData>
      </Placemark>
      <Placemark>
        <name>Palmisano Park</name>
        <address>2700 S Halsted St, Chicago, IL 60608</address>
        <description><![CDATA[Type: Park<br>Neighborhood: Bridgeport<br>Reviews: old quarry and pond<br>Address: 2700 S Halsted St, Chicago, IL 60608]]></description>
        <styleUrl>#icon-1899-BDBDBD</styleUrl>
        <ExtendedData>
          <Data name="Type">
            <value>Park</value>
          </Data>
          <Data name="Neighborhood">
            <value>Bridgeport</value>
          </Data>
          <Data name="Reviews">
            <value>old quarry and pond</value>
          </Data>
          <Data name="Address">
            <value>2700 S Halsted St, Chicago, IL 60608</value>
          </Data>
        </ExtendedData>
      </Placemark>
      <Placemark>
        <name>Four Seasons Dumpling</name>
        <address>3205 S Halsted St, Chicago, IL 60608</address>
        <description><![CDATA[Type: Restaurant<br>Neighborhood: Bridgeport<br>Reviews: <br>Address: 3205 S Halsted St, Chicago, IL 60608]]></description>
        <styleUrl>#icon-1899-BDBDBD</styleUrl>
        <ExtendedData>
          <Data name="Type">
            <value>Restaurant</value>
          </Data>
          <Data name="Neighborhood">
            <value>Bridgeport</value>
          </Data>
          <Data name="Reviews">
            <value/>
          </Data>
          <Data name="Address">
            <value>3205 S Halsted St, Chicago, IL 60608</value>
          </Data>
        </ExtendedData>
      </Placemark>
      <Placemark>
        <name>JM Seafood</name>
        <address>3312 S Halsted St, Chicago, IL 60608</address>
        <description><![CDATA[Type: Restaurant<br>Neighborhood: Bridgeport<br>Reviews: <br>Address: 3312 S Halsted St, Chicago, IL 60608]]></description>
        <styleUrl>#icon-1899-BDBDBD</styleUrl>
        <ExtendedData>
          <Data name="Type">
            <value>Restaurant</value>
          </Data>
          <Data name="Neighborhood">
            <value>Bridgeport</value>
          </Data>
          <Data name="Reviews">
            <value/>
          </Data>
          <Data name="Address">
            <value>3312 S Halsted St, Chicago, IL 60608</value>
          </Data>
        </ExtendedData>
      </Placemark>
      <Placemark>
        <name>Martinez</name>
        <address>3301 S Morgan St, Chicago, IL 60608</address>
        <description><![CDATA[Type: Restaurant<br>Neighborhood: Bridgeport<br>Reviews: <br>Address: 3301 S Morgan St, Chicago, IL 60608]]></description>
        <styleUrl>#icon-1899-BDBDBD</styleUrl>
        <ExtendedData>
          <Data name="Type">
            <value>Restaurant</value>
          </Data>
          <Data name="Neighborhood">
            <value>Bridgeport</value>
          </Data>
          <Data name="Reviews">
            <value/>
          </Data>
          <Data name="Address">
            <value>3301 S Morgan St, Chicago, IL 60608</value>
          </Data>
        </ExtendedData>
      </Placemark>
      <Placemark>
        <name>Oakwood Beach</name>
        <address>4100 S DuSable Lake Shore Dr, Chicago, IL 60653</address>
        <description><![CDATA[Type: Beach<br>Neighborhood: Bronzeville<br>Reviews: Mermaid statue, long pier platform<br>Address: 4100 S DuSable Lake Shore Dr, Chicago, IL 60653]]></description>
        <styleUrl>#icon-1899-673AB7</styleUrl>
        <ExtendedData>
          <Data name="Type">
            <value>Beach</value>
          </Data>
          <Data name="Neighborhood">
            <value>Bronzeville</value>
          </Data>
          <Data name="Reviews">
            <value>Mermaid statue, long pier platform</value>
          </Data>
          <Data name="Address">
            <value>4100 S DuSable Lake Shore Dr, Chicago, IL 60653</value>
          </Data>
        </ExtendedData>
      </Placemark>
      <Placemark>
        <name>Peach’s</name>
        <address>4652 S King Dr, Chicago, IL 60653</address>
        <description><![CDATA[Type: Brunch<br>Neighborhood: Bronzeville<br>Reviews: <br>Address: 4652 S King Dr, Chicago, IL 60653]]></description>
        <styleUrl>#icon-1899-673AB7</styleUrl>
        <ExtendedData>
          <Data name="Type">
            <value>Brunch</value>
          </Data>
          <Data name="Neighborhood">
            <value>Bronzeville</value>
          </Data>
          <Data name="Reviews">
            <value/>
          </Data>
          <Data name="Address">
            <value>4652 S King Dr, Chicago, IL 60653</value>
          </Data>
        </ExtendedData>
      </Placemark>
      <Placemark>
        <name>Truth</name>
        <address>56 E Pershing Rd, Chicago, IL 60653</address>
        <description><![CDATA[Type: Brunch<br>Neighborhood: Bronzeville<br>Reviews: <br>Address: 56 E Pershing Rd, Chicago, IL 60653]]></description>
        <styleUrl>#icon-1899-673AB7</styleUrl>
        <ExtendedData>
          <Data name="Type">
            <value>Brunch</value>
          </Data>
          <Data name="Neighborhood">
            <value>Bronzeville</value>
          </Data>
          <Data name="Reviews">
            <value/>
          </Data>
          <Data name="Address">
            <value>56 E Pershing Rd, Chicago, IL 60653</value>
          </Data>
        </ExtendedData>
      </Placemark>
      <Placemark>
        <name><![CDATA[Bronzeville Hoagie & Panini]]></name>
        <address>238 E 35th St, Chicago, IL 60616</address>
        <description><![CDATA[Type: Restaurant<br>Neighborhood: Bronzeville<br>Reviews: <br>Address: 238 E 35th St, Chicago, IL 60616]]></description>
        <styleUrl>#icon-1899-673AB7</styleUrl>
        <ExtendedData>
          <Data name="Type">
            <value>Restaurant</value>
          </Data>
          <Data name="Neighborhood">
            <value>Bronzeville</value>
          </Data>
          <Data name="Reviews">
            <value/>
          </Data>
          <Data name="Address">
            <value>238 E 35th St, Chicago, IL 60616</value>
          </Data>
        </ExtendedData>
      </Placemark>
      <Placemark>
        <name><![CDATA[Cleo's Southern]]></name>
        <address>4248 S Cottage Grove Ave, Chicago, IL 60653</address>
        <description><![CDATA[Type: Restaurant<br>Neighborhood: Bronzeville<br>Reviews: <br>Address: 4248 S Cottage Grove Ave, Chicago, IL 60653]]></description>
        <styleUrl>#icon-1899-673AB7</styleUrl>
        <ExtendedData>
          <Data name="Type">
            <value>Restaurant</value>
          </Data>
          <Data name="Neighborhood">
            <value>Bronzeville</value>
          </Data>
          <Data name="Reviews">
            <value/>
          </Data>
          <Data name="Address">
            <value>4248 S Cottage Grove Ave, Chicago, IL 60653</value>
          </Data>
        </ExtendedData>
      </Placemark>
      <Placemark>
        <name>Two Fish</name>
        <address>641 E 47th St, Chicago, IL 60653</address>
        <description><![CDATA[Type: Restaurant<br>Neighborhood: Bronzeville<br>Reviews: <br>Address: 641 E 47th St, Chicago, IL 60653]]></description>
        <styleUrl>#icon-1899-673AB7</styleUrl>
        <ExtendedData>
          <Data name="Type">
            <value>Restaurant</value>
          </Data>
          <Data name="Neighborhood">
            <value>Bronzeville</value>
          </Data>
          <Data name="Reviews">
            <value/>
          </Data>
          <Data name="Address">
            <value>641 E 47th St, Chicago, IL 60653</value>
          </Data>
        </ExtendedData>
      </Placemark>
      <Placemark>
        <name>Map Room</name>
        <address>1949 N Hoyne Ave, Chicago, IL 60647</address>
        <description><![CDATA[Type: Bar<br>Neighborhood: Bucktown<br>Reviews: good cocktail menu<br>Address: 1949 N Hoyne Ave, Chicago, IL 60647]]></description>
        <styleUrl>#icon-1899-BDBDBD</styleUrl>
        <ExtendedData>
          <Data name="Type">
            <value>Bar</value>
          </Data>
          <Data name="Neighborhood">
            <value>Bucktown</value>
          </Data>
          <Data name="Reviews">
            <value>good cocktail menu</value>
          </Data>
          <Data name="Address">
            <value>1949 N Hoyne Ave, Chicago, IL 60647</value>
          </Data>
        </ExtendedData>
      </Placemark>
      <Placemark>
        <name>The Charleston</name>
        <address>2076 N Hoyne Ave, Chicago, IL 60647</address>
        <description><![CDATA[Type: Bar<br>Neighborhood: Bucktown<br>Reviews: candlelit tables<br>Address: 2076 N Hoyne Ave, Chicago, IL 60647]]></description>
        <styleUrl>#icon-1899-BDBDBD</styleUrl>
        <ExtendedData>
          <Data name="Type">
            <value>Bar</value>
          </Data>
          <Data name="Neighborhood">
            <value>Bucktown</value>
          </Data>
          <Data name="Reviews">
            <value>candlelit tables</value>
          </Data>
          <Data name="Address">
            <value>2076 N Hoyne Ave, Chicago, IL 60647</value>
          </Data>
        </ExtendedData>
      </Placemark>
      <Placemark>
        <name>TRUCE</name>
        <address>1935 N Damen Ave, Chicago, IL 60647</address>
        <description><![CDATA[Type: Bar<br>Neighborhood: Bucktown<br>Reviews: cozy place with coffee & cocktails<br>Address: 1935 N Damen Ave, Chicago, IL 60647]]></description>
        <styleUrl>#icon-1899-BDBDBD</styleUrl>
        <ExtendedData>
          <Data name="Type">
            <value>Bar</value>
          </Data>
          <Data name="Neighborhood">
            <value>Bucktown</value>
          </Data>
          <Data name="Reviews">
            <value><![CDATA[cozy place with coffee & cocktails]]></value>
          </Data>
          <Data name="Address">
            <value>1935 N Damen Ave, Chicago, IL 60647</value>
          </Data>
        </ExtendedData>
      </Placemark>
      <Placemark>
        <name>The 606</name>
        <address>1850 N Hermitage Ave, Chicago, IL 60622</address>
        <description><![CDATA[Type: Landmark<br>Neighborhood: Bucktown<br>Reviews: Walk or bike the 2-mile trail<br>Address: 1850 N Hermitage Ave, Chicago, IL 60622]]></description>
        <styleUrl>#icon-1899-BDBDBD</styleUrl>
        <ExtendedData>
          <Data name="Type">
            <value>Landmark</value>
          </Data>
          <Data name="Neighborhood">
            <value>Bucktown</value>
          </Data>
          <Data name="Reviews">
            <value>Walk or bike the 2-mile trail</value>
          </Data>
          <Data name="Address">
            <value>1850 N Hermitage Ave, Chicago, IL 60622</value>
          </Data>
        </ExtendedData>
      </Placemark>
      <Placemark>
        <name>Bad Butter</name>
        <address>1655 W Cortland St, Chicago, IL 60622, United States</address>
        <description><![CDATA[Type: Restaurant<br>Neighborhood: Bucktown<br>Reviews: <br>Address: 1655 W Cortland St, Chicago, IL 60622, United States]]></description>
        <styleUrl>#icon-1899-BDBDBD</styleUrl>
        <ExtendedData>
          <Data name="Type">
            <value>Restaurant</value>
          </Data>
          <Data name="Neighborhood">
            <value>Bucktown</value>
          </Data>
          <Data name="Reviews">
            <value/>
          </Data>
          <Data name="Address">
            <value>1655 W Cortland St, Chicago, IL 60622, United States</value>
          </Data>
        </ExtendedData>
      </Placemark>
      <Placemark>
        <name>Le Bouchon</name>
        <address>1958 N Damen Ave, Chicago, IL 60647</address>
        <description><![CDATA[Type: Restaurant<br>Neighborhood: Bucktown<br>Reviews: <br>Address: 1958 N Damen Ave, Chicago, IL 60647]]></description>
        <styleUrl>#icon-1899-BDBDBD</styleUrl>
        <ExtendedData>
          <Data name="Type">
            <value>Restaurant</value>
          </Data>
          <Data name="Neighborhood">
            <value>Bucktown</value>
          </Data>
          <Data name="Reviews">
            <value/>
          </Data>
          <Data name="Address">
            <value>1958 N Damen Ave, Chicago, IL 60647</value>
          </Data>
        </ExtendedData>
      </Placemark>
      <Placemark>
        <name>St. Bess Jerk</name>
        <address>4838 W 79th St, Burbank, IL 60459</address>
        <description><![CDATA[Type: Restaurant<br>Neighborhood: Burbank<br>Reviews: <br>Address: 4838 W 79th St, Burbank, IL 60459]]></description>
        <styleUrl>#icon-1899-BDBDBD</styleUrl>
        <ExtendedData>
          <Data name="Type">
            <value>Restaurant</value>
          </Data>
          <Data name="Neighborhood">
            <value>Burbank</value>
          </Data>
          <Data name="Reviews">
            <value/>
          </Data>
          <Data name="Address">
            <value>4838 W 79th St, Burbank, IL 60459</value>
          </Data>
        </ExtendedData>
      </Placemark>
      <Placemark>
        <name>Garifuna Flava</name>
        <address>2518 W 63rd St, Chicago, IL 60629</address>
        <description><![CDATA[Type: Restaurant<br>Neighborhood: Chicago Lawn<br>Reviews: best jerk chicken in Chicago<br>rec'd by multiple people<br>Address: 2518 W 63rd St, Chicago, IL 60629]]></description>
        <styleUrl>#icon-1899-BDBDBD</styleUrl>
        <ExtendedData>
          <Data name="Type">
            <value>Restaurant</value>
          </Data>
          <Data name="Neighborhood">
            <value>Chicago Lawn</value>
          </Data>
          <Data name="Reviews">
            <value><![CDATA[best jerk chicken in Chicago
rec'd by multiple people]]></value>
          </Data>
          <Data name="Address">
            <value>2518 W 63rd St, Chicago, IL 60629</value>
          </Data>
        </ExtendedData>
      </Placemark>
      <Placemark>
        <name>No. 18 Karaoke</name>
        <address>2201 S Wentworth Ave, Chicago, IL 60616</address>
        <description><![CDATA[Type: Bar<br>Neighborhood: Chinatown<br>Reviews: <br>Address: 2201 S Wentworth Ave, Chicago, IL 60616]]></description>
        <styleUrl>#icon-1899-0097A7</styleUrl>
        <ExtendedData>
          <Data name="Type">
            <value>Bar</value>
          </Data>
          <Data name="Neighborhood">
            <value>Chinatown</value>
          </Data>
          <Data name="Reviews">
            <value/>
          </Data>
          <Data name="Address">
            <value>2201 S Wentworth Ave, Chicago, IL 60616</value>
          </Data>
        </ExtendedData>
      </Placemark>
      <Placemark>
        <name>Molly Tea</name>
        <address>2227 S Wentworth Ave, Chicago, IL 60616</address>
        <description><![CDATA[Type: Cafe<br>Neighborhood: Chinatown<br>Reviews: <br>Address: 2227 S Wentworth Ave, Chicago, IL 60616]]></description>
        <styleUrl>#icon-1899-0097A7</styleUrl>
        <ExtendedData>
          <Data name="Type">
            <value>Cafe</value>
          </Data>
          <Data name="Neighborhood">
            <value>Chinatown</value>
          </Data>
          <Data name="Reviews">
            <value/>
          </Data>
          <Data name="Address">
            <value>2227 S Wentworth Ave, Chicago, IL 60616</value>
          </Data>
        </ExtendedData>
      </Placemark>
      <Placemark>
        <name>Chinese American Museum of Chicago</name>
        <address>238 W 23rd St, Chicago, IL 60616</address>
        <description><![CDATA[Type: Museum<br>Neighborhood: Chinatown<br>Reviews: <br>Address: 238 W 23rd St, Chicago, IL 60616]]></description>
        <styleUrl>#icon-1899-0097A7</styleUrl>
        <ExtendedData>
          <Data name="Type">
            <value>Museum</value>
          </Data>
          <Data name="Neighborhood">
            <value>Chinatown</value>
          </Data>
          <Data name="Reviews">
            <value/>
          </Data>
          <Data name="Address">
            <value>238 W 23rd St, Chicago, IL 60616</value>
          </Data>
        </ExtendedData>
      </Placemark>
      <Placemark>
        <name><![CDATA[Connie's Pizza]]></name>
        <address>2373 S Archer Ave, Chicago, IL 60616</address>
        <description><![CDATA[Type: Restaurant<br>Neighborhood: Chinatown<br>Reviews: <br>Address: 2373 S Archer Ave, Chicago, IL 60616]]></description>
        <styleUrl>#icon-1899-0097A7</styleUrl>
        <ExtendedData>
          <Data name="Type">
            <value>Restaurant</value>
          </Data>
          <Data name="Neighborhood">
            <value>Chinatown</value>
          </Data>
          <Data name="Reviews">
            <value/>
          </Data>
          <Data name="Address">
            <value>2373 S Archer Ave, Chicago, IL 60616</value>
          </Data>
        </ExtendedData>
      </Placemark>
      <Placemark>
        <name>DaiFuku Ramen</name>
        <address>2155 S China Place, Chicago, IL 60616</address>
        <description><![CDATA[Type: Restaurant<br>Neighborhood: Chinatown<br>Reviews: <br>Address: 2155 S China Place, Chicago, IL 60616]]></description>
        <styleUrl>#icon-1899-0097A7</styleUrl>
        <ExtendedData>
          <Data name="Type">
            <value>Restaurant</value>
          </Data>
          <Data name="Neighborhood">
            <value>Chinatown</value>
          </Data>
          <Data name="Reviews">
            <value/>
          </Data>
          <Data name="Address">
            <value>2155 S China Place, Chicago, IL 60616</value>
          </Data>
        </ExtendedData>
      </Placemark>
      <Placemark>
        <name>Hing Kee</name>
        <address>2140 S Archer Ave, Chicago, IL 60616</address>
        <description><![CDATA[Type: Restaurant<br>Neighborhood: Chinatown<br>Reviews: rec'd by multiple people<br>Address: 2140 S Archer Ave, Chicago, IL 60616]]></description>
        <styleUrl>#icon-1899-0097A7</styleUrl>
        <ExtendedData>
          <Data name="Type">
            <value>Restaurant</value>
          </Data>
          <Data name="Neighborhood">
            <value>Chinatown</value>
          </Data>
          <Data name="Reviews">
            <value><![CDATA[rec'd by multiple people]]></value>
          </Data>
          <Data name="Address">
            <value>2140 S Archer Ave, Chicago, IL 60616</value>
          </Data>
        </ExtendedData>
      </Placemark>
      <Placemark>
        <name>May Flower </name>
        <address>2225 S Wentworth Ave, Chicago, IL 60616</address>
        <description><![CDATA[Type: Restaurant<br>Neighborhood: Chinatown<br>Reviews: Get Taro Puffs<br>Address: 2225 S Wentworth Ave, Chicago, IL 60616]]></description>
        <styleUrl>#icon-1899-0097A7</styleUrl>
        <ExtendedData>
          <Data name="Type">
            <value>Restaurant</value>
          </Data>
          <Data name="Neighborhood">
            <value>Chinatown</value>
          </Data>
          <Data name="Reviews">
            <value>Get Taro Puffs</value>
          </Data>
          <Data name="Address">
            <value>2225 S Wentworth Ave, Chicago, IL 60616</value>
          </Data>
        </ExtendedData>
      </Placemark>
      <Placemark>
        <name>MCCB Chicago</name>
        <address>2138 S Archer Ave, Chicago, IL 60616</address>
        <description><![CDATA[Type: Restaurant<br>Neighborhood: Chinatown<br>Reviews: <br>Address: 2138 S Archer Ave, Chicago, IL 60616]]></description>
        <styleUrl>#icon-1899-0097A7</styleUrl>
        <ExtendedData>
          <Data name="Type">
            <value>Restaurant</value>
          </Data>
          <Data name="Neighborhood">
            <value>Chinatown</value>
          </Data>
          <Data name="Reviews">
            <value/>
          </Data>
          <Data name="Address">
            <value>2138 S Archer Ave, Chicago, IL 60616</value>
          </Data>
        </ExtendedData>
      </Placemark>
      <Placemark>
        <name>Qiao Lin Hotpot</name>
        <address>2105 S Jefferson St, Chicago, IL 60616</address>
        <description><![CDATA[Type: Restaurant<br>Neighborhood: Chinatown<br>Reviews: <br>Address: 2105 S Jefferson St, Chicago, IL 60616]]></description>
        <styleUrl>#icon-1899-0097A7</styleUrl>
        <ExtendedData>
          <Data name="Type">
            <value>Restaurant</value>
          </Data>
          <Data name="Neighborhood">
            <value>Chinatown</value>
          </Data>
          <Data name="Reviews">
            <value/>
          </Data>
          <Data name="Address">
            <value>2105 S Jefferson St, Chicago, IL 60616</value>
          </Data>
        </ExtendedData>
      </Placemark>
      <Placemark>
        <name>Qing Xiang Yuan Dumplings</name>
        <address>2002 S Wentworth Ave, Chicago, IL 60616</address>
        <description><![CDATA[Type: Restaurant<br>Neighborhood: Chinatown<br>Reviews: <br>Address: 2002 S Wentworth Ave, Chicago, IL 60616]]></description>
        <styleUrl>#icon-1899-0097A7</styleUrl>
        <ExtendedData>
          <Data name="Type">
            <value>Restaurant</value>
          </Data>
          <Data name="Neighborhood">
            <value>Chinatown</value>
          </Data>
          <Data name="Reviews">
            <value/>
          </Data>
          <Data name="Address">
            <value>2002 S Wentworth Ave, Chicago, IL 60616</value>
          </Data>
        </ExtendedData>
      </Placemark>
      <Placemark>
        <name>Shinhwa Korean Steakhouse</name>
        <address>2407 S Wentworth Ave, Chicago, IL 60616, United States</address>
        <description><![CDATA[Type: Restaurant<br>Neighborhood: Chinatown<br>Reviews: <br>Address: 2407 S Wentworth Ave, Chicago, IL 60616, United States]]></description>
        <styleUrl>#icon-1899-0097A7</styleUrl>
        <ExtendedData>
          <Data name="Type">
            <value>Restaurant</value>
          </Data>
          <Data name="Neighborhood">
            <value>Chinatown</value>
          </Data>
          <Data name="Reviews">
            <value/>
          </Data>
          <Data name="Address">
            <value>2407 S Wentworth Ave, Chicago, IL 60616, United States</value>
          </Data>
        </ExtendedData>
      </Placemark>
      <Placemark>
        <name>Triple Crown</name>
        <address>2217 S Wentworth Ave, Chicago, IL 60616</address>
        <description><![CDATA[Type: Restaurant<br>Neighborhood: Chinatown<br>Reviews: <br>Address: 2217 S Wentworth Ave, Chicago, IL 60616]]></description>
        <styleUrl>#icon-1899-0097A7</styleUrl>
        <ExtendedData>
          <Data name="Type">
            <value>Restaurant</value>
          </Data>
          <Data name="Neighborhood">
            <value>Chinatown</value>
          </Data>
          <Data name="Reviews">
            <value/>
          </Data>
          <Data name="Address">
            <value>2217 S Wentworth Ave, Chicago, IL 60616</value>
          </Data>
        </ExtendedData>
      </Placemark>
      <Placemark>
        <name>Mango Mango Dessert</name>
        <address>2161 S China Place, Chicago, IL 60616</address>
        <description><![CDATA[Type: Snack<br>Neighborhood: Chinatown<br>Reviews: <br>Address: 2161 S China Place, Chicago, IL 60616]]></description>
        <styleUrl>#icon-1899-0097A7</styleUrl>
        <ExtendedData>
          <Data name="Type">
            <value>Snack</value>
          </Data>
          <Data name="Neighborhood">
            <value>Chinatown</value>
          </Data>
          <Data name="Reviews">
            <value/>
          </Data>
          <Data name="Address">
            <value>2161 S China Place, Chicago, IL 60616</value>
          </Data>
        </ExtendedData>
      </Placemark>
      <Placemark>
        <name><![CDATA[Hangry's]]></name>
        <address>5000 W Fullerton Ave, Chicago, IL 60639</address>
        <description><![CDATA[Type: Restaurant<br>Neighborhood: Craigin<br>Reviews: <br>Address: 5000 W Fullerton Ave, Chicago, IL 60639]]></description>
        <styleUrl>#icon-1899-BDBDBD</styleUrl>
        <ExtendedData>
          <Data name="Type">
            <value>Restaurant</value>
          </Data>
          <Data name="Neighborhood">
            <value>Craigin</value>
          </Data>
          <Data name="Reviews">
            <value/>
          </Data>
          <Data name="Address">
            <value>5000 W Fullerton Ave, Chicago, IL 60639</value>
          </Data>
        </ExtendedData>
      </Placemark>
      <Placemark>
        <name><![CDATA[D’s Roti & Trini Cuisine]]></name>
        <address>6239 S Ashland Ave, Chicago, IL 60636</address>
        <description><![CDATA[Type: Restaurant<br>Neighborhood: Englewood<br>Reviews: <br>Address: 6239 S Ashland Ave, Chicago, IL 60636]]></description>
        <styleUrl>#icon-1899-BDBDBD</styleUrl>
        <ExtendedData>
          <Data name="Type">
            <value>Restaurant</value>
          </Data>
          <Data name="Neighborhood">
            <value>Englewood</value>
          </Data>
          <Data name="Reviews">
            <value/>
          </Data>
          <Data name="Address">
            <value>6239 S Ashland Ave, Chicago, IL 60636</value>
          </Data>
        </ExtendedData>
      </Placemark>
      <Placemark>
        <name>Gichigamiin Indigenous Nations Museum</name>
        <address>3001 Central St, Evanston, IL 60201</address>
        <description><![CDATA[Type: Museum<br>Neighborhood: Evanston<br>Reviews: <br>Address: 3001 Central St, Evanston, IL 60201]]></description>
        <styleUrl>#icon-1899-BDBDBD</styleUrl>
        <ExtendedData>
          <Data name="Type">
            <value>Museum</value>
          </Data>
          <Data name="Neighborhood">
            <value>Evanston</value>
          </Data>
          <Data name="Reviews">
            <value/>
          </Data>
          <Data name="Address">
            <value>3001 Central St, Evanston, IL 60201</value>
          </Data>
        </ExtendedData>
      </Placemark>
      <Placemark>
        <name>Habibi In</name>
        <address>825 Church St, Evanston, IL 60201</address>
        <description><![CDATA[Type: Restaurant<br>Neighborhood: Evanston<br>Reviews: Mediterranean place<br>Address: 825 Church St, Evanston, IL 60201]]></description>
        <styleUrl>#icon-1899-BDBDBD</styleUrl>
        <ExtendedData>
          <Data name="Type">
            <value>Restaurant</value>
          </Data>
          <Data name="Neighborhood">
            <value>Evanston</value>
          </Data>
          <Data name="Reviews">
            <value>Mediterranean place</value>
          </Data>
          <Data name="Address">
            <value>825 Church St, Evanston, IL 60201</value>
          </Data>
        </ExtendedData>
      </Placemark>
      <Placemark>
        <name><![CDATA[Lior's Cafe]]></name>
        <address>10500 S Halsted St, Chicago, IL 60628</address>
        <description><![CDATA[Type: Restaurant<br>Neighborhood: Fernwood<br>Reviews: Haitian restaurant<br>Address: 10500 S Halsted St, Chicago, IL 60628]]></description>
        <styleUrl>#icon-1899-BDBDBD</styleUrl>
        <ExtendedData>
          <Data name="Type">
            <value>Restaurant</value>
          </Data>
          <Data name="Neighborhood">
            <value>Fernwood</value>
          </Data>
          <Data name="Reviews">
            <value>Haitian restaurant</value>
          </Data>
          <Data name="Address">
            <value>10500 S Halsted St, Chicago, IL 60628</value>
          </Data>
        </ExtendedData>
      </Placemark>
      <Placemark>
        <name>Hacienda Memos</name>
        <address>6822 W North Ave, Chicago, IL 60707</address>
        <description><![CDATA[Type: Restaurant<br>Neighborhood: Galewood<br>Reviews: tiktok rec, food looks really good<br>Address: 6822 W North Ave, Chicago, IL 60707]]></description>
        <styleUrl>#icon-1899-BDBDBD</styleUrl>
        <ExtendedData>
          <Data name="Type">
            <value>Restaurant</value>
          </Data>
          <Data name="Neighborhood">
            <value>Galewood</value>
          </Data>
          <Data name="Reviews">
            <value>tiktok rec, food looks really good</value>
          </Data>
          <Data name="Address">
            <value>6822 W North Ave, Chicago, IL 60707</value>
          </Data>
        </ExtendedData>
      </Placemark>
      <Placemark>
        <name>Garfield Park Conservatory</name>
        <address>300 N Central Park Ave, Chicago, IL 60624</address>
        <description><![CDATA[Type: Park<br>Neighborhood: Garfield Park<br>Reviews: <br>Address: 300 N Central Park Ave, Chicago, IL 60624]]></description>
        <styleUrl>#icon-1899-BDBDBD</styleUrl>
        <ExtendedData>
          <Data name="Type">
            <value>Park</value>
          </Data>
          <Data name="Neighborhood">
            <value>Garfield Park</value>
          </Data>
          <Data name="Reviews">
            <value/>
          </Data>
          <Data name="Address">
            <value>300 N Central Park Ave, Chicago, IL 60624</value>
          </Data>
        </ExtendedData>
      </Placemark>
      <Placemark>
        <name><![CDATA[Butch McGuire's]]></name>
        <address>20 W Division St, Chicago, IL 60610</address>
        <description><![CDATA[Type: Bar<br>Neighborhood: Gold Coast<br>Reviews: Nice xmas decorations<br>Address: 20 W Division St, Chicago, IL 60610]]></description>
        <styleUrl>#icon-1899-FFD600</styleUrl>
        <ExtendedData>
          <Data name="Type">
            <value>Bar</value>
          </Data>
          <Data name="Neighborhood">
            <value>Gold Coast</value>
          </Data>
          <Data name="Reviews">
            <value>Nice xmas decorations</value>
          </Data>
          <Data name="Address">
            <value>20 W Division St, Chicago, IL 60610</value>
          </Data>
        </ExtendedData>
      </Placemark>
      <Placemark>
        <name><![CDATA[Coq d'Or]]></name>
        <address>140 E Walton Pl, Chicago, IL 60611</address>
        <description><![CDATA[Type: Bar<br>Neighborhood: Gold Coast<br>Reviews: <br>Address: 140 E Walton Pl, Chicago, IL 60611]]></description>
        <styleUrl>#icon-1899-FFD600</styleUrl>
        <ExtendedData>
          <Data name="Type">
            <value>Bar</value>
          </Data>
          <Data name="Neighborhood">
            <value>Gold Coast</value>
          </Data>
          <Data name="Reviews">
            <value/>
          </Data>
          <Data name="Address">
            <value>140 E Walton Pl, Chicago, IL 60611</value>
          </Data>
        </ExtendedData>
      </Placemark>
      <Placemark>
        <name>Gold Coast Social</name>
        <address>7 W Division St, Chicago, IL 60610</address>
        <description><![CDATA[Type: Bar<br>Neighborhood: Gold Coast<br>Reviews: <br>Address: 7 W Division St, Chicago, IL 60610]]></description>
        <styleUrl>#icon-1899-FFD600</styleUrl>
        <ExtendedData>
          <Data name="Type">
            <value>Bar</value>
          </Data>
          <Data name="Neighborhood">
            <value>Gold Coast</value>
          </Data>
          <Data name="Reviews">
            <value/>
          </Data>
          <Data name="Address">
            <value>7 W Division St, Chicago, IL 60610</value>
          </Data>
        </ExtendedData>
      </Placemark>
      <Placemark>
        <name>Hugos Frog Bar</name>
        <address>1024 N Rush St, Chicago, IL 60611</address>
        <description><![CDATA[Type: Bar<br>Neighborhood: Gold Coast<br>Reviews: seafood place<br>Address: 1024 N Rush St, Chicago, IL 60611]]></description>
        <styleUrl>#icon-1899-FFD600</styleUrl>
        <ExtendedData>
          <Data name="Type">
            <value>Bar</value>
          </Data>
          <Data name="Neighborhood">
            <value>Gold Coast</value>
          </Data>
          <Data name="Reviews">
            <value>seafood place</value>
          </Data>
          <Data name="Address">
            <value>1024 N Rush St, Chicago, IL 60611</value>
          </Data>
        </ExtendedData>
      </Placemark>
      <Placemark>
        <name>Lodge Tavern</name>
        <address>21 W Division St, Chicago, IL 60610</address>
        <description><![CDATA[Type: Bar<br>Neighborhood: Gold Coast<br>Reviews: Old Irish bar<br>Address: 21 W Division St, Chicago, IL 60610]]></description>
        <styleUrl>#icon-1899-FFD600</styleUrl>
        <ExtendedData>
          <Data name="Type">
            <value>Bar</value>
          </Data>
          <Data name="Neighborhood">
            <value>Gold Coast</value>
          </Data>
          <Data name="Reviews">
            <value>Old Irish bar</value>
          </Data>
          <Data name="Address">
            <value>21 W Division St, Chicago, IL 60610</value>
          </Data>
        </ExtendedData>
      </Placemark>
      <Placemark>
        <name>LUXBAR</name>
        <address>18 E Bellevue Place, Chicago, IL 60611</address>
        <description><![CDATA[Type: Bar<br>Neighborhood: Gold Coast<br>Reviews: <br>Address: 18 E Bellevue Place, Chicago, IL 60611]]></description>
        <styleUrl>#icon-1899-FFD600</styleUrl>
        <ExtendedData>
          <Data name="Type">
            <value>Bar</value>
          </Data>
          <Data name="Neighborhood">
            <value>Gold Coast</value>
          </Data>
          <Data name="Reviews">
            <value/>
          </Data>
          <Data name="Address">
            <value>18 E Bellevue Place, Chicago, IL 60611</value>
          </Data>
        </ExtendedData>
      </Placemark>
      <Placemark>
        <name>She-nannigans</name>
        <address>16 W Division St, Chicago, IL 60610</address>
        <description><![CDATA[Type: Bar<br>Neighborhood: Gold Coast<br>Reviews: Dance floor w/ beer pong<br>Address: 16 W Division St, Chicago, IL 60610]]></description>
        <styleUrl>#icon-1899-FFD600</styleUrl>
        <ExtendedData>
          <Data name="Type">
            <value>Bar</value>
          </Data>
          <Data name="Neighborhood">
            <value>Gold Coast</value>
          </Data>
          <Data name="Reviews">
            <value>Dance floor w/ beer pong</value>
          </Data>
          <Data name="Address">
            <value>16 W Division St, Chicago, IL 60610</value>
          </Data>
        </ExtendedData>
      </Placemark>
      <Placemark>
        <name>Sparrow</name>
        <address>12 W Elm St, Chicago, IL 60610</address>
        <description><![CDATA[Type: Bar<br>Neighborhood: Gold Coast<br>Reviews: Nice cocktail bar<br>Address: 12 W Elm St, Chicago, IL 60610]]></description>
        <styleUrl>#icon-1899-FFD600</styleUrl>
        <ExtendedData>
          <Data name="Type">
            <value>Bar</value>
          </Data>
          <Data name="Neighborhood">
            <value>Gold Coast</value>
          </Data>
          <Data name="Reviews">
            <value>Nice cocktail bar</value>
          </Data>
          <Data name="Address">
            <value>12 W Elm St, Chicago, IL 60610</value>
          </Data>
        </ExtendedData>
      </Placemark>
      <Placemark>
        <name>Whispers</name>
        <address>1031 N State St, Chicago, IL 60610</address>
        <description><![CDATA[Type: Bar<br>Neighborhood: Gold Coast<br>Reviews: On Oak St Beach<br>Address: 1031 N State St, Chicago, IL 60610]]></description>
        <styleUrl>#icon-1899-FFD600</styleUrl>
        <ExtendedData>
          <Data name="Type">
            <value>Bar</value>
          </Data>
          <Data name="Neighborhood">
            <value>Gold Coast</value>
          </Data>
          <Data name="Reviews">
            <value>On Oak St Beach</value>
          </Data>
          <Data name="Address">
            <value>1031 N State St, Chicago, IL 60610</value>
          </Data>
        </ExtendedData>
      </Placemark>
      <Placemark>
        <name>Oak Street Beach</name>
        <address>1000 N Lake Shore Dr, Chicago, IL 60611</address>
        <description><![CDATA[Type: Beach<br>Neighborhood: Gold Coast<br>Reviews: <br>Address: 1000 N Lake Shore Dr, Chicago, IL 60611]]></description>
        <styleUrl>#icon-1899-FFD600</styleUrl>
        <ExtendedData>
          <Data name="Type">
            <value>Beach</value>
          </Data>
          <Data name="Neighborhood">
            <value>Gold Coast</value>
          </Data>
          <Data name="Reviews">
            <value/>
          </Data>
          <Data name="Address">
            <value>1000 N Lake Shore Dr, Chicago, IL 60611</value>
          </Data>
        </ExtendedData>
      </Placemark>
      <Placemark>
        <name>Newberry Library</name>
        <address>60 W Walton St, Chicago, IL 60610</address>
        <description><![CDATA[Type: Books<br>Neighborhood: Gold Coast<br>Reviews: <br>Address: 60 W Walton St, Chicago, IL 60610]]></description>
        <styleUrl>#icon-1899-FFD600</styleUrl>
        <ExtendedData>
          <Data name="Type">
            <value>Books</value>
          </Data>
          <Data name="Neighborhood">
            <value>Gold Coast</value>
          </Data>
          <Data name="Reviews">
            <value/>
          </Data>
          <Data name="Address">
            <value>60 W Walton St, Chicago, IL 60610</value>
          </Data>
        </ExtendedData>
      </Placemark>
      <Placemark>
        <name>3 Arts Club Cafe</name>
        <address>1300 N Dearborn St, Chicago, IL 60610</address>
        <description><![CDATA[Type: Cafe<br>Neighborhood: Gold Coast<br>Reviews: <br>Address: 1300 N Dearborn St, Chicago, IL 60610]]></description>
        <styleUrl>#icon-1899-FFD600</styleUrl>
        <ExtendedData>
          <Data name="Type">
            <value>Cafe</value>
          </Data>
          <Data name="Neighborhood">
            <value>Gold Coast</value>
          </Data>
          <Data name="Reviews">
            <value/>
          </Data>
          <Data name="Address">
            <value>1300 N Dearborn St, Chicago, IL 60610</value>
          </Data>
        </ExtendedData>
      </Placemark>
      <Placemark>
        <name><![CDATA[PiniPico Coffee & Empanadas]]></name>
        <address>1538 N Clark St, Chicago, IL 60610</address>
        <description><![CDATA[Type: Cafe<br>Neighborhood: Gold Coast<br>Reviews: <br>Address: 1538 N Clark St, Chicago, IL 60610]]></description>
        <styleUrl>#icon-1899-FFD600</styleUrl>
        <ExtendedData>
          <Data name="Type">
            <value>Cafe</value>
          </Data>
          <Data name="Neighborhood">
            <value>Gold Coast</value>
          </Data>
          <Data name="Reviews">
            <value/>
          </Data>
          <Data name="Address">
            <value>1538 N Clark St, Chicago, IL 60610</value>
          </Data>
        </ExtendedData>
      </Placemark>
      <Placemark>
        <name>The Hangge-Uppe</name>
        <address>14 W Elm St, Chicago, IL 60610</address>
        <description><![CDATA[Type: Club<br>Neighborhood: Gold Coast<br>Reviews: Lit, lots of dancing<br>Address: 14 W Elm St, Chicago, IL 60610]]></description>
        <styleUrl>#icon-1899-FFD600</styleUrl>
        <ExtendedData>
          <Data name="Type">
            <value>Club</value>
          </Data>
          <Data name="Neighborhood">
            <value>Gold Coast</value>
          </Data>
          <Data name="Reviews">
            <value>Lit, lots of dancing</value>
          </Data>
          <Data name="Address">
            <value>14 W Elm St, Chicago, IL 60610</value>
          </Data>
        </ExtendedData>
      </Placemark>
      <Placemark>
        <name><![CDATA[The Original Mother's]]></name>
        <address>26 W Division St, Chicago, IL 60610</address>
        <description><![CDATA[Type: Club<br>Neighborhood: Gold Coast<br>Reviews: <br>Address: 26 W Division St, Chicago, IL 60610]]></description>
        <styleUrl>#icon-1899-FFD600</styleUrl>
        <ExtendedData>
          <Data name="Type">
            <value>Club</value>
          </Data>
          <Data name="Neighborhood">
            <value>Gold Coast</value>
          </Data>
          <Data name="Reviews">
            <value/>
          </Data>
          <Data name="Address">
            <value>26 W Division St, Chicago, IL 60610</value>
          </Data>
        </ExtendedData>
      </Placemark>
      <Placemark>
        <name>Aster Hall</name>
        <address>900 N Michigan Ave, Chicago, IL 60611</address>
        <description><![CDATA[Type: Market<br>Neighborhood: Gold Coast<br>Reviews: <br>Address: 900 N Michigan Ave, Chicago, IL 60611]]></description>
        <styleUrl>#icon-1899-FFD600</styleUrl>
        <ExtendedData>
          <Data name="Type">
            <value>Market</value>
          </Data>
          <Data name="Neighborhood">
            <value>Gold Coast</value>
          </Data>
          <Data name="Reviews">
            <value/>
          </Data>
          <Data name="Address">
            <value>900 N Michigan Ave, Chicago, IL 60611</value>
          </Data>
        </ExtendedData>
      </Placemark>
      <Placemark>
        <name>Charnley-Persky House</name>
        <address>1365 N Astor St, Chicago, IL 60610</address>
        <description><![CDATA[Type: Museum<br>Neighborhood: Gold Coast<br>Reviews: Free to visit, old-timey house<br>Address: 1365 N Astor St, Chicago, IL 60610]]></description>
        <styleUrl>#icon-1899-FFD600</styleUrl>
        <ExtendedData>
          <Data name="Type">
            <value>Museum</value>
          </Data>
          <Data name="Neighborhood">
            <value>Gold Coast</value>
          </Data>
          <Data name="Reviews">
            <value>Free to visit, old-timey house</value>
          </Data>
          <Data name="Address">
            <value>1365 N Astor St, Chicago, IL 60610</value>
          </Data>
        </ExtendedData>
      </Placemark>
      <Placemark>
        <name>Alpana</name>
        <address>831 N State St, Chicago, IL 60610</address>
        <description><![CDATA[Type: Restaurant<br>Neighborhood: Gold Coast<br>Reviews: <br>Address: 831 N State St, Chicago, IL 60610]]></description>
        <styleUrl>#icon-1899-FFD600</styleUrl>
        <ExtendedData>
          <Data name="Type">
            <value>Restaurant</value>
          </Data>
          <Data name="Neighborhood">
            <value>Gold Coast</value>
          </Data>
          <Data name="Reviews">
            <value/>
          </Data>
          <Data name="Address">
            <value>831 N State St, Chicago, IL 60610</value>
          </Data>
        </ExtendedData>
      </Placemark>
      <Placemark>
        <name>La Storia</name>
        <address>1154 N Dearborn St, Chicago, IL 60610</address>
        <description><![CDATA[Type: Restaurant<br>Neighborhood: Gold Coast<br>Reviews: <br>Address: 1154 N Dearborn St, Chicago, IL 60610]]></description>
        <styleUrl>#icon-1899-FFD600</styleUrl>
        <ExtendedData>
          <Data name="Type">
            <value>Restaurant</value>
          </Data>
          <Data name="Neighborhood">
            <value>Gold Coast</value>
          </Data>
          <Data name="Reviews">
            <value/>
          </Data>
          <Data name="Address">
            <value>1154 N Dearborn St, Chicago, IL 60610</value>
          </Data>
        </ExtendedData>
      </Placemark>
      <Placemark>
        <name>Le Colonial</name>
        <address>57 E Oak St, Chicago, IL 60611</address>
        <description><![CDATA[Type: Restaurant<br>Neighborhood: Gold Coast<br>Reviews: Upscale, French-Vietnamese fusion<br>Address: 57 E Oak St, Chicago, IL 60611]]></description>
        <styleUrl>#icon-1899-FFD600</styleUrl>
        <ExtendedData>
          <Data name="Type">
            <value>Restaurant</value>
          </Data>
          <Data name="Neighborhood">
            <value>Gold Coast</value>
          </Data>
          <Data name="Reviews">
            <value>Upscale, French-Vietnamese fusion</value>
          </Data>
          <Data name="Address">
            <value>57 E Oak St, Chicago, IL 60611</value>
          </Data>
        </ExtendedData>
      </Placemark>
      <Placemark>
        <name>Maple And Ash</name>
        <address>8 W Maple St, Chicago, IL 60610</address>
        <description><![CDATA[Type: Restaurant<br>Neighborhood: Gold Coast<br>Reviews: <br>Address: 8 W Maple St, Chicago, IL 60610]]></description>
        <styleUrl>#icon-1899-FFD600</styleUrl>
        <ExtendedData>
          <Data name="Type">
            <value>Restaurant</value>
          </Data>
          <Data name="Neighborhood">
            <value>Gold Coast</value>
          </Data>
          <Data name="Reviews">
            <value/>
          </Data>
          <Data name="Address">
            <value>8 W Maple St, Chicago, IL 60610</value>
          </Data>
        </ExtendedData>
      </Placemark>
      <Placemark>
        <name>Sushi by Bou</name>
        <address>1244 N Dearborn Pkwy, Chicago, IL 60610</address>
        <description><![CDATA[Type: Restaurant<br>Neighborhood: Gold Coast<br>Reviews: <br>Address: 1244 N Dearborn Pkwy, Chicago, IL 60610]]></description>
        <styleUrl>#icon-1899-FFD600</styleUrl>
        <ExtendedData>
          <Data name="Type">
            <value>Restaurant</value>
          </Data>
          <Data name="Neighborhood">
            <value>Gold Coast</value>
          </Data>
          <Data name="Reviews">
            <value/>
          </Data>
          <Data name="Address">
            <value>1244 N Dearborn Pkwy, Chicago, IL 60610</value>
          </Data>
        </ExtendedData>
      </Placemark>
      <Placemark>
        <name>Tavern on Rush</name>
        <address>1015 N Rush St, Chicago, IL 60611</address>
        <description><![CDATA[Type: Restaurant<br>Neighborhood: Gold Coast<br>Reviews: Steakhouse, complimentary champagne<br>Address: 1015 N Rush St, Chicago, IL 60611]]></description>
        <styleUrl>#icon-1899-FFD600</styleUrl>
        <ExtendedData>
          <Data name="Type">
            <value>Restaurant</value>
          </Data>
          <Data name="Neighborhood">
            <value>Gold Coast</value>
          </Data>
          <Data name="Reviews">
            <value>Steakhouse, complimentary champagne</value>
          </Data>
          <Data name="Address">
            <value>1015 N Rush St, Chicago, IL 60611</value>
          </Data>
        </ExtendedData>
      </Placemark>
      <Placemark>
        <name>The Bellevue Chicago</name>
        <address>1031 N Rush St, Chicago, IL 60610</address>
        <description><![CDATA[Type: Restaurant<br>Neighborhood: Gold Coast<br>Reviews: Nice patio and cocktails<br>Address: 1031 N Rush St, Chicago, IL 60610]]></description>
        <styleUrl>#icon-1899-FFD600</styleUrl>
        <ExtendedData>
          <Data name="Type">
            <value>Restaurant</value>
          </Data>
          <Data name="Neighborhood">
            <value>Gold Coast</value>
          </Data>
          <Data name="Reviews">
            <value>Nice patio and cocktails</value>
          </Data>
          <Data name="Address">
            <value>1031 N Rush St, Chicago, IL 60610</value>
          </Data>
        </ExtendedData>
      </Placemark>
      <Placemark>
        <name>Waldorf Astoria</name>
        <address>11 E Walton St, Chicago, IL 60611</address>
        <description><![CDATA[Type: Restaurant<br>Neighborhood: Gold Coast<br>Reviews: <br>Address: 11 E Walton St, Chicago, IL 60611]]></description>
        <styleUrl>#icon-1899-FFD600</styleUrl>
        <ExtendedData>
          <Data name="Type">
            <value>Restaurant</value>
          </Data>
          <Data name="Neighborhood">
            <value>Gold Coast</value>
          </Data>
          <Data name="Reviews">
            <value/>
          </Data>
          <Data name="Address">
            <value>11 E Walton St, Chicago, IL 60611</value>
          </Data>
        </ExtendedData>
      </Placemark>
      <Placemark>
        <name>900 N Michigan Shops</name>
        <address>900 N Michigan Ave, Chicago, IL 60611</address>
        <description><![CDATA[Type: Retail<br>Neighborhood: Gold Coast<br>Reviews: Nice food court, could study on top floor<br>Address: 900 N Michigan Ave, Chicago, IL 60611]]></description>
        <styleUrl>#icon-1899-FFD600</styleUrl>
        <ExtendedData>
          <Data name="Type">
            <value>Retail</value>
          </Data>
          <Data name="Neighborhood">
            <value>Gold Coast</value>
          </Data>
          <Data name="Reviews">
            <value>Nice food court, could study on top floor</value>
          </Data>
          <Data name="Address">
            <value>900 N Michigan Ave, Chicago, IL 60611</value>
          </Data>
        </ExtendedData>
      </Placemark>
      <Placemark>
        <name><![CDATA[Lem's Bar B-Q ]]></name>
        <address>311 E 75th St, Chicago, IL 60619</address>
        <description><![CDATA[Type: Restaurant<br>Neighborhood: Grand Crossing<br>Reviews: "Best ribs in Chicago"<br>Address: 311 E 75th St, Chicago, IL 60619]]></description>
        <styleUrl>#icon-1899-BDBDBD</styleUrl>
        <ExtendedData>
          <Data name="Type">
            <value>Restaurant</value>
          </Data>
          <Data name="Neighborhood">
            <value>Grand Crossing</value>
          </Data>
          <Data name="Reviews">
            <value><![CDATA["Best ribs in Chicago"]]></value>
          </Data>
          <Data name="Address">
            <value>311 E 75th St, Chicago, IL 60619</value>
          </Data>
        </ExtendedData>
      </Placemark>
      <Placemark>
        <name>Soul Veg City</name>
        <address>203 E 75th St, Chicago, IL 60619</address>
        <description><![CDATA[Type: Restaurant<br>Neighborhood: Grand Crossing<br>Reviews: Best vegatarian food in Chicago<br>Address: 203 E 75th St, Chicago, IL 60619]]></description>
        <styleUrl>#icon-1899-BDBDBD</styleUrl>
        <ExtendedData>
          <Data name="Type">
            <value>Restaurant</value>
          </Data>
          <Data name="Neighborhood">
            <value>Grand Crossing</value>
          </Data>
          <Data name="Reviews">
            <value>Best vegatarian food in Chicago</value>
          </Data>
          <Data name="Address">
            <value>203 E 75th St, Chicago, IL 60619</value>
          </Data>
        </ExtendedData>
      </Placemark>
      <Placemark>
        <name>Bacchanalia</name>
        <address>2413 S Oakley Ave, Chicago, IL 60608</address>
        <description><![CDATA[Type: Restaurant<br>Neighborhood: Heart of Italy<br>Reviews: <br>Address: 2413 S Oakley Ave, Chicago, IL 60608]]></description>
        <styleUrl>#icon-1899-BDBDBD</styleUrl>
        <ExtendedData>
          <Data name="Type">
            <value>Restaurant</value>
          </Data>
          <Data name="Neighborhood">
            <value>Heart of Italy</value>
          </Data>
          <Data name="Reviews">
            <value/>
          </Data>
          <Data name="Address">
            <value>2413 S Oakley Ave, Chicago, IL 60608</value>
          </Data>
        </ExtendedData>
      </Placemark>
      <Placemark>
        <name>Tacotlan</name>
        <address>4312 W Fullerton Ave, Chicago, IL 60639</address>
        <description><![CDATA[Type: Restaurant<br>Neighborhood: Hermosa<br>Reviews: tiktok rec, food looks really good<br>Address: 4312 W Fullerton Ave, Chicago, IL 60639]]></description>
        <styleUrl>#icon-1899-BDBDBD</styleUrl>
        <ExtendedData>
          <Data name="Type">
            <value>Restaurant</value>
          </Data>
          <Data name="Neighborhood">
            <value>Hermosa</value>
          </Data>
          <Data name="Reviews">
            <value>tiktok rec, food looks really good</value>
          </Data>
          <Data name="Address">
            <value>4312 W Fullerton Ave, Chicago, IL 60639</value>
          </Data>
        </ExtendedData>
      </Placemark>
      <Placemark>
        <name>Esmeraldas Lounge</name>
        <address>2539 W Division St, Chicago, IL 60622</address>
        <description><![CDATA[Type: Bar<br>Neighborhood: Humboldt Park<br>Reviews: <br>Address: 2539 W Division St, Chicago, IL 60622]]></description>
        <styleUrl>#icon-1899-BDBDBD</styleUrl>
        <ExtendedData>
          <Data name="Type">
            <value>Bar</value>
          </Data>
          <Data name="Neighborhood">
            <value>Humboldt Park</value>
          </Data>
          <Data name="Reviews">
            <value/>
          </Data>
          <Data name="Address">
            <value>2539 W Division St, Chicago, IL 60622</value>
          </Data>
        </ExtendedData>
      </Placemark>
      <Placemark>
        <name><![CDATA[National Museum of Puerto Rican Arts & Culture]]></name>
        <address>3015 W Division St, Chicago, IL 60622</address>
        <description><![CDATA[Type: Museum<br>Neighborhood: Humboldt Park<br>Reviews: <br>Address: 3015 W Division St, Chicago, IL 60622]]></description>
        <styleUrl>#icon-1899-BDBDBD</styleUrl>
        <ExtendedData>
          <Data name="Type">
            <value>Museum</value>
          </Data>
          <Data name="Neighborhood">
            <value>Humboldt Park</value>
          </Data>
          <Data name="Reviews">
            <value/>
          </Data>
          <Data name="Address">
            <value>3015 W Division St, Chicago, IL 60622</value>
          </Data>
        </ExtendedData>
      </Placemark>
      <Placemark>
        <name>Humboldt Park</name>
        <address>1400 N Humboldt Dr, Chicago, IL 60622</address>
        <description><![CDATA[Type: Park<br>Neighborhood: Humboldt Park<br>Reviews: <br>Address: 1400 N Humboldt Dr, Chicago, IL 60622]]></description>
        <styleUrl>#icon-1899-BDBDBD</styleUrl>
        <ExtendedData>
          <Data name="Type">
            <value>Park</value>
          </Data>
          <Data name="Neighborhood">
            <value>Humboldt Park</value>
          </Data>
          <Data name="Reviews">
            <value/>
          </Data>
          <Data name="Address">
            <value>1400 N Humboldt Dr, Chicago, IL 60622</value>
          </Data>
        </ExtendedData>
      </Placemark>
      <Placemark>
        <name>La Sandwichera Cafe</name>
        <address>2721 W Division St, Chicago, IL 60622</address>
        <description><![CDATA[Type: Restaurant<br>Neighborhood: Humboldt Park<br>Reviews: <br>Address: 2721 W Division St, Chicago, IL 60622]]></description>
        <styleUrl>#icon-1899-BDBDBD</styleUrl>
        <ExtendedData>
          <Data name="Type">
            <value>Restaurant</value>
          </Data>
          <Data name="Neighborhood">
            <value>Humboldt Park</value>
          </Data>
          <Data name="Reviews">
            <value/>
          </Data>
          <Data name="Address">
            <value>2721 W Division St, Chicago, IL 60622</value>
          </Data>
        </ExtendedData>
      </Placemark>
      <Placemark>
        <name>Cove Lounge</name>
        <address>1750 E 55th St, Chicago, IL 60615</address>
        <description><![CDATA[Type: Bar<br>Neighborhood: Hyde Park<br>Reviews: David went here<br>Address: 1750 E 55th St, Chicago, IL 60615]]></description>
        <styleUrl>#icon-1899-FBC02D</styleUrl>
        <ExtendedData>
          <Data name="Type">
            <value>Bar</value>
          </Data>
          <Data name="Neighborhood">
            <value>Hyde Park</value>
          </Data>
          <Data name="Reviews">
            <value>David went here</value>
          </Data>
          <Data name="Address">
            <value>1750 E 55th St, Chicago, IL 60615</value>
          </Data>
        </ExtendedData>
      </Placemark>
      <Placemark>
        <name>57th Street Beach</name>
        <address>5700 S DuSable Lake Shore Dr, Chicago, IL 60637</address>
        <description><![CDATA[Type: Beach<br>Neighborhood: Hyde Park<br>Reviews: Allen: cool beach, has sand and concrete parts<br>Address: 5700 S DuSable Lake Shore Dr, Chicago, IL 60637]]></description>
        <styleUrl>#icon-1899-FBC02D</styleUrl>
        <ExtendedData>
          <Data name="Type">
            <value>Beach</value>
          </Data>
          <Data name="Neighborhood">
            <value>Hyde Park</value>
          </Data>
          <Data name="Reviews">
            <value>Allen: cool beach, has sand and concrete parts</value>
          </Data>
          <Data name="Address">
            <value>5700 S DuSable Lake Shore Dr, Chicago, IL 60637</value>
          </Data>
        </ExtendedData>
      </Placemark>
      <Placemark>
        <name>Harper Memorial Library</name>
        <address>1116 E 59th St, Chicago, IL 60637</address>
        <description><![CDATA[Type: Books<br>Neighborhood: Hyde Park<br>Reviews: Beautiful gothic design<br>Address: 1116 E 59th St, Chicago, IL 60637]]></description>
        <styleUrl>#icon-1899-FBC02D</styleUrl>
        <ExtendedData>
          <Data name="Type">
            <value>Books</value>
          </Data>
          <Data name="Neighborhood">
            <value>Hyde Park</value>
          </Data>
          <Data name="Reviews">
            <value>Beautiful gothic design</value>
          </Data>
          <Data name="Address">
            <value>1116 E 59th St, Chicago, IL 60637</value>
          </Data>
        </ExtendedData>
      </Placemark>
      <Placemark>
        <name>Mansueto Library</name>
        <address>1100 E 57th St, Chicago, IL 60637</address>
        <description><![CDATA[Type: Books<br>Neighborhood: Hyde Park<br>Reviews: More modern design, big skylight dome<br>Address: 1100 E 57th St, Chicago, IL 60637]]></description>
        <styleUrl>#icon-1899-FBC02D</styleUrl>
        <ExtendedData>
          <Data name="Type">
            <value>Books</value>
          </Data>
          <Data name="Neighborhood">
            <value>Hyde Park</value>
          </Data>
          <Data name="Reviews">
            <value>More modern design, big skylight dome</value>
          </Data>
          <Data name="Address">
            <value>1100 E 57th St, Chicago, IL 60637</value>
          </Data>
        </ExtendedData>
      </Placemark>
      <Placemark>
        <name>DuSable Museum</name>
        <address>740 E 56th Place, Chicago, IL 60637</address>
        <description><![CDATA[Type: Museum<br>Neighborhood: Hyde Park<br>Reviews: DuSable (founder of Chicago) was actually Haitian!<br>Address: 740 E 56th Place, Chicago, IL 60637]]></description>
        <styleUrl>#icon-1899-FBC02D</styleUrl>
        <ExtendedData>
          <Data name="Type">
            <value>Museum</value>
          </Data>
          <Data name="Neighborhood">
            <value>Hyde Park</value>
          </Data>
          <Data name="Reviews">
            <value>DuSable (founder of Chicago) was actually Haitian!</value>
          </Data>
          <Data name="Address">
            <value>740 E 56th Place, Chicago, IL 60637</value>
          </Data>
        </ExtendedData>
      </Placemark>
      <Placemark>
        <name><![CDATA[Griffin Museum of Science & Industry]]></name>
        <address>5700 S DuSable Lake Shore Dr, Chicago, IL 60637</address>
        <description><![CDATA[Type: Museum<br>Neighborhood: Hyde Park<br>Reviews: <br>Address: 5700 S DuSable Lake Shore Dr, Chicago, IL 60637]]></description>
        <styleUrl>#icon-1899-FBC02D</styleUrl>
        <ExtendedData>
          <Data name="Type">
            <value>Museum</value>
          </Data>
          <Data name="Neighborhood">
            <value>Hyde Park</value>
          </Data>
          <Data name="Reviews">
            <value/>
          </Data>
          <Data name="Address">
            <value>5700 S DuSable Lake Shore Dr, Chicago, IL 60637</value>
          </Data>
        </ExtendedData>
      </Placemark>
      <Placemark>
        <name>Institute for the Study of Ancient Cultures Museum</name>
        <address>1155 E 58th St, Chicago, IL 60637</address>
        <description><![CDATA[Type: Museum<br>Neighborhood: Hyde Park<br>Reviews: <br>Address: 1155 E 58th St, Chicago, IL 60637]]></description>
        <styleUrl>#icon-1899-FBC02D</styleUrl>
        <ExtendedData>
          <Data name="Type">
            <value>Museum</value>
          </Data>
          <Data name="Neighborhood">
            <value>Hyde Park</value>
          </Data>
          <Data name="Reviews">
            <value/>
          </Data>
          <Data name="Address">
            <value>1155 E 58th St, Chicago, IL 60637</value>
          </Data>
        </ExtendedData>
      </Placemark>
      <Placemark>
        <name>Smart Museum of Art</name>
        <address>5550 S Greenwood Ave, Chicago, IL 60637</address>
        <description><![CDATA[Type: Museum<br>Neighborhood: Hyde Park<br>Reviews: free!<br>Address: 5550 S Greenwood Ave, Chicago, IL 60637]]></description>
        <styleUrl>#icon-1899-FBC02D</styleUrl>
        <ExtendedData>
          <Data name="Type">
            <value>Museum</value>
          </Data>
          <Data name="Neighborhood">
            <value>Hyde Park</value>
          </Data>
          <Data name="Reviews">
            <value>free!</value>
          </Data>
          <Data name="Address">
            <value>5550 S Greenwood Ave, Chicago, IL 60637</value>
          </Data>
        </ExtendedData>
      </Placemark>
      <Placemark>
        <name>Promontory Point</name>
        <address>5491 S DuSable Lake Shore Dr, Chicago, IL 60615</address>
        <description><![CDATA[Type: Park<br>Neighborhood: Hyde Park<br>Reviews: Allen: nice green area, shore is rock slabs<br>Address: 5491 S DuSable Lake Shore Dr, Chicago, IL 60615]]></description>
        <styleUrl>#icon-1899-FBC02D</styleUrl>
        <ExtendedData>
          <Data name="Type">
            <value>Park</value>
          </Data>
          <Data name="Neighborhood">
            <value>Hyde Park</value>
          </Data>
          <Data name="Reviews">
            <value>Allen: nice green area, shore is rock slabs</value>
          </Data>
          <Data name="Address">
            <value>5491 S DuSable Lake Shore Dr, Chicago, IL 60615</value>
          </Data>
        </ExtendedData>
      </Placemark>
      <Placemark>
        <name>14 Parish</name>
        <address>1644 E 53rd St, Chicago, IL 60615</address>
        <description><![CDATA[Type: Restaurant<br>Neighborhood: Hyde Park<br>Reviews: rec'd by multiple people, <br>one of the best in Hyde Park<br>Address: 1644 E 53rd St, Chicago, IL 60615]]></description>
        <styleUrl>#icon-1899-FBC02D</styleUrl>
        <ExtendedData>
          <Data name="Type">
            <value>Restaurant</value>
          </Data>
          <Data name="Neighborhood">
            <value>Hyde Park</value>
          </Data>
          <Data name="Reviews">
            <value><![CDATA[rec'd by multiple people, 
one of the best in Hyde Park]]></value>
          </Data>
          <Data name="Address">
            <value>1644 E 53rd St, Chicago, IL 60615</value>
          </Data>
        </ExtendedData>
      </Placemark>
      <Placemark>
        <name>Chemistry</name>
        <address>5121 S Harper Ave, Chicago, IL 60615</address>
        <description><![CDATA[Type: Restaurant<br>Neighborhood: Hyde Park<br>Reviews: rec'd by multiple people, <br>one of the best in Hyde Park<br>Address: 5121 S Harper Ave, Chicago, IL 60615]]></description>
        <styleUrl>#icon-1899-FBC02D</styleUrl>
        <ExtendedData>
          <Data name="Type">
            <value>Restaurant</value>
          </Data>
          <Data name="Neighborhood">
            <value>Hyde Park</value>
          </Data>
          <Data name="Reviews">
            <value><![CDATA[rec'd by multiple people, 
one of the best in Hyde Park]]></value>
          </Data>
          <Data name="Address">
            <value>5121 S Harper Ave, Chicago, IL 60615</value>
          </Data>
        </ExtendedData>
      </Placemark>
      <Placemark>
        <name>Goree</name>
        <address>1126 E 47th St, Chicago, IL 60653</address>
        <description><![CDATA[Type: Restaurant<br>Neighborhood: Hyde Park<br>Reviews: west african (senegalese) food<br>Address: 1126 E 47th St, Chicago, IL 60653]]></description>
        <styleUrl>#icon-1899-FBC02D</styleUrl>
        <ExtendedData>
          <Data name="Type">
            <value>Restaurant</value>
          </Data>
          <Data name="Neighborhood">
            <value>Hyde Park</value>
          </Data>
          <Data name="Reviews">
            <value>west african (senegalese) food</value>
          </Data>
          <Data name="Address">
            <value>1126 E 47th St, Chicago, IL 60653</value>
          </Data>
        </ExtendedData>
      </Placemark>
      <Placemark>
        <name><![CDATA[Ja' Grill]]></name>
        <address>1510 E Harper Ct, Chicago, IL 60615</address>
        <description><![CDATA[Type: Restaurant<br>Neighborhood: Hyde Park<br>Reviews: Allen: I liked their food and cocktails<br>Address: 1510 E Harper Ct, Chicago, IL 60615]]></description>
        <styleUrl>#icon-1899-FBC02D</styleUrl>
        <ExtendedData>
          <Data name="Type">
            <value>Restaurant</value>
          </Data>
          <Data name="Neighborhood">
            <value>Hyde Park</value>
          </Data>
          <Data name="Reviews">
            <value>Allen: I liked their food and cocktails</value>
          </Data>
          <Data name="Address">
            <value>1510 E Harper Ct, Chicago, IL 60615</value>
          </Data>
        </ExtendedData>
      </Placemark>
      <Placemark>
        <name>Mesler</name>
        <address>1411 E 53rd St, Chicago, IL 60615</address>
        <description><![CDATA[Type: Restaurant<br>Neighborhood: Hyde Park<br>Reviews: <br>Address: 1411 E 53rd St, Chicago, IL 60615]]></description>
        <styleUrl>#icon-1899-FBC02D</styleUrl>
        <ExtendedData>
          <Data name="Type">
            <value>Restaurant</value>
          </Data>
          <Data name="Neighborhood">
            <value>Hyde Park</value>
          </Data>
          <Data name="Reviews">
            <value/>
          </Data>
          <Data name="Address">
            <value>1411 E 53rd St, Chicago, IL 60615</value>
          </Data>
        </ExtendedData>
      </Placemark>
      <Placemark>
        <name>Roux</name>
        <address>1055 E 55th St, Chicago, IL 60615</address>
        <description><![CDATA[Type: Restaurant<br>Neighborhood: Hyde Park<br>Reviews: <br>Address: 1055 E 55th St, Chicago, IL 60615]]></description>
        <styleUrl>#icon-1899-FBC02D</styleUrl>
        <ExtendedData>
          <Data name="Type">
            <value>Restaurant</value>
          </Data>
          <Data name="Neighborhood">
            <value>Hyde Park</value>
          </Data>
          <Data name="Reviews">
            <value/>
          </Data>
          <Data name="Address">
            <value>1055 E 55th St, Chicago, IL 60615</value>
          </Data>
        </ExtendedData>
      </Placemark>
      <Placemark>
        <name>Virtue</name>
        <address>1462 E 53rd St, Chicago, IL 60615</address>
        <description><![CDATA[Type: Restaurant<br>Neighborhood: Hyde Park<br>Reviews: rec'd by multiple people, one of the best in Hyde Park<br>Address: 1462 E 53rd St, Chicago, IL 60615]]></description>
        <styleUrl>#icon-1899-FBC02D</styleUrl>
        <ExtendedData>
          <Data name="Type">
            <value>Restaurant</value>
          </Data>
          <Data name="Neighborhood">
            <value>Hyde Park</value>
          </Data>
          <Data name="Reviews">
            <value><![CDATA[rec'd by multiple people, one of the best in Hyde Park]]></value>
          </Data>
          <Data name="Address">
            <value>1462 E 53rd St, Chicago, IL 60615</value>
          </Data>
        </ExtendedData>
      </Placemark>
      <Placemark>
        <name>Philly Bros</name>
        <address>3558 N Pulaski Rd, Chicago, IL 60641</address>
        <description><![CDATA[Type: Restaurant<br>Neighborhood: Irving Park<br>Reviews: tiktok rec, food looks really good<br>Address: 3558 N Pulaski Rd, Chicago, IL 60641]]></description>
        <styleUrl>#icon-1899-BDBDBD</styleUrl>
        <ExtendedData>
          <Data name="Type">
            <value>Restaurant</value>
          </Data>
          <Data name="Neighborhood">
            <value>Irving Park</value>
          </Data>
          <Data name="Reviews">
            <value>tiktok rec, food looks really good</value>
          </Data>
          <Data name="Address">
            <value>3558 N Pulaski Rd, Chicago, IL 60641</value>
          </Data>
        </ExtendedData>
      </Placemark>
      <Placemark>
        <name>Raisu</name>
        <address>2958 W Irving Park Rd, Chicago, IL 60618</address>
        <description><![CDATA[Type: Restaurant<br>Neighborhood: Irving Park<br>Reviews: <br>Address: 2958 W Irving Park Rd, Chicago, IL 60618]]></description>
        <styleUrl>#icon-1899-BDBDBD</styleUrl>
        <ExtendedData>
          <Data name="Type">
            <value>Restaurant</value>
          </Data>
          <Data name="Neighborhood">
            <value>Irving Park</value>
          </Data>
          <Data name="Reviews">
            <value/>
          </Data>
          <Data name="Address">
            <value>2958 W Irving Park Rd, Chicago, IL 60618</value>
          </Data>
        </ExtendedData>
      </Placemark>
      <Placemark>
        <name>Stay and Play Game Cafe</name>
        <address>3932 W Irving Park Rd, Chicago, IL 60618</address>
        <description><![CDATA[Type: Restaurant<br>Neighborhood: Irving Park<br>Reviews: puerto rican food<br>$5 games (min $10 food)<br>Address: 3932 W Irving Park Rd, Chicago, IL 60618]]></description>
        <styleUrl>#icon-1899-BDBDBD</styleUrl>
        <ExtendedData>
          <Data name="Type">
            <value>Restaurant</value>
          </Data>
          <Data name="Neighborhood">
            <value>Irving Park</value>
          </Data>
          <Data name="Reviews">
            <value>puerto rican food
$5 games (min $10 food)</value>
          </Data>
          <Data name="Address">
            <value>3932 W Irving Park Rd, Chicago, IL 60618</value>
          </Data>
        </ExtendedData>
      </Placemark>
      <Placemark>
        <name>Osaka Garden</name>
        <address>6300 S Cornell Ave, Chicago, IL 60637</address>
        <description><![CDATA[Type: Park<br>Neighborhood: Jackson Park<br>Reviews: Visit in morning, look at cherry blossoms<br>Address: 6300 S Cornell Ave, Chicago, IL 60637]]></description>
        <styleUrl>#icon-1899-BDBDBD</styleUrl>
        <ExtendedData>
          <Data name="Type">
            <value>Park</value>
          </Data>
          <Data name="Neighborhood">
            <value>Jackson Park</value>
          </Data>
          <Data name="Reviews">
            <value>Visit in morning, look at cherry blossoms</value>
          </Data>
          <Data name="Address">
            <value>6300 S Cornell Ave, Chicago, IL 60637</value>
          </Data>
        </ExtendedData>
      </Placemark>
      <Placemark>
        <name>Nighthawk</name>
        <address>4744 N Kimball Ave, Chicago, IL 60625</address>
        <description><![CDATA[Type: Bar<br>Neighborhood: Kimball<br>Reviews: coffee in morning & cocktails at night<br>Address: 4744 N Kimball Ave, Chicago, IL 60625]]></description>
        <styleUrl>#icon-1899-BDBDBD</styleUrl>
        <ExtendedData>
          <Data name="Type">
            <value>Bar</value>
          </Data>
          <Data name="Neighborhood">
            <value>Kimball</value>
          </Data>
          <Data name="Reviews">
            <value><![CDATA[coffee in morning & cocktails at night]]></value>
          </Data>
          <Data name="Address">
            <value>4744 N Kimball Ave, Chicago, IL 60625</value>
          </Data>
        </ExtendedData>
      </Placemark>
      <Placemark>
        <name>Arzan Cafe</name>
        <address>4702 N Kimball Ave, Chicago, IL 60625</address>
        <description><![CDATA[Type: Restaurant<br>Neighborhood: Kimball<br>Reviews: Central Asian food<br>Address: 4702 N Kimball Ave, Chicago, IL 60625]]></description>
        <styleUrl>#icon-1899-BDBDBD</styleUrl>
        <ExtendedData>
          <Data name="Type">
            <value>Restaurant</value>
          </Data>
          <Data name="Neighborhood">
            <value>Kimball</value>
          </Data>
          <Data name="Reviews">
            <value>Central Asian food</value>
          </Data>
          <Data name="Address">
            <value>4702 N Kimball Ave, Chicago, IL 60625</value>
          </Data>
        </ExtendedData>
      </Placemark>
      <Placemark>
        <name>Kabobi</name>
        <address>3224 W Lawrence Ave, Chicago, IL 60625</address>
        <description><![CDATA[Type: Restaurant<br>Neighborhood: Kimball<br>Reviews: Persian restaurant<br>Address: 3224 W Lawrence Ave, Chicago, IL 60625]]></description>
        <styleUrl>#icon-1899-BDBDBD</styleUrl>
        <ExtendedData>
          <Data name="Type">
            <value>Restaurant</value>
          </Data>
          <Data name="Neighborhood">
            <value>Kimball</value>
          </Data>
          <Data name="Reviews">
            <value>Persian restaurant</value>
          </Data>
          <Data name="Address">
            <value>3224 W Lawrence Ave, Chicago, IL 60625</value>
          </Data>
        </ExtendedData>
      </Placemark>
      <Placemark>
        <name>Noon O Kabab</name>
        <address>4701 N Kedzie Ave, Chicago, IL 60625</address>
        <description><![CDATA[Type: Restaurant<br>Neighborhood: Kimball<br>Reviews: Persian restaurant<br>Address: 4701 N Kedzie Ave, Chicago, IL 60625]]></description>
        <styleUrl>#icon-1899-BDBDBD</styleUrl>
        <ExtendedData>
          <Data name="Type">
            <value>Restaurant</value>
          </Data>
          <Data name="Neighborhood">
            <value>Kimball</value>
          </Data>
          <Data name="Reviews">
            <value>Persian restaurant</value>
          </Data>
          <Data name="Address">
            <value>4701 N Kedzie Ave, Chicago, IL 60625</value>
          </Data>
        </ExtendedData>
      </Placemark>
      <Placemark>
        <name>Peking Mandarin Restaurant</name>
        <address>3459 W Lawrence Ave, Chicago, IL 60625</address>
        <description><![CDATA[Type: Restaurant<br>Neighborhood: Kimball<br>Reviews: <br>Address: 3459 W Lawrence Ave, Chicago, IL 60625]]></description>
        <styleUrl>#icon-1899-BDBDBD</styleUrl>
        <ExtendedData>
          <Data name="Type">
            <value>Restaurant</value>
          </Data>
          <Data name="Neighborhood">
            <value>Kimball</value>
          </Data>
          <Data name="Reviews">
            <value/>
          </Data>
          <Data name="Address">
            <value>3459 W Lawrence Ave, Chicago, IL 60625</value>
          </Data>
        </ExtendedData>
      </Placemark>
      <Placemark>
        <name>Lakefront Trail</name>
        <address>400 S DuSable Lake Shore Dr, Chicago, IL 60605</address>
        <description><![CDATA[Type: Landmark<br>Neighborhood: Lake<br>Reviews: All along chicago<br>Address: 400 S DuSable Lake Shore Dr, Chicago, IL 60605]]></description>
        <styleUrl>#icon-1899-BDBDBD</styleUrl>
        <ExtendedData>
          <Data name="Type">
            <value>Landmark</value>
          </Data>
          <Data name="Neighborhood">
            <value>Lake</value>
          </Data>
          <Data name="Reviews">
            <value>All along chicago</value>
          </Data>
          <Data name="Address">
            <value>400 S DuSable Lake Shore Dr, Chicago, IL 60605</value>
          </Data>
        </ExtendedData>
      </Placemark>
      <Placemark>
        <name>Cuddle Bunny</name>
        <address>2901 N Clark St, Chicago, IL 60657</address>
        <description><![CDATA[Type: Activity<br>Neighborhood: Lakeview<br>Reviews: <br>Address: 2901 N Clark St, Chicago, IL 60657]]></description>
        <styleUrl>#icon-1899-01579B</styleUrl>
        <ExtendedData>
          <Data name="Type">
            <value>Activity</value>
          </Data>
          <Data name="Neighborhood">
            <value>Lakeview</value>
          </Data>
          <Data name="Reviews">
            <value/>
          </Data>
          <Data name="Address">
            <value>2901 N Clark St, Chicago, IL 60657</value>
          </Data>
        </ExtendedData>
      </Placemark>
      <Placemark>
        <name>Laugh Factory</name>
        <address>3175 N Broadway, Chicago, IL 60657</address>
        <description><![CDATA[Type: Activity<br>Neighborhood: Lakeview<br>Reviews: Use code JOSH for free tickets!<br>Address: 3175 N Broadway, Chicago, IL 60657]]></description>
        <styleUrl>#icon-1899-01579B</styleUrl>
        <ExtendedData>
          <Data name="Type">
            <value>Activity</value>
          </Data>
          <Data name="Neighborhood">
            <value>Lakeview</value>
          </Data>
          <Data name="Reviews">
            <value>Use code JOSH for free tickets!</value>
          </Data>
          <Data name="Address">
            <value>3175 N Broadway, Chicago, IL 60657</value>
          </Data>
        </ExtendedData>
      </Placemark>
      <Placemark>
        <name>The Brown Elephant</name>
        <address>812 W Belmont Ave, Chicago, IL 60657</address>
        <description><![CDATA[Type: Activity<br>Neighborhood: Lakeview<br>Reviews: thrift store, cheaper finds<br>Address: 812 W Belmont Ave, Chicago, IL 60657]]></description>
        <styleUrl>#icon-1899-01579B</styleUrl>
        <ExtendedData>
          <Data name="Type">
            <value>Activity</value>
          </Data>
          <Data name="Neighborhood">
            <value>Lakeview</value>
          </Data>
          <Data name="Reviews">
            <value>thrift store, cheaper finds</value>
          </Data>
          <Data name="Address">
            <value>812 W Belmont Ave, Chicago, IL 60657</value>
          </Data>
        </ExtendedData>
      </Placemark>
      <Placemark>
        <name>Friar Tuck</name>
        <address>3010 N Broadway, Chicago, IL 60657</address>
        <description><![CDATA[Type: Bar<br>Neighborhood: Lakeview<br>Reviews: dive bar, cheap drinks, free popcorn, arcade games<br>Address: 3010 N Broadway, Chicago, IL 60657]]></description>
        <styleUrl>#icon-1899-01579B</styleUrl>
        <ExtendedData>
          <Data name="Type">
            <value>Bar</value>
          </Data>
          <Data name="Neighborhood">
            <value>Lakeview</value>
          </Data>
          <Data name="Reviews">
            <value>dive bar, cheap drinks, free popcorn, arcade games</value>
          </Data>
          <Data name="Address">
            <value>3010 N Broadway, Chicago, IL 60657</value>
          </Data>
        </ExtendedData>
      </Placemark>
      <Placemark>
        <name>Replay</name>
        <address>2833 N Sheffield Ave, Chicago, IL 60657</address>
        <description><![CDATA[Type: Bar<br>Neighborhood: Lakeview<br>Reviews: arcade bar, games mostly free<br>Address: 2833 N Sheffield Ave, Chicago, IL 60657]]></description>
        <styleUrl>#icon-1899-01579B</styleUrl>
        <ExtendedData>
          <Data name="Type">
            <value>Bar</value>
          </Data>
          <Data name="Neighborhood">
            <value>Lakeview</value>
          </Data>
          <Data name="Reviews">
            <value>arcade bar, games mostly free</value>
          </Data>
          <Data name="Address">
            <value>2833 N Sheffield Ave, Chicago, IL 60657</value>
          </Data>
        </ExtendedData>
      </Placemark>
      <Placemark>
        <name>Ann Sather</name>
        <address>3415 N Broadway, Chicago, IL 60657</address>
        <description><![CDATA[Type: Brunch<br>Neighborhood: Lakeview<br>Reviews: <br>Address: 3415 N Broadway, Chicago, IL 60657]]></description>
        <styleUrl>#icon-1899-01579B</styleUrl>
        <ExtendedData>
          <Data name="Type">
            <value>Brunch</value>
          </Data>
          <Data name="Neighborhood">
            <value>Lakeview</value>
          </Data>
          <Data name="Reviews">
            <value/>
          </Data>
          <Data name="Address">
            <value>3415 N Broadway, Chicago, IL 60657</value>
          </Data>
        </ExtendedData>
      </Placemark>
      <Placemark>
        <name><![CDATA[Wake 'n Bacon]]></name>
        <address>420 W Belmont Ave, Chicago, IL 60657</address>
        <description><![CDATA[Type: Brunch<br>Neighborhood: Lakeview<br>Reviews: <br>Address: 420 W Belmont Ave, Chicago, IL 60657]]></description>
        <styleUrl>#icon-1899-01579B</styleUrl>
        <ExtendedData>
          <Data name="Type">
            <value>Brunch</value>
          </Data>
          <Data name="Neighborhood">
            <value>Lakeview</value>
          </Data>
          <Data name="Reviews">
            <value/>
          </Data>
          <Data name="Address">
            <value>420 W Belmont Ave, Chicago, IL 60657</value>
          </Data>
        </ExtendedData>
      </Placemark>
      <Placemark>
        <name>2D Restaurant</name>
        <address>3155 N Halsted St, Chicago, IL 60657</address>
        <description><![CDATA[Type: Cafe<br>Neighborhood: Lakeview<br>Reviews: Inside of restaurant is 2D, looks like a dr seuss sketch<br>Address: 3155 N Halsted St, Chicago, IL 60657]]></description>
        <styleUrl>#icon-1899-01579B</styleUrl>
        <ExtendedData>
          <Data name="Type">
            <value>Cafe</value>
          </Data>
          <Data name="Neighborhood">
            <value>Lakeview</value>
          </Data>
          <Data name="Reviews">
            <value>Inside of restaurant is 2D, looks like a dr seuss sketch</value>
          </Data>
          <Data name="Address">
            <value>3155 N Halsted St, Chicago, IL 60657</value>
          </Data>
        </ExtendedData>
      </Placemark>
      <Placemark>
        <name><![CDATA[Owen's Famous]]></name>
        <address>2945 N Broadway, Chicago, IL 60657</address>
        <description><![CDATA[Type: Cafe<br>Neighborhood: Lakeview<br>Reviews: <br>Address: 2945 N Broadway, Chicago, IL 60657]]></description>
        <styleUrl>#icon-1899-01579B</styleUrl>
        <ExtendedData>
          <Data name="Type">
            <value>Cafe</value>
          </Data>
          <Data name="Neighborhood">
            <value>Lakeview</value>
          </Data>
          <Data name="Reviews">
            <value/>
          </Data>
          <Data name="Address">
            <value>2945 N Broadway, Chicago, IL 60657</value>
          </Data>
        </ExtendedData>
      </Placemark>
      <Placemark>
        <name>Belmont Waterfront</name>
        <address>3600 N Recreation Dr, Chicago, IL 60613</address>
        <description><![CDATA[Type: Park<br>Neighborhood: Lakeview<br>Reviews: <br>Address: 3600 N Recreation Dr, Chicago, IL 60613]]></description>
        <styleUrl>#icon-1899-01579B</styleUrl>
        <ExtendedData>
          <Data name="Type">
            <value>Park</value>
          </Data>
          <Data name="Neighborhood">
            <value>Lakeview</value>
          </Data>
          <Data name="Reviews">
            <value/>
          </Data>
          <Data name="Address">
            <value>3600 N Recreation Dr, Chicago, IL 60613</value>
          </Data>
        </ExtendedData>
      </Placemark>
      <Placemark>
        <name>Barcocina</name>
        <address>2901 N Sheffield Ave, Chicago, IL 60657</address>
        <description><![CDATA[Type: Restaurant<br>Neighborhood: Lakeview<br>Reviews: <br>Address: 2901 N Sheffield Ave, Chicago, IL 60657]]></description>
        <styleUrl>#icon-1899-01579B</styleUrl>
        <ExtendedData>
          <Data name="Type">
            <value>Restaurant</value>
          </Data>
          <Data name="Neighborhood">
            <value>Lakeview</value>
          </Data>
          <Data name="Reviews">
            <value/>
          </Data>
          <Data name="Address">
            <value>2901 N Sheffield Ave, Chicago, IL 60657</value>
          </Data>
        </ExtendedData>
      </Placemark>
      <Placemark>
        <name><![CDATA[Cesar's Killer Margaritas]]></name>
        <address>2924 N Broadway, Chicago, IL 60657</address>
        <description><![CDATA[Type: Restaurant<br>Neighborhood: Lakeview<br>Reviews: <br>Address: 2924 N Broadway, Chicago, IL 60657]]></description>
        <styleUrl>#icon-1899-01579B</styleUrl>
        <ExtendedData>
          <Data name="Type">
            <value>Restaurant</value>
          </Data>
          <Data name="Neighborhood">
            <value>Lakeview</value>
          </Data>
          <Data name="Reviews">
            <value/>
          </Data>
          <Data name="Address">
            <value>2924 N Broadway, Chicago, IL 60657</value>
          </Data>
        </ExtendedData>
      </Placemark>
      <Placemark>
        <name>Chilam Balam</name>
        <address>3023 N Broadway, Chicago, IL 60657</address>
        <description><![CDATA[Type: Restaurant<br>Neighborhood: Lakeview<br>Reviews: <br>Address: 3023 N Broadway, Chicago, IL 60657]]></description>
        <styleUrl>#icon-1899-01579B</styleUrl>
        <ExtendedData>
          <Data name="Type">
            <value>Restaurant</value>
          </Data>
          <Data name="Neighborhood">
            <value>Lakeview</value>
          </Data>
          <Data name="Reviews">
            <value/>
          </Data>
          <Data name="Address">
            <value>3023 N Broadway, Chicago, IL 60657</value>
          </Data>
        </ExtendedData>
      </Placemark>
      <Placemark>
        <name><![CDATA[Cleo's Southern]]></name>
        <address>2826 N Lincoln Ave, Chicago, IL 60657</address>
        <description><![CDATA[Type: Restaurant<br>Neighborhood: Lakeview<br>Reviews: <br>Address: 2826 N Lincoln Ave, Chicago, IL 60657]]></description>
        <styleUrl>#icon-1899-01579B</styleUrl>
        <ExtendedData>
          <Data name="Type">
            <value>Restaurant</value>
          </Data>
          <Data name="Neighborhood">
            <value>Lakeview</value>
          </Data>
          <Data name="Reviews">
            <value/>
          </Data>
          <Data name="Address">
            <value>2826 N Lincoln Ave, Chicago, IL 60657</value>
          </Data>
        </ExtendedData>
      </Placemark>
      <Placemark>
        <name>Crisp</name>
        <address>2940 N Broadway, Chicago, IL 60657</address>
        <description><![CDATA[Type: Restaurant<br>Neighborhood: Lakeview<br>Reviews: try korean fried chicken<br>rec'd by multiple people<br>Address: 2940 N Broadway, Chicago, IL 60657]]></description>
        <styleUrl>#icon-1899-01579B</styleUrl>
        <ExtendedData>
          <Data name="Type">
            <value>Restaurant</value>
          </Data>
          <Data name="Neighborhood">
            <value>Lakeview</value>
          </Data>
          <Data name="Reviews">
            <value><![CDATA[try korean fried chicken
rec'd by multiple people]]></value>
          </Data>
          <Data name="Address">
            <value>2940 N Broadway, Chicago, IL 60657</value>
          </Data>
        </ExtendedData>
      </Placemark>
      <Placemark>
        <name><![CDATA[Golden Apple Grille & Breakfast House]]></name>
        <address>2971 N Lincoln Ave, Chicago, IL 60657</address>
        <description><![CDATA[Type: Restaurant<br>Neighborhood: Lakeview<br>Reviews: <br>Address: 2971 N Lincoln Ave, Chicago, IL 60657]]></description>
        <styleUrl>#icon-1899-01579B</styleUrl>
        <ExtendedData>
          <Data name="Type">
            <value>Restaurant</value>
          </Data>
          <Data name="Neighborhood">
            <value>Lakeview</value>
          </Data>
          <Data name="Reviews">
            <value/>
          </Data>
          <Data name="Address">
            <value>2971 N Lincoln Ave, Chicago, IL 60657</value>
          </Data>
        </ExtendedData>
      </Placemark>
      <Placemark>
        <name>Mia Francesca</name>
        <address>3311 N Clark St, Chicago, IL 60657</address>
        <description><![CDATA[Type: Restaurant<br>Neighborhood: Lakeview<br>Reviews: <br>Address: 3311 N Clark St, Chicago, IL 60657]]></description>
        <styleUrl>#icon-1899-01579B</styleUrl>
        <ExtendedData>
          <Data name="Type">
            <value>Restaurant</value>
          </Data>
          <Data name="Neighborhood">
            <value>Lakeview</value>
          </Data>
          <Data name="Reviews">
            <value/>
          </Data>
          <Data name="Address">
            <value>3311 N Clark St, Chicago, IL 60657</value>
          </Data>
        </ExtendedData>
      </Placemark>
      <Placemark>
        <name>Que Rico</name>
        <address>2814 N Southport Ave, Chicago, IL 60657</address>
        <description><![CDATA[Type: Restaurant<br>Neighborhood: Lakeview<br>Reviews: <br>Address: 2814 N Southport Ave, Chicago, IL 60657]]></description>
        <styleUrl>#icon-1899-01579B</styleUrl>
        <ExtendedData>
          <Data name="Type">
            <value>Restaurant</value>
          </Data>
          <Data name="Neighborhood">
            <value>Lakeview</value>
          </Data>
          <Data name="Reviews">
            <value/>
          </Data>
          <Data name="Address">
            <value>2814 N Southport Ave, Chicago, IL 60657</value>
          </Data>
        </ExtendedData>
      </Placemark>
      <Placemark>
        <name>Sunset Pho</name>
        <address>2856 N Clark St, Chicago, IL 60657</address>
        <description><![CDATA[Type: Restaurant<br>Neighborhood: Lakeview<br>Reviews: viet food<br>Address: 2856 N Clark St, Chicago, IL 60657]]></description>
        <styleUrl>#icon-1899-01579B</styleUrl>
        <ExtendedData>
          <Data name="Type">
            <value>Restaurant</value>
          </Data>
          <Data name="Neighborhood">
            <value>Lakeview</value>
          </Data>
          <Data name="Reviews">
            <value>viet food</value>
          </Data>
          <Data name="Address">
            <value>2856 N Clark St, Chicago, IL 60657</value>
          </Data>
        </ExtendedData>
      </Placemark>
      <Placemark>
        <name><![CDATA[Tanuki Sushi & Grill]]></name>
        <address>3006 N Sheffield Ave, Chicago, IL 60657</address>
        <description><![CDATA[Type: Restaurant<br>Neighborhood: Lakeview<br>Reviews: <br>Address: 3006 N Sheffield Ave, Chicago, IL 60657]]></description>
        <styleUrl>#icon-1899-01579B</styleUrl>
        <ExtendedData>
          <Data name="Type">
            <value>Restaurant</value>
          </Data>
          <Data name="Neighborhood">
            <value>Lakeview</value>
          </Data>
          <Data name="Reviews">
            <value/>
          </Data>
          <Data name="Address">
            <value>3006 N Sheffield Ave, Chicago, IL 60657</value>
          </Data>
        </ExtendedData>
      </Placemark>
      <Placemark>
        <name>The Slice Shop</name>
        <address>928 W Belmont Ave, Chicago, IL 60657</address>
        <description><![CDATA[Type: Restaurant<br>Neighborhood: Lakeview<br>Reviews: <br>Address: 928 W Belmont Ave, Chicago, IL 60657]]></description>
        <styleUrl>#icon-1899-01579B</styleUrl>
        <ExtendedData>
          <Data name="Type">
            <value>Restaurant</value>
          </Data>
          <Data name="Neighborhood">
            <value>Lakeview</value>
          </Data>
          <Data name="Reviews">
            <value/>
          </Data>
          <Data name="Address">
            <value>928 W Belmont Ave, Chicago, IL 60657</value>
          </Data>
        </ExtendedData>
      </Placemark>
      <Placemark>
        <name><![CDATA[Tuco & Blondie]]></name>
        <address>3358 N Southport Ave, Chicago, IL 60657</address>
        <description><![CDATA[Type: Restaurant<br>Neighborhood: Lakeview<br>Reviews: <br>Address: 3358 N Southport Ave, Chicago, IL 60657]]></description>
        <styleUrl>#icon-1899-01579B</styleUrl>
        <ExtendedData>
          <Data name="Type">
            <value>Restaurant</value>
          </Data>
          <Data name="Neighborhood">
            <value>Lakeview</value>
          </Data>
          <Data name="Reviews">
            <value/>
          </Data>
          <Data name="Address">
            <value>3358 N Southport Ave, Chicago, IL 60657</value>
          </Data>
        </ExtendedData>
      </Placemark>
      <Placemark>
        <name>Tuk Tuk Thai Isan Street Food</name>
        <address>2852 N Clark St, Chicago, IL 60657</address>
        <description><![CDATA[Type: Restaurant<br>Neighborhood: Lakeview<br>Reviews: Carb ragoons, green curry, pad see ew, pad kee mao<br>Address: 2852 N Clark St, Chicago, IL 60657]]></description>
        <styleUrl>#icon-1899-01579B</styleUrl>
        <ExtendedData>
          <Data name="Type">
            <value>Restaurant</value>
          </Data>
          <Data name="Neighborhood">
            <value>Lakeview</value>
          </Data>
          <Data name="Reviews">
            <value>Carb ragoons, green curry, pad see ew, pad kee mao</value>
          </Data>
          <Data name="Address">
            <value>2852 N Clark St, Chicago, IL 60657</value>
          </Data>
        </ExtendedData>
      </Placemark>
      <Placemark>
        <name><![CDATA[Delilah's]]></name>
        <address>2771 N Lincoln Ave, Chicago, IL 60614</address>
        <description><![CDATA[Type: Bar<br>Neighborhood: Lincoln Park<br>Reviews: billards, pinball, $1 beer Mondays!<br>rec'd by multiple people<br>Address: 2771 N Lincoln Ave, Chicago, IL 60614]]></description>
        <styleUrl>#icon-1899-FFEA00</styleUrl>
        <ExtendedData>
          <Data name="Type">
            <value>Bar</value>
          </Data>
          <Data name="Neighborhood">
            <value>Lincoln Park</value>
          </Data>
          <Data name="Reviews">
            <value><![CDATA[billards, pinball, $1 beer Mondays!
rec'd by multiple people]]></value>
          </Data>
          <Data name="Address">
            <value>2771 N Lincoln Ave, Chicago, IL 60614</value>
          </Data>
        </ExtendedData>
      </Placemark>
      <Placemark>
        <name>Galway Bay</name>
        <address>500 W Diversey Pkwy, Chicago, IL 60614</address>
        <description><![CDATA[Type: Bar<br>Neighborhood: Lincoln Park<br>Reviews: bilards, darts, free popcorn<br>Address: 500 W Diversey Pkwy, Chicago, IL 60614]]></description>
        <styleUrl>#icon-1899-FFEA00</styleUrl>
        <ExtendedData>
          <Data name="Type">
            <value>Bar</value>
          </Data>
          <Data name="Neighborhood">
            <value>Lincoln Park</value>
          </Data>
          <Data name="Reviews">
            <value>bilards, darts, free popcorn</value>
          </Data>
          <Data name="Address">
            <value>500 W Diversey Pkwy, Chicago, IL 60614</value>
          </Data>
        </ExtendedData>
      </Placemark>
      <Placemark>
        <name>Kibbitznest</name>
        <address>2212 N Clybourn Ave, Chicago, IL 60614</address>
        <description><![CDATA[Type: Bar<br>Neighborhood: Lincoln Park<br>Reviews: board game and reading cafe<br>has alc too<br>foosball table hidden in back<br>rec'd by multiple people<br>Address: 2212 N Clybourn Ave, Chicago, IL 60614]]></description>
        <styleUrl>#icon-1899-FFEA00</styleUrl>
        <ExtendedData>
          <Data name="Type">
            <value>Bar</value>
          </Data>
          <Data name="Neighborhood">
            <value>Lincoln Park</value>
          </Data>
          <Data name="Reviews">
            <value><![CDATA[board game and reading cafe
has alc too
foosball table hidden in back
rec'd by multiple people]]></value>
          </Data>
          <Data name="Address">
            <value>2212 N Clybourn Ave, Chicago, IL 60614</value>
          </Data>
        </ExtendedData>
      </Placemark>
      <Placemark>
        <name>Shore Club</name>
        <address>1603 N Lake Shore Drive, Chicago, IL 60614</address>
        <description><![CDATA[Type: Bar<br>Neighborhood: Lincoln Park<br>Reviews: On North Ave Beach<br>rec'd by multiple people<br>Address: 1603 N Lake Shore Drive, Chicago, IL 60614]]></description>
        <styleUrl>#icon-1899-FFEA00</styleUrl>
        <ExtendedData>
          <Data name="Type">
            <value>Bar</value>
          </Data>
          <Data name="Neighborhood">
            <value>Lincoln Park</value>
          </Data>
          <Data name="Reviews">
            <value><![CDATA[On North Ave Beach
rec'd by multiple people]]></value>
          </Data>
          <Data name="Address">
            <value>1603 N Lake Shore Drive, Chicago, IL 60614</value>
          </Data>
        </ExtendedData>
      </Placemark>
      <Placemark>
        <name>The Dime</name>
        <address>2263 N Lincoln Ave, Chicago, IL 60614</address>
        <description><![CDATA[Type: Bar<br>Neighborhood: Lincoln Park<br>Reviews: rec'd by multiple people<br>Address: 2263 N Lincoln Ave, Chicago, IL 60614]]></description>
        <styleUrl>#icon-1899-FFEA00</styleUrl>
        <ExtendedData>
          <Data name="Type">
            <value>Bar</value>
          </Data>
          <Data name="Neighborhood">
            <value>Lincoln Park</value>
          </Data>
          <Data name="Reviews">
            <value><![CDATA[rec'd by multiple people]]></value>
          </Data>
          <Data name="Address">
            <value>2263 N Lincoln Ave, Chicago, IL 60614</value>
          </Data>
        </ExtendedData>
      </Placemark>
      <Placemark>
        <name>The Red Lion Pub</name>
        <address>2446 N Lincoln Ave, Chicago, IL 60614</address>
        <description><![CDATA[Type: Bar<br>Neighborhood: Lincoln Park<br>Reviews: Bristish-style pub w books and WW2 memorabilia<br>Address: 2446 N Lincoln Ave, Chicago, IL 60614]]></description>
        <styleUrl>#icon-1899-FFEA00</styleUrl>
        <ExtendedData>
          <Data name="Type">
            <value>Bar</value>
          </Data>
          <Data name="Neighborhood">
            <value>Lincoln Park</value>
          </Data>
          <Data name="Reviews">
            <value>Bristish-style pub w books and WW2 memorabilia</value>
          </Data>
          <Data name="Address">
            <value>2446 N Lincoln Ave, Chicago, IL 60614</value>
          </Data>
        </ExtendedData>
      </Placemark>
      <Placemark>
        <name>Tin Lizzie</name>
        <address>2483 N Clark St, Chicago, IL 60614</address>
        <description><![CDATA[Type: Bar<br>Neighborhood: Lincoln Park<br>Reviews: <br>Address: 2483 N Clark St, Chicago, IL 60614]]></description>
        <styleUrl>#icon-1899-FFEA00</styleUrl>
        <ExtendedData>
          <Data name="Type">
            <value>Bar</value>
          </Data>
          <Data name="Neighborhood">
            <value>Lincoln Park</value>
          </Data>
          <Data name="Reviews">
            <value/>
          </Data>
          <Data name="Address">
            <value>2483 N Clark St, Chicago, IL 60614</value>
          </Data>
        </ExtendedData>
      </Placemark>
      <Placemark>
        <name>North Avenue Beach</name>
        <address>1603 N Lake Shore Dr, Chicago, IL 60613</address>
        <description><![CDATA[Type: Beach<br>Neighborhood: Lincoln Park<br>Reviews: <br>Address: 1603 N Lake Shore Dr, Chicago, IL 60613]]></description>
        <styleUrl>#icon-1899-FFEA00</styleUrl>
        <ExtendedData>
          <Data name="Type">
            <value>Beach</value>
          </Data>
          <Data name="Neighborhood">
            <value>Lincoln Park</value>
          </Data>
          <Data name="Reviews">
            <value/>
          </Data>
          <Data name="Address">
            <value>1603 N Lake Shore Dr, Chicago, IL 60613</value>
          </Data>
        </ExtendedData>
      </Placemark>
      <Placemark>
        <name><![CDATA[Batter & Berries]]></name>
        <address>2748 N Lincoln Ave, Chicago, IL 60614</address>
        <description><![CDATA[Type: Brunch<br>Neighborhood: Lincoln Park<br>Reviews: rec'd by multiple people<br>Get french toast flight<br>Address: 2748 N Lincoln Ave, Chicago, IL 60614]]></description>
        <styleUrl>#icon-1899-FFEA00</styleUrl>
        <ExtendedData>
          <Data name="Type">
            <value>Brunch</value>
          </Data>
          <Data name="Neighborhood">
            <value>Lincoln Park</value>
          </Data>
          <Data name="Reviews">
            <value><![CDATA[rec'd by multiple people
Get french toast flight]]></value>
          </Data>
          <Data name="Address">
            <value>2748 N Lincoln Ave, Chicago, IL 60614</value>
          </Data>
        </ExtendedData>
      </Placemark>
      <Placemark>
        <name><![CDATA[Jam & Honey]]></name>
        <address>958 W Webster Ave, Chicago, IL 60614</address>
        <description><![CDATA[Type: Brunch<br>Neighborhood: Lincoln Park<br>Reviews: <br>Address: 958 W Webster Ave, Chicago, IL 60614]]></description>
        <styleUrl>#icon-1899-FFEA00</styleUrl>
        <ExtendedData>
          <Data name="Type">
            <value>Brunch</value>
          </Data>
          <Data name="Neighborhood">
            <value>Lincoln Park</value>
          </Data>
          <Data name="Reviews">
            <value/>
          </Data>
          <Data name="Address">
            <value>958 W Webster Ave, Chicago, IL 60614</value>
          </Data>
        </ExtendedData>
      </Placemark>
      <Placemark>
        <name>The Brunchery</name>
        <address>2552 N Clark St, Chicago, IL 60614</address>
        <description><![CDATA[Type: Brunch<br>Neighborhood: Lincoln Park<br>Reviews: <br>Address: 2552 N Clark St, Chicago, IL 60614]]></description>
        <styleUrl>#icon-1899-FFEA00</styleUrl>
        <ExtendedData>
          <Data name="Type">
            <value>Brunch</value>
          </Data>
          <Data name="Neighborhood">
            <value>Lincoln Park</value>
          </Data>
          <Data name="Reviews">
            <value/>
          </Data>
          <Data name="Address">
            <value>2552 N Clark St, Chicago, IL 60614</value>
          </Data>
        </ExtendedData>
      </Placemark>
      <Placemark>
        <name>Bourgeois Pig Cafe</name>
        <address>738 W Fullerton Ave, Chicago, IL 60614</address>
        <description><![CDATA[Type: Cafe<br>Neighborhood: Lincoln Park<br>Reviews: sandwiches & tea in an old row house setting<br>Address: 738 W Fullerton Ave, Chicago, IL 60614]]></description>
        <styleUrl>#icon-1899-FFEA00</styleUrl>
        <ExtendedData>
          <Data name="Type">
            <value>Cafe</value>
          </Data>
          <Data name="Neighborhood">
            <value>Lincoln Park</value>
          </Data>
          <Data name="Reviews">
            <value><![CDATA[sandwiches & tea in an old row house setting]]></value>
          </Data>
          <Data name="Address">
            <value>738 W Fullerton Ave, Chicago, IL 60614</value>
          </Data>
        </ExtendedData>
      </Placemark>
      <Placemark>
        <name>Olor Coffee</name>
        <address>1013 W Webster Ave, Chicago, IL 60614</address>
        <description><![CDATA[Type: Cafe<br>Neighborhood: Lincoln Park<br>Reviews: <br>Address: 1013 W Webster Ave, Chicago, IL 60614]]></description>
        <styleUrl>#icon-1899-FFEA00</styleUrl>
        <ExtendedData>
          <Data name="Type">
            <value>Cafe</value>
          </Data>
          <Data name="Neighborhood">
            <value>Lincoln Park</value>
          </Data>
          <Data name="Reviews">
            <value/>
          </Data>
          <Data name="Address">
            <value>1013 W Webster Ave, Chicago, IL 60614</value>
          </Data>
        </ExtendedData>
      </Placemark>
      <Placemark>
        <name>Kingston Mines</name>
        <address>2548 N Halsted St, Chicago, IL 60614</address>
        <description><![CDATA[Type: Club<br>Neighborhood: Lincoln Park<br>Reviews: Live music, blues club, open til 4am fri+sat<br>rec'd by multiple people, Marissa too<br>Address: 2548 N Halsted St, Chicago, IL 60614]]></description>
        <styleUrl>#icon-1899-FFEA00</styleUrl>
        <ExtendedData>
          <Data name="Type">
            <value>Club</value>
          </Data>
          <Data name="Neighborhood">
            <value>Lincoln Park</value>
          </Data>
          <Data name="Reviews">
            <value><![CDATA[Live music, blues club, open til 4am fri+sat
rec'd by multiple people, Marissa too]]></value>
          </Data>
          <Data name="Address">
            <value>2548 N Halsted St, Chicago, IL 60614</value>
          </Data>
        </ExtendedData>
      </Placemark>
      <Placemark>
        <name>Elks National Foundation</name>
        <address>2750 N Lakeview Ave, Chicago, IL 60614</address>
        <description><![CDATA[Type: Landmark<br>Neighborhood: Lincoln Park<br>Reviews: <br>Address: 2750 N Lakeview Ave, Chicago, IL 60614]]></description>
        <styleUrl>#icon-1899-FFEA00</styleUrl>
        <ExtendedData>
          <Data name="Type">
            <value>Landmark</value>
          </Data>
          <Data name="Neighborhood">
            <value>Lincoln Park</value>
          </Data>
          <Data name="Reviews">
            <value/>
          </Data>
          <Data name="Address">
            <value>2750 N Lakeview Ave, Chicago, IL 60614</value>
          </Data>
        </ExtendedData>
      </Placemark>
      <Placemark>
        <name>Lincoln Park Zoo</name>
        <address>2001 N Clark St, Chicago, IL 60614</address>
        <description><![CDATA[Type: Park<br>Neighborhood: Lincoln Park<br>Reviews: Free!<br>Go to conservatory<br>Go to Zoolights in winter<br>Address: 2001 N Clark St, Chicago, IL 60614]]></description>
        <styleUrl>#icon-1899-FFEA00</styleUrl>
        <ExtendedData>
          <Data name="Type">
            <value>Park</value>
          </Data>
          <Data name="Neighborhood">
            <value>Lincoln Park</value>
          </Data>
          <Data name="Reviews">
            <value>Free!
Go to conservatory
Go to Zoolights in winter</value>
          </Data>
          <Data name="Address">
            <value>2001 N Clark St, Chicago, IL 60614</value>
          </Data>
        </ExtendedData>
      </Placemark>
      <Placemark>
        <name>2AM Izakaya</name>
        <address>2218 N Lincoln Ave, Chicago, IL 60614</address>
        <description><![CDATA[Type: Restaurant<br>Neighborhood: Lincoln Park<br>Reviews: get skewers, open til 2am<br>Address: 2218 N Lincoln Ave, Chicago, IL 60614]]></description>
        <styleUrl>#icon-1899-FFEA00</styleUrl>
        <ExtendedData>
          <Data name="Type">
            <value>Restaurant</value>
          </Data>
          <Data name="Neighborhood">
            <value>Lincoln Park</value>
          </Data>
          <Data name="Reviews">
            <value>get skewers, open til 2am</value>
          </Data>
          <Data name="Address">
            <value>2218 N Lincoln Ave, Chicago, IL 60614</value>
          </Data>
        </ExtendedData>
      </Placemark>
      <Placemark>
        <name>Armitage Alehouse</name>
        <address>1000 W Armitage Ave, Chicago, IL 60614</address>
        <description><![CDATA[Type: Restaurant<br>Neighborhood: Lincoln Park<br>Reviews: <br>Address: 1000 W Armitage Ave, Chicago, IL 60614]]></description>
        <styleUrl>#icon-1899-FFEA00</styleUrl>
        <ExtendedData>
          <Data name="Type">
            <value>Restaurant</value>
          </Data>
          <Data name="Neighborhood">
            <value>Lincoln Park</value>
          </Data>
          <Data name="Reviews">
            <value/>
          </Data>
          <Data name="Address">
            <value>1000 W Armitage Ave, Chicago, IL 60614</value>
          </Data>
        </ExtendedData>
      </Placemark>
      <Placemark>
        <name><![CDATA[Blue Sushi Sake & Grill]]></name>
        <address>2351 N Lincoln Ave, Chicago, IL 60614</address>
        <description><![CDATA[Type: Restaurant<br>Neighborhood: Lincoln Park<br>Reviews: <br>Address: 2351 N Lincoln Ave, Chicago, IL 60614]]></description>
        <styleUrl>#icon-1899-FFEA00</styleUrl>
        <ExtendedData>
          <Data name="Type">
            <value>Restaurant</value>
          </Data>
          <Data name="Neighborhood">
            <value>Lincoln Park</value>
          </Data>
          <Data name="Reviews">
            <value/>
          </Data>
          <Data name="Address">
            <value>2351 N Lincoln Ave, Chicago, IL 60614</value>
          </Data>
        </ExtendedData>
      </Placemark>
      <Placemark>
        <name>Cafe Ba-Ba-Reeba</name>
        <address>2024 N Halsted St, Chicago, IL 60614</address>
        <description><![CDATA[Type: Restaurant<br>Neighborhood: Lincoln Park<br>Reviews: <br>Address: 2024 N Halsted St, Chicago, IL 60614]]></description>
        <styleUrl>#icon-1899-FFEA00</styleUrl>
        <ExtendedData>
          <Data name="Type">
            <value>Restaurant</value>
          </Data>
          <Data name="Neighborhood">
            <value>Lincoln Park</value>
          </Data>
          <Data name="Reviews">
            <value/>
          </Data>
          <Data name="Address">
            <value>2024 N Halsted St, Chicago, IL 60614</value>
          </Data>
        </ExtendedData>
      </Placemark>
      <Placemark>
        <name>Chengdu Impression</name>
        <address>2545 N Halsted St, Chicago, IL 60614</address>
        <description><![CDATA[Type: Restaurant<br>Neighborhood: Lincoln Park<br>Reviews: <br>Address: 2545 N Halsted St, Chicago, IL 60614]]></description>
        <styleUrl>#icon-1899-FFEA00</styleUrl>
        <ExtendedData>
          <Data name="Type">
            <value>Restaurant</value>
          </Data>
          <Data name="Neighborhood">
            <value>Lincoln Park</value>
          </Data>
          <Data name="Reviews">
            <value/>
          </Data>
          <Data name="Address">
            <value>2545 N Halsted St, Chicago, IL 60614</value>
          </Data>
        </ExtendedData>
      </Placemark>
      <Placemark>
        <name>Evette’s</name>
        <address>350 W Armitage Ave, Chicago, IL 60614</address>
        <description><![CDATA[Type: Restaurant<br>Neighborhood: Lincoln Park<br>Reviews: <br>Address: 350 W Armitage Ave, Chicago, IL 60614]]></description>
        <styleUrl>#icon-1899-FFEA00</styleUrl>
        <ExtendedData>
          <Data name="Type">
            <value>Restaurant</value>
          </Data>
          <Data name="Neighborhood">
            <value>Lincoln Park</value>
          </Data>
          <Data name="Reviews">
            <value/>
          </Data>
          <Data name="Address">
            <value>350 W Armitage Ave, Chicago, IL 60614</value>
          </Data>
        </ExtendedData>
      </Placemark>
      <Placemark>
        <name>Firefly Burger</name>
        <address>2412 N Lincoln Ave, Chicago, IL 60614</address>
        <description><![CDATA[Type: Restaurant<br>Neighborhood: Lincoln Park<br>Reviews: <br>Address: 2412 N Lincoln Ave, Chicago, IL 60614]]></description>
        <styleUrl>#icon-1899-FFEA00</styleUrl>
        <ExtendedData>
          <Data name="Type">
            <value>Restaurant</value>
          </Data>
          <Data name="Neighborhood">
            <value>Lincoln Park</value>
          </Data>
          <Data name="Reviews">
            <value/>
          </Data>
          <Data name="Address">
            <value>2412 N Lincoln Ave, Chicago, IL 60614</value>
          </Data>
        </ExtendedData>
      </Placemark>
      <Placemark>
        <name>Galit</name>
        <address>2429 N Lincoln Ave, Chicago, IL 60614</address>
        <description><![CDATA[Type: Restaurant<br>Neighborhood: Lincoln Park<br>Reviews: <br>Address: 2429 N Lincoln Ave, Chicago, IL 60614]]></description>
        <styleUrl>#icon-1899-FFEA00</styleUrl>
        <ExtendedData>
          <Data name="Type">
            <value>Restaurant</value>
          </Data>
          <Data name="Neighborhood">
            <value>Lincoln Park</value>
          </Data>
          <Data name="Reviews">
            <value/>
          </Data>
          <Data name="Address">
            <value>2429 N Lincoln Ave, Chicago, IL 60614</value>
          </Data>
        </ExtendedData>
      </Placemark>
      <Placemark>
        <name>Homeslice Pizza</name>
        <address>938 W Webster Ave, Chicago, IL 60614</address>
        <description><![CDATA[Type: Restaurant<br>Neighborhood: Lincoln Park<br>Reviews: <br>Address: 938 W Webster Ave, Chicago, IL 60614]]></description>
        <styleUrl>#icon-1899-FFEA00</styleUrl>
        <ExtendedData>
          <Data name="Type">
            <value>Restaurant</value>
          </Data>
          <Data name="Neighborhood">
            <value>Lincoln Park</value>
          </Data>
          <Data name="Reviews">
            <value/>
          </Data>
          <Data name="Address">
            <value>938 W Webster Ave, Chicago, IL 60614</value>
          </Data>
        </ExtendedData>
      </Placemark>
      <Placemark>
        <name>Kala</name>
        <address>2523 N Clark St, Chicago, IL 60614</address>
        <description><![CDATA[Type: Restaurant<br>Neighborhood: Lincoln Park<br>Reviews: <br>Address: 2523 N Clark St, Chicago, IL 60614]]></description>
        <styleUrl>#icon-1899-FFEA00</styleUrl>
        <ExtendedData>
          <Data name="Type">
            <value>Restaurant</value>
          </Data>
          <Data name="Neighborhood">
            <value>Lincoln Park</value>
          </Data>
          <Data name="Reviews">
            <value/>
          </Data>
          <Data name="Address">
            <value>2523 N Clark St, Chicago, IL 60614</value>
          </Data>
        </ExtendedData>
      </Placemark>
      <Placemark>
        <name>Kapitan</name>
        <address>2142 N Clybourn Ave, Chicago, IL 60614</address>
        <description><![CDATA[Type: Restaurant<br>Neighborhood: Lincoln Park<br>Reviews: malaysian restaurant<br>Address: 2142 N Clybourn Ave, Chicago, IL 60614]]></description>
        <styleUrl>#icon-1899-FFEA00</styleUrl>
        <ExtendedData>
          <Data name="Type">
            <value>Restaurant</value>
          </Data>
          <Data name="Neighborhood">
            <value>Lincoln Park</value>
          </Data>
          <Data name="Reviews">
            <value>malaysian restaurant</value>
          </Data>
          <Data name="Address">
            <value>2142 N Clybourn Ave, Chicago, IL 60614</value>
          </Data>
        </ExtendedData>
      </Placemark>
      <Placemark>
        <name>Mazala Pizza</name>
        <address>2312 N Lincoln Ave, Chicago, IL 60614</address>
        <description><![CDATA[Type: Restaurant<br>Neighborhood: Lincoln Park<br>Reviews: <br>Address: 2312 N Lincoln Ave, Chicago, IL 60614]]></description>
        <styleUrl>#icon-1899-FFEA00</styleUrl>
        <ExtendedData>
          <Data name="Type">
            <value>Restaurant</value>
          </Data>
          <Data name="Neighborhood">
            <value>Lincoln Park</value>
          </Data>
          <Data name="Reviews">
            <value/>
          </Data>
          <Data name="Address">
            <value>2312 N Lincoln Ave, Chicago, IL 60614</value>
          </Data>
        </ExtendedData>
      </Placemark>
      <Placemark>
        <name>Medi</name>
        <address>2138 N Halsted St, Chicago, IL 60614</address>
        <description><![CDATA[Type: Restaurant<br>Neighborhood: Lincoln Park<br>Reviews: <br>Address: 2138 N Halsted St, Chicago, IL 60614]]></description>
        <styleUrl>#icon-1899-FFEA00</styleUrl>
        <ExtendedData>
          <Data name="Type">
            <value>Restaurant</value>
          </Data>
          <Data name="Neighborhood">
            <value>Lincoln Park</value>
          </Data>
          <Data name="Reviews">
            <value/>
          </Data>
          <Data name="Address">
            <value>2138 N Halsted St, Chicago, IL 60614</value>
          </Data>
        </ExtendedData>
      </Placemark>
      <Placemark>
        <name><![CDATA[Peaquod's Pizza]]></name>
        <address>2207 N Clybourn Ave, Chicago, IL 60614</address>
        <description><![CDATA[Type: Restaurant<br>Neighborhood: Lincoln Park<br>Reviews: Chicago staple<br>Address: 2207 N Clybourn Ave, Chicago, IL 60614]]></description>
        <styleUrl>#icon-1899-FFEA00</styleUrl>
        <ExtendedData>
          <Data name="Type">
            <value>Restaurant</value>
          </Data>
          <Data name="Neighborhood">
            <value>Lincoln Park</value>
          </Data>
          <Data name="Reviews">
            <value>Chicago staple</value>
          </Data>
          <Data name="Address">
            <value>2207 N Clybourn Ave, Chicago, IL 60614</value>
          </Data>
        </ExtendedData>
      </Placemark>
      <Placemark>
        <name>Ranalli’s Pizza</name>
        <address>1925 N Lincoln Ave, Chicago, IL 60614</address>
        <description><![CDATA[Type: Restaurant<br>Neighborhood: Lincoln Park<br>Reviews: <br>Address: 1925 N Lincoln Ave, Chicago, IL 60614]]></description>
        <styleUrl>#icon-1899-FFEA00</styleUrl>
        <ExtendedData>
          <Data name="Type">
            <value>Restaurant</value>
          </Data>
          <Data name="Neighborhood">
            <value>Lincoln Park</value>
          </Data>
          <Data name="Reviews">
            <value/>
          </Data>
          <Data name="Address">
            <value>1925 N Lincoln Ave, Chicago, IL 60614</value>
          </Data>
        </ExtendedData>
      </Placemark>
      <Placemark>
        <name>Sai Cafe</name>
        <address>1114 W Armitage Ave, Chicago, IL 60614</address>
        <description><![CDATA[Type: Restaurant<br>Neighborhood: Lincoln Park<br>Reviews: <br>Address: 1114 W Armitage Ave, Chicago, IL 60614]]></description>
        <styleUrl>#icon-1899-FFEA00</styleUrl>
        <ExtendedData>
          <Data name="Type">
            <value>Restaurant</value>
          </Data>
          <Data name="Neighborhood">
            <value>Lincoln Park</value>
          </Data>
          <Data name="Reviews">
            <value/>
          </Data>
          <Data name="Address">
            <value>1114 W Armitage Ave, Chicago, IL 60614</value>
          </Data>
        </ExtendedData>
      </Placemark>
      <Placemark>
        <name>Sapori Trattoria</name>
        <address>2701 N Halsted St, Chicago, IL 60614</address>
        <description><![CDATA[Type: Restaurant<br>Neighborhood: Lincoln Park<br>Reviews: <br>Address: 2701 N Halsted St, Chicago, IL 60614]]></description>
        <styleUrl>#icon-1899-FFEA00</styleUrl>
        <ExtendedData>
          <Data name="Type">
            <value>Restaurant</value>
          </Data>
          <Data name="Neighborhood">
            <value>Lincoln Park</value>
          </Data>
          <Data name="Reviews">
            <value/>
          </Data>
          <Data name="Address">
            <value>2701 N Halsted St, Chicago, IL 60614</value>
          </Data>
        </ExtendedData>
      </Placemark>
      <Placemark>
        <name>Summer House Santa Monica</name>
        <address>1954 N Halsted St, Chicago, IL 60614</address>
        <description><![CDATA[Type: Restaurant<br>Neighborhood: Lincoln Park<br>Reviews: $5 wine, $10 bottomless fries during happy hr<br>Address: 1954 N Halsted St, Chicago, IL 60614]]></description>
        <styleUrl>#icon-1899-FFEA00</styleUrl>
        <ExtendedData>
          <Data name="Type">
            <value>Restaurant</value>
          </Data>
          <Data name="Neighborhood">
            <value>Lincoln Park</value>
          </Data>
          <Data name="Reviews">
            <value>$5 wine, $10 bottomless fries during happy hr</value>
          </Data>
          <Data name="Address">
            <value>1954 N Halsted St, Chicago, IL 60614</value>
          </Data>
        </ExtendedData>
      </Placemark>
      <Placemark>
        <name>Sushi Taku</name>
        <address>935 W Webster Ave, Chicago, IL 60614</address>
        <description><![CDATA[Type: Restaurant<br>Neighborhood: Lincoln Park<br>Reviews: <br>Address: 935 W Webster Ave, Chicago, IL 60614]]></description>
        <styleUrl>#icon-1899-FFEA00</styleUrl>
        <ExtendedData>
          <Data name="Type">
            <value>Restaurant</value>
          </Data>
          <Data name="Neighborhood">
            <value>Lincoln Park</value>
          </Data>
          <Data name="Reviews">
            <value/>
          </Data>
          <Data name="Address">
            <value>935 W Webster Ave, Chicago, IL 60614</value>
          </Data>
        </ExtendedData>
      </Placemark>
      <Placemark>
        <name>Tanaka Ramen</name>
        <address>553 W Diversey Pkwy, Chicago, IL 60614</address>
        <description><![CDATA[Type: Restaurant<br>Neighborhood: Lincoln Park<br>Reviews: <br>Address: 553 W Diversey Pkwy, Chicago, IL 60614]]></description>
        <styleUrl>#icon-1899-FFEA00</styleUrl>
        <ExtendedData>
          <Data name="Type">
            <value>Restaurant</value>
          </Data>
          <Data name="Neighborhood">
            <value>Lincoln Park</value>
          </Data>
          <Data name="Reviews">
            <value/>
          </Data>
          <Data name="Address">
            <value>553 W Diversey Pkwy, Chicago, IL 60614</value>
          </Data>
        </ExtendedData>
      </Placemark>
      <Placemark>
        <name><![CDATA[Weiner's Circle]]></name>
        <address>2622 N Clark St, Chicago, IL 60614</address>
        <description><![CDATA[Type: Restaurant<br>Neighborhood: Lincoln Park<br>Reviews: Chicago staple<br>Address: 2622 N Clark St, Chicago, IL 60614]]></description>
        <styleUrl>#icon-1899-FFEA00</styleUrl>
        <ExtendedData>
          <Data name="Type">
            <value>Restaurant</value>
          </Data>
          <Data name="Neighborhood">
            <value>Lincoln Park</value>
          </Data>
          <Data name="Reviews">
            <value>Chicago staple</value>
          </Data>
          <Data name="Address">
            <value>2622 N Clark St, Chicago, IL 60614</value>
          </Data>
        </ExtendedData>
      </Placemark>
      <Placemark>
        <name>Yaya Mas Greek Kuzina</name>
        <address>1755 N Sheffield Ave, Chicago, IL 60614</address>
        <description><![CDATA[Type: Restaurant<br>Neighborhood: Lincoln Park<br>Reviews: Best chicken souvlaki<br>Address: 1755 N Sheffield Ave, Chicago, IL 60614]]></description>
        <styleUrl>#icon-1899-FFEA00</styleUrl>
        <ExtendedData>
          <Data name="Type">
            <value>Restaurant</value>
          </Data>
          <Data name="Neighborhood">
            <value>Lincoln Park</value>
          </Data>
          <Data name="Reviews">
            <value>Best chicken souvlaki</value>
          </Data>
          <Data name="Address">
            <value>1755 N Sheffield Ave, Chicago, IL 60614</value>
          </Data>
        </ExtendedData>
      </Placemark>
      <Placemark>
        <name>Blue Door Farm Stand</name>
        <address>2010 N Halsted St, Chicago, IL 60614</address>
        <description><![CDATA[Type: Snack<br>Neighborhood: Lincoln Park<br>Reviews: <br>Address: 2010 N Halsted St, Chicago, IL 60614]]></description>
        <styleUrl>#icon-1899-FFEA00</styleUrl>
        <ExtendedData>
          <Data name="Type">
            <value>Snack</value>
          </Data>
          <Data name="Neighborhood">
            <value>Lincoln Park</value>
          </Data>
          <Data name="Reviews">
            <value/>
          </Data>
          <Data name="Address">
            <value>2010 N Halsted St, Chicago, IL 60614</value>
          </Data>
        </ExtendedData>
      </Placemark>
      <Placemark>
        <name><![CDATA[Sweet Mandy B's]]></name>
        <address>1208 W Webster Ave, Chicago, IL 60614</address>
        <description><![CDATA[Type: Snack<br>Neighborhood: Lincoln Park<br>Reviews: <br>Address: 1208 W Webster Ave, Chicago, IL 60614]]></description>
        <styleUrl>#icon-1899-FFEA00</styleUrl>
        <ExtendedData>
          <Data name="Type">
            <value>Snack</value>
          </Data>
          <Data name="Neighborhood">
            <value>Lincoln Park</value>
          </Data>
          <Data name="Reviews">
            <value/>
          </Data>
          <Data name="Address">
            <value>1208 W Webster Ave, Chicago, IL 60614</value>
          </Data>
        </ExtendedData>
      </Placemark>
      <Placemark>
        <name>The Book Cellar</name>
        <address>4736 N Lincoln Ave, Chicago, IL 60625</address>
        <description><![CDATA[Type: Books<br>Neighborhood: Lincoln Square<br>Reviews: <br>Address: 4736 N Lincoln Ave, Chicago, IL 60625]]></description>
        <styleUrl>#icon-1899-0288D1</styleUrl>
        <ExtendedData>
          <Data name="Type">
            <value>Books</value>
          </Data>
          <Data name="Neighborhood">
            <value>Lincoln Square</value>
          </Data>
          <Data name="Reviews">
            <value/>
          </Data>
          <Data name="Address">
            <value>4736 N Lincoln Ave, Chicago, IL 60625</value>
          </Data>
        </ExtendedData>
      </Placemark>
      <Placemark>
        <name>Berlin Wall Monument</name>
        <address>4648 N Western Ave, Chicago, IL 60625</address>
        <description><![CDATA[Type: Landmark<br>Neighborhood: Lincoln Square<br>Reviews: <br>Address: 4648 N Western Ave, Chicago, IL 60625]]></description>
        <styleUrl>#icon-1899-0288D1</styleUrl>
        <ExtendedData>
          <Data name="Type">
            <value>Landmark</value>
          </Data>
          <Data name="Neighborhood">
            <value>Lincoln Square</value>
          </Data>
          <Data name="Reviews">
            <value/>
          </Data>
          <Data name="Address">
            <value>4648 N Western Ave, Chicago, IL 60625</value>
          </Data>
        </ExtendedData>
      </Placemark>
      <Placemark>
        <name><![CDATA[Gene's Sausage Shop]]></name>
        <address>4750 N Lincoln Ave, Chicago, IL 60625</address>
        <description><![CDATA[Type: Market<br>Neighborhood: Lincoln Square<br>Reviews: Has a bunch of German sausages, pastries, and alcohol<br>Address: 4750 N Lincoln Ave, Chicago, IL 60625]]></description>
        <styleUrl>#icon-1899-0288D1</styleUrl>
        <ExtendedData>
          <Data name="Type">
            <value>Market</value>
          </Data>
          <Data name="Neighborhood">
            <value>Lincoln Square</value>
          </Data>
          <Data name="Reviews">
            <value>Has a bunch of German sausages, pastries, and alcohol</value>
          </Data>
          <Data name="Address">
            <value>4750 N Lincoln Ave, Chicago, IL 60625</value>
          </Data>
        </ExtendedData>
      </Placemark>
      <Placemark>
        <name><![CDATA[Anna's Thai Kitchen]]></name>
        <address>1828 W Montrose Ave, Chicago, IL 60613</address>
        <description><![CDATA[Type: Restaurant<br>Neighborhood: Lincoln Square<br>Reviews: <br>Address: 1828 W Montrose Ave, Chicago, IL 60613]]></description>
        <styleUrl>#icon-1899-0288D1</styleUrl>
        <ExtendedData>
          <Data name="Type">
            <value>Restaurant</value>
          </Data>
          <Data name="Neighborhood">
            <value>Lincoln Square</value>
          </Data>
          <Data name="Reviews">
            <value/>
          </Data>
          <Data name="Address">
            <value>1828 W Montrose Ave, Chicago, IL 60613</value>
          </Data>
        </ExtendedData>
      </Placemark>
      <Placemark>
        <name>Bloop Bloop</name>
        <address>2205 W Montrose Ave, Chicago, IL 60618</address>
        <description><![CDATA[Type: Restaurant<br>Neighborhood: Lincoln Square<br>Reviews: $1 sushi balls<br>Address: 2205 W Montrose Ave, Chicago, IL 60618]]></description>
        <styleUrl>#icon-1899-0288D1</styleUrl>
        <ExtendedData>
          <Data name="Type">
            <value>Restaurant</value>
          </Data>
          <Data name="Neighborhood">
            <value>Lincoln Square</value>
          </Data>
          <Data name="Reviews">
            <value>$1 sushi balls</value>
          </Data>
          <Data name="Address">
            <value>2205 W Montrose Ave, Chicago, IL 60618</value>
          </Data>
        </ExtendedData>
      </Placemark>
      <Placemark>
        <name>Shanghai Inn</name>
        <address>4723 N Damen Ave, Chicago, IL 60625</address>
        <description><![CDATA[Type: Restaurant<br>Neighborhood: Lincoln Square<br>Reviews: <br>Address: 4723 N Damen Ave, Chicago, IL 60625]]></description>
        <styleUrl>#icon-1899-0288D1</styleUrl>
        <ExtendedData>
          <Data name="Type">
            <value>Restaurant</value>
          </Data>
          <Data name="Neighborhood">
            <value>Lincoln Square</value>
          </Data>
          <Data name="Reviews">
            <value/>
          </Data>
          <Data name="Address">
            <value>4723 N Damen Ave, Chicago, IL 60625</value>
          </Data>
        </ExtendedData>
      </Placemark>
      <Placemark>
        <name><![CDATA[Margie's Candies]]></name>
        <address>1813 W Montrose Ave, Chicago, IL 60613</address>
        <description><![CDATA[Type: Snack<br>Neighborhood: Lincoln Square<br>Reviews: <br>Address: 1813 W Montrose Ave, Chicago, IL 60613]]></description>
        <styleUrl>#icon-1899-0288D1</styleUrl>
        <ExtendedData>
          <Data name="Type">
            <value>Snack</value>
          </Data>
          <Data name="Neighborhood">
            <value>Lincoln Square</value>
          </Data>
          <Data name="Reviews">
            <value/>
          </Data>
          <Data name="Address">
            <value>1813 W Montrose Ave, Chicago, IL 60613</value>
          </Data>
        </ExtendedData>
      </Placemark>
      <Placemark>
        <name>The Matcha Bar @Kurimu</name>
        <address>1424 W Taylor St, Chicago, IL 60607</address>
        <description><![CDATA[Type: Cafe<br>Neighborhood: Little Italy<br>Reviews: <br>Address: 1424 W Taylor St, Chicago, IL 60607]]></description>
        <styleUrl>#icon-1899-BDBDBD</styleUrl>
        <ExtendedData>
          <Data name="Type">
            <value>Cafe</value>
          </Data>
          <Data name="Neighborhood">
            <value>Little Italy</value>
          </Data>
          <Data name="Reviews">
            <value/>
          </Data>
          <Data name="Address">
            <value>1424 W Taylor St, Chicago, IL 60607</value>
          </Data>
        </ExtendedData>
      </Placemark>
      <Placemark>
        <name>National Public Housing Museum</name>
        <address>919 S Ada St, Chicago, IL 60607</address>
        <description><![CDATA[Type: Museum<br>Neighborhood: Little Italy<br>Reviews: free<br>Address: 919 S Ada St, Chicago, IL 60607]]></description>
        <styleUrl>#icon-1899-BDBDBD</styleUrl>
        <ExtendedData>
          <Data name="Type">
            <value>Museum</value>
          </Data>
          <Data name="Neighborhood">
            <value>Little Italy</value>
          </Data>
          <Data name="Reviews">
            <value>free</value>
          </Data>
          <Data name="Address">
            <value>919 S Ada St, Chicago, IL 60607</value>
          </Data>
        </ExtendedData>
      </Placemark>
      <Placemark>
        <name>Chilangos</name>
        <address>1437 W Taylor St Suite 1, Chicago, IL 60607</address>
        <description><![CDATA[Type: Restaurant<br>Neighborhood: Little Italy<br>Reviews: best nachos<br>Address: 1437 W Taylor St Suite 1, Chicago, IL 60607]]></description>
        <styleUrl>#icon-1899-BDBDBD</styleUrl>
        <ExtendedData>
          <Data name="Type">
            <value>Restaurant</value>
          </Data>
          <Data name="Neighborhood">
            <value>Little Italy</value>
          </Data>
          <Data name="Reviews">
            <value>best nachos</value>
          </Data>
          <Data name="Address">
            <value>1437 W Taylor St Suite 1, Chicago, IL 60607</value>
          </Data>
        </ExtendedData>
      </Placemark>
      <Placemark>
        <name>Navigator Taproom</name>
        <address>2211 N Milwaukee Ave, Chicago, IL 60647</address>
        <description><![CDATA[Type: Bar<br>Neighborhood: Logan Square<br>Reviews: Drinks on tap on the wall<br>Address: 2211 N Milwaukee Ave, Chicago, IL 60647]]></description>
        <styleUrl>#icon-1899-7CB342</styleUrl>
        <ExtendedData>
          <Data name="Type">
            <value>Bar</value>
          </Data>
          <Data name="Neighborhood">
            <value>Logan Square</value>
          </Data>
          <Data name="Reviews">
            <value>Drinks on tap on the wall</value>
          </Data>
          <Data name="Address">
            <value>2211 N Milwaukee Ave, Chicago, IL 60647</value>
          </Data>
        </ExtendedData>
      </Placemark>
      <Placemark>
        <name>The Moonlighter</name>
        <address>3204 W Armitage Ave, Chicago, IL 60647</address>
        <description><![CDATA[Type: Bar<br>Neighborhood: Logan Square<br>Reviews: <br>Address: 3204 W Armitage Ave, Chicago, IL 60647]]></description>
        <styleUrl>#icon-1899-7CB342</styleUrl>
        <ExtendedData>
          <Data name="Type">
            <value>Bar</value>
          </Data>
          <Data name="Neighborhood">
            <value>Logan Square</value>
          </Data>
          <Data name="Reviews">
            <value/>
          </Data>
          <Data name="Address">
            <value>3204 W Armitage Ave, Chicago, IL 60647</value>
          </Data>
        </ExtendedData>
      </Placemark>
      <Placemark>
        <name>Dayglow</name>
        <address>1757 N Kimball Ave, Chicago, IL 60647</address>
        <description><![CDATA[Type: Cafe<br>Neighborhood: Logan Square<br>Reviews: <br>Address: 1757 N Kimball Ave, Chicago, IL 60647]]></description>
        <styleUrl>#icon-1899-7CB342</styleUrl>
        <ExtendedData>
          <Data name="Type">
            <value>Cafe</value>
          </Data>
          <Data name="Neighborhood">
            <value>Logan Square</value>
          </Data>
          <Data name="Reviews">
            <value/>
          </Data>
          <Data name="Address">
            <value>1757 N Kimball Ave, Chicago, IL 60647</value>
          </Data>
        </ExtendedData>
      </Placemark>
      <Placemark>
        <name>Gaslight Coffee</name>
        <address>2385 N Milwaukee Ave, Chicago, IL 60647</address>
        <description><![CDATA[Type: Cafe<br>Neighborhood: Logan Square<br>Reviews: <br>Address: 2385 N Milwaukee Ave, Chicago, IL 60647]]></description>
        <styleUrl>#icon-1899-7CB342</styleUrl>
        <ExtendedData>
          <Data name="Type">
            <value>Cafe</value>
          </Data>
          <Data name="Neighborhood">
            <value>Logan Square</value>
          </Data>
          <Data name="Reviews">
            <value/>
          </Data>
          <Data name="Address">
            <value>2385 N Milwaukee Ave, Chicago, IL 60647</value>
          </Data>
        </ExtendedData>
      </Placemark>
      <Placemark>
        <name>The Insect Asylum</name>
        <address>2870 N Milwaukee Ave, Chicago, IL 60618</address>
        <description><![CDATA[Type: Museum<br>Neighborhood: Logan Square<br>Reviews: insect specimens and taxidermy art<br>Address: 2870 N Milwaukee Ave, Chicago, IL 60618]]></description>
        <styleUrl>#icon-1899-7CB342</styleUrl>
        <ExtendedData>
          <Data name="Type">
            <value>Museum</value>
          </Data>
          <Data name="Neighborhood">
            <value>Logan Square</value>
          </Data>
          <Data name="Reviews">
            <value>insect specimens and taxidermy art</value>
          </Data>
          <Data name="Address">
            <value>2870 N Milwaukee Ave, Chicago, IL 60618</value>
          </Data>
        </ExtendedData>
      </Placemark>
      <Placemark>
        <name>Jibaritos y Más</name>
        <address>3400 W Fullerton Ave, Chicago, IL 60647</address>
        <description><![CDATA[Type: Restaurant<br>Neighborhood: Logan Square<br>Reviews: rec'd by multiple people<br>authentic PR food, Emily rec'd<br>Address: 3400 W Fullerton Ave, Chicago, IL 60647]]></description>
        <styleUrl>#icon-1899-7CB342</styleUrl>
        <ExtendedData>
          <Data name="Type">
            <value>Restaurant</value>
          </Data>
          <Data name="Neighborhood">
            <value>Logan Square</value>
          </Data>
          <Data name="Reviews">
            <value><![CDATA[rec'd by multiple people
authentic PR food, Emily rec'd]]></value>
          </Data>
          <Data name="Address">
            <value>3400 W Fullerton Ave, Chicago, IL 60647</value>
          </Data>
        </ExtendedData>
      </Placemark>
      <Placemark>
        <name><![CDATA[Paulie Gee's Pizza]]></name>
        <address>2451 N Milwaukee Ave, Chicago, IL 60647</address>
        <description><![CDATA[Type: Restaurant<br>Neighborhood: Logan Square<br>Reviews: <br>Address: 2451 N Milwaukee Ave, Chicago, IL 60647]]></description>
        <styleUrl>#icon-1899-7CB342</styleUrl>
        <ExtendedData>
          <Data name="Type">
            <value>Restaurant</value>
          </Data>
          <Data name="Neighborhood">
            <value>Logan Square</value>
          </Data>
          <Data name="Reviews">
            <value/>
          </Data>
          <Data name="Address">
            <value>2451 N Milwaukee Ave, Chicago, IL 60647</value>
          </Data>
        </ExtendedData>
      </Placemark>
      <Placemark>
        <name>Pizza Lobo</name>
        <address>3000 W Fullerton Ave, Chicago, IL 60647</address>
        <description><![CDATA[Type: Restaurant<br>Neighborhood: Logan Square<br>Reviews: <br>Address: 3000 W Fullerton Ave, Chicago, IL 60647]]></description>
        <styleUrl>#icon-1899-7CB342</styleUrl>
        <ExtendedData>
          <Data name="Type">
            <value>Restaurant</value>
          </Data>
          <Data name="Neighborhood">
            <value>Logan Square</value>
          </Data>
          <Data name="Reviews">
            <value/>
          </Data>
          <Data name="Address">
            <value>3000 W Fullerton Ave, Chicago, IL 60647</value>
          </Data>
        </ExtendedData>
      </Placemark>
      <Placemark>
        <name>Ramen Wasabi </name>
        <address>2101 N Milwaukee Ave, Chicago, IL 60647</address>
        <description><![CDATA[Type: Restaurant<br>Neighborhood: Logan Square<br>Reviews: <br>Address: 2101 N Milwaukee Ave, Chicago, IL 60647]]></description>
        <styleUrl>#icon-1899-7CB342</styleUrl>
        <ExtendedData>
          <Data name="Type">
            <value>Restaurant</value>
          </Data>
          <Data name="Neighborhood">
            <value>Logan Square</value>
          </Data>
          <Data name="Reviews">
            <value/>
          </Data>
          <Data name="Address">
            <value>2101 N Milwaukee Ave, Chicago, IL 60647</value>
          </Data>
        </ExtendedData>
      </Placemark>
      <Placemark>
        <name>Sushi Taku</name>
        <address>2283 N Milwaukee Ave, Chicago, IL 60647</address>
        <description><![CDATA[Type: Restaurant<br>Neighborhood: Logan Square<br>Reviews: <br>Address: 2283 N Milwaukee Ave, Chicago, IL 60647]]></description>
        <styleUrl>#icon-1899-7CB342</styleUrl>
        <ExtendedData>
          <Data name="Type">
            <value>Restaurant</value>
          </Data>
          <Data name="Neighborhood">
            <value>Logan Square</value>
          </Data>
          <Data name="Reviews">
            <value/>
          </Data>
          <Data name="Address">
            <value>2283 N Milwaukee Ave, Chicago, IL 60647</value>
          </Data>
        </ExtendedData>
      </Placemark>
      <Placemark>
        <name>AceBounce</name>
        <address>230 N Clark St, Chicago, IL 60601</address>
        <description><![CDATA[Type: Bar<br>Neighborhood: Loop<br>Reviews: Ping pong bar coworkers were telling me about<br>rec'd by multiple people<br>Address: 230 N Clark St, Chicago, IL 60601]]></description>
        <styleUrl>#icon-1899-0F9D58</styleUrl>
        <ExtendedData>
          <Data name="Type">
            <value>Bar</value>
          </Data>
          <Data name="Neighborhood">
            <value>Loop</value>
          </Data>
          <Data name="Reviews">
            <value><![CDATA[Ping pong bar coworkers were telling me about
rec'd by multiple people]]></value>
          </Data>
          <Data name="Address">
            <value>230 N Clark St, Chicago, IL 60601</value>
          </Data>
        </ExtendedData>
      </Placemark>
      <Placemark>
        <name>Aire</name>
        <address>100 W Monroe St Floor 24, Chicago, IL 60603</address>
        <description><![CDATA[Type: Bar<br>Neighborhood: Loop<br>Reviews: Temp. closed<br>Address: 100 W Monroe St Floor 24, Chicago, IL 60603]]></description>
        <styleUrl>#icon-1899-0F9D58</styleUrl>
        <ExtendedData>
          <Data name="Type">
            <value>Bar</value>
          </Data>
          <Data name="Neighborhood">
            <value>Loop</value>
          </Data>
          <Data name="Reviews">
            <value>Temp. closed</value>
          </Data>
          <Data name="Address">
            <value>100 W Monroe St Floor 24, Chicago, IL 60603</value>
          </Data>
        </ExtendedData>
      </Placemark>
      <Placemark>
        <name>Cindy’s Rooftop</name>
        <address>12 S Michigan Ave, Chicago, IL 60603</address>
        <description><![CDATA[Type: Bar<br>Neighborhood: Loop<br>Reviews: rec'd by multiple people<br>Address: 12 S Michigan Ave, Chicago, IL 60603]]></description>
        <styleUrl>#icon-1899-0F9D58</styleUrl>
        <ExtendedData>
          <Data name="Type">
            <value>Bar</value>
          </Data>
          <Data name="Neighborhood">
            <value>Loop</value>
          </Data>
          <Data name="Reviews">
            <value><![CDATA[rec'd by multiple people]]></value>
          </Data>
          <Data name="Address">
            <value>12 S Michigan Ave, Chicago, IL 60603</value>
          </Data>
        </ExtendedData>
      </Placemark>
      <Placemark>
        <name>Kinsley</name>
        <address>1 N Wacker Dr, Chicago, IL 60606</address>
        <description><![CDATA[Type: Bar<br>Neighborhood: Loop<br>Reviews: $6 wings, $5 beer and wine happy hour<br>Address: 1 N Wacker Dr, Chicago, IL 60606]]></description>
        <styleUrl>#icon-1899-0F9D58</styleUrl>
        <ExtendedData>
          <Data name="Type">
            <value>Bar</value>
          </Data>
          <Data name="Neighborhood">
            <value>Loop</value>
          </Data>
          <Data name="Reviews">
            <value>$6 wings, $5 beer and wine happy hour</value>
          </Data>
          <Data name="Address">
            <value>1 N Wacker Dr, Chicago, IL 60606</value>
          </Data>
        </ExtendedData>
      </Placemark>
      <Placemark>
        <name>LH Rooftop</name>
        <address>85 E Wacker Dr, Chicago, IL 60601</address>
        <description><![CDATA[Type: Bar<br>Neighborhood: Loop<br>Reviews: rec'd by multiple people<br>dj's on weekends<br>Address: 85 E Wacker Dr, Chicago, IL 60601]]></description>
        <styleUrl>#icon-1899-0F9D58</styleUrl>
        <ExtendedData>
          <Data name="Type">
            <value>Bar</value>
          </Data>
          <Data name="Neighborhood">
            <value>Loop</value>
          </Data>
          <Data name="Reviews">
            <value><![CDATA[rec'd by multiple people
dj's on weekends]]></value>
          </Data>
          <Data name="Address">
            <value>85 E Wacker Dr, Chicago, IL 60601</value>
          </Data>
        </ExtendedData>
      </Placemark>
      <Placemark>
        <name>Raised Chicago</name>
        <address>1 W Upper Wacker Drive, Chicago, IL 60601</address>
        <description><![CDATA[Type: Bar<br>Neighborhood: Loop<br>Reviews: nice rooftop bar<br>Address: 1 W Upper Wacker Drive, Chicago, IL 60601]]></description>
        <styleUrl>#icon-1899-0F9D58</styleUrl>
        <ExtendedData>
          <Data name="Type">
            <value>Bar</value>
          </Data>
          <Data name="Neighborhood">
            <value>Loop</value>
          </Data>
          <Data name="Reviews">
            <value>nice rooftop bar</value>
          </Data>
          <Data name="Address">
            <value>1 W Upper Wacker Drive, Chicago, IL 60601</value>
          </Data>
        </ExtendedData>
      </Placemark>
      <Placemark>
        <name>ROOF on the Wit</name>
        <address>201 N State St, Chicago, IL 60601</address>
        <description><![CDATA[Type: Bar<br>Neighborhood: Loop<br>Reviews: rec'd by multiple people<br>Address: 201 N State St, Chicago, IL 60601]]></description>
        <styleUrl>#icon-1899-0F9D58</styleUrl>
        <ExtendedData>
          <Data name="Type">
            <value>Bar</value>
          </Data>
          <Data name="Neighborhood">
            <value>Loop</value>
          </Data>
          <Data name="Reviews">
            <value><![CDATA[rec'd by multiple people]]></value>
          </Data>
          <Data name="Address">
            <value>201 N State St, Chicago, IL 60601</value>
          </Data>
        </ExtendedData>
      </Placemark>
      <Placemark>
        <name>Sky Ride Tap</name>
        <address>105 W Van Buren St, Chicago, IL 60605</address>
        <description><![CDATA[Type: Bar<br>Neighborhood: Loop<br>Reviews: <br>Address: 105 W Van Buren St, Chicago, IL 60605]]></description>
        <styleUrl>#icon-1899-0F9D58</styleUrl>
        <ExtendedData>
          <Data name="Type">
            <value>Bar</value>
          </Data>
          <Data name="Neighborhood">
            <value>Loop</value>
          </Data>
          <Data name="Reviews">
            <value/>
          </Data>
          <Data name="Address">
            <value>105 W Van Buren St, Chicago, IL 60605</value>
          </Data>
        </ExtendedData>
      </Placemark>
      <Placemark>
        <name><![CDATA[Stocks & Blondes]]></name>
        <address>40 N Wells St, Chicago, IL 60606</address>
        <description><![CDATA[Type: Bar<br>Neighborhood: Loop<br>Reviews: Allen: good happy hr deals, dive bar  vibes<br>Address: 40 N Wells St, Chicago, IL 60606]]></description>
        <styleUrl>#icon-1899-0F9D58</styleUrl>
        <ExtendedData>
          <Data name="Type">
            <value>Bar</value>
          </Data>
          <Data name="Neighborhood">
            <value>Loop</value>
          </Data>
          <Data name="Reviews">
            <value>Allen: good happy hr deals, dive bar  vibes</value>
          </Data>
          <Data name="Address">
            <value>40 N Wells St, Chicago, IL 60606</value>
          </Data>
        </ExtendedData>
      </Placemark>
      <Placemark>
        <name>Cafecito</name>
        <address>26 E Congress Pkwy, Chicago, IL 60605</address>
        <description><![CDATA[Type: Brunch<br>Neighborhood: Loop<br>Reviews: <br>Address: 26 E Congress Pkwy, Chicago, IL 60605]]></description>
        <styleUrl>#icon-1899-0F9D58</styleUrl>
        <ExtendedData>
          <Data name="Type">
            <value>Brunch</value>
          </Data>
          <Data name="Neighborhood">
            <value>Loop</value>
          </Data>
          <Data name="Reviews">
            <value/>
          </Data>
          <Data name="Address">
            <value>26 E Congress Pkwy, Chicago, IL 60605</value>
          </Data>
        </ExtendedData>
      </Placemark>
      <Placemark>
        <name>Cafecito</name>
        <address>7 N Wells St, Chicago, IL 60606</address>
        <description><![CDATA[Type: Brunch<br>Neighborhood: Loop<br>Reviews: <br>Address: 7 N Wells St, Chicago, IL 60606]]></description>
        <styleUrl>#icon-1899-0F9D58</styleUrl>
        <ExtendedData>
          <Data name="Type">
            <value>Brunch</value>
          </Data>
          <Data name="Neighborhood">
            <value>Loop</value>
          </Data>
          <Data name="Reviews">
            <value/>
          </Data>
          <Data name="Address">
            <value>7 N Wells St, Chicago, IL 60606</value>
          </Data>
        </ExtendedData>
      </Placemark>
      <Placemark>
        <name>Wildberry Cafe</name>
        <address>130 E Randolph St, Chicago, IL 60602</address>
        <description><![CDATA[Type: Brunch<br>Neighborhood: Loop<br>Reviews: <br>Address: 130 E Randolph St, Chicago, IL 60602]]></description>
        <styleUrl>#icon-1899-0F9D58</styleUrl>
        <ExtendedData>
          <Data name="Type">
            <value>Brunch</value>
          </Data>
          <Data name="Neighborhood">
            <value>Loop</value>
          </Data>
          <Data name="Reviews">
            <value/>
          </Data>
          <Data name="Address">
            <value>130 E Randolph St, Chicago, IL 60602</value>
          </Data>
        </ExtendedData>
      </Placemark>
      <Placemark>
        <name>Chiya Chai</name>
        <address>79 E Madison St, Chicago, IL 60602</address>
        <description><![CDATA[Type: Cafe<br>Neighborhood: Loop<br>Reviews: <br>Address: 79 E Madison St, Chicago, IL 60602]]></description>
        <styleUrl>#icon-1899-0F9D58</styleUrl>
        <ExtendedData>
          <Data name="Type">
            <value>Cafe</value>
          </Data>
          <Data name="Neighborhood">
            <value>Loop</value>
          </Data>
          <Data name="Reviews">
            <value/>
          </Data>
          <Data name="Address">
            <value>79 E Madison St, Chicago, IL 60602</value>
          </Data>
        </ExtendedData>
      </Placemark>
      <Placemark>
        <name>Espresso and Milk</name>
        <address>20 N Wacker Dr, Chicago, IL 60606</address>
        <description><![CDATA[Type: Cafe<br>Neighborhood: Loop<br>Reviews: <br>Address: 20 N Wacker Dr, Chicago, IL 60606]]></description>
        <styleUrl>#icon-1899-0F9D58</styleUrl>
        <ExtendedData>
          <Data name="Type">
            <value>Cafe</value>
          </Data>
          <Data name="Neighborhood">
            <value>Loop</value>
          </Data>
          <Data name="Reviews">
            <value/>
          </Data>
          <Data name="Address">
            <value>20 N Wacker Dr, Chicago, IL 60606</value>
          </Data>
        </ExtendedData>
      </Placemark>
      <Placemark>
        <name>Lea</name>
        <address>20 N Michigan Ave, Chicago, IL 60602</address>
        <description><![CDATA[Type: Cafe<br>Neighborhood: Loop<br>Reviews: <br>Address: 20 N Michigan Ave, Chicago, IL 60602]]></description>
        <styleUrl>#icon-1899-0F9D58</styleUrl>
        <ExtendedData>
          <Data name="Type">
            <value>Cafe</value>
          </Data>
          <Data name="Neighborhood">
            <value>Loop</value>
          </Data>
          <Data name="Reviews">
            <value/>
          </Data>
          <Data name="Address">
            <value>20 N Michigan Ave, Chicago, IL 60602</value>
          </Data>
        </ExtendedData>
      </Placemark>
      <Placemark>
        <name><![CDATA[TE'AMO]]></name>
        <address>76 E Monroe St, Chicago, IL 60603</address>
        <description><![CDATA[Type: Cafe<br>Neighborhood: Loop<br>Reviews: try crystallized fruit<br>Address: 76 E Monroe St, Chicago, IL 60603]]></description>
        <styleUrl>#icon-1899-0F9D58</styleUrl>
        <ExtendedData>
          <Data name="Type">
            <value>Cafe</value>
          </Data>
          <Data name="Neighborhood">
            <value>Loop</value>
          </Data>
          <Data name="Reviews">
            <value>try crystallized fruit</value>
          </Data>
          <Data name="Address">
            <value>76 E Monroe St, Chicago, IL 60603</value>
          </Data>
        </ExtendedData>
      </Placemark>
      <Placemark>
        <name>Era</name>
        <address>416 S Clark St, Chicago, IL 60605</address>
        <description><![CDATA[Type: Club<br>Neighborhood: Loop<br>Reviews: rec'd by multiple people<br>Address: 416 S Clark St, Chicago, IL 60605]]></description>
        <styleUrl>#icon-1899-0F9D58</styleUrl>
        <ExtendedData>
          <Data name="Type">
            <value>Club</value>
          </Data>
          <Data name="Neighborhood">
            <value>Loop</value>
          </Data>
          <Data name="Reviews">
            <value><![CDATA[rec'd by multiple people]]></value>
          </Data>
          <Data name="Address">
            <value>416 S Clark St, Chicago, IL 60605</value>
          </Data>
        </ExtendedData>
      </Placemark>
      <Placemark>
        <name>Buckingham Fountain</name>
        <address>301 S Columbus Drive, Chicago, IL 60605</address>
        <description><![CDATA[Type: Landmark<br>Neighborhood: Loop<br>Reviews: <br>Address: 301 S Columbus Drive, Chicago, IL 60605]]></description>
        <styleUrl>#icon-1899-0F9D58</styleUrl>
        <ExtendedData>
          <Data name="Type">
            <value>Landmark</value>
          </Data>
          <Data name="Neighborhood">
            <value>Loop</value>
          </Data>
          <Data name="Reviews">
            <value/>
          </Data>
          <Data name="Address">
            <value>301 S Columbus Drive, Chicago, IL 60605</value>
          </Data>
        </ExtendedData>
      </Placemark>
      <Placemark>
        <name>Chicago Athletic Association</name>
        <address>12 S Michigan Ave, Chicago, IL 60603</address>
        <description><![CDATA[Type: Landmark<br>Neighborhood: Loop<br>Reviews: Go to second floor<br>Address: 12 S Michigan Ave, Chicago, IL 60603]]></description>
        <styleUrl>#icon-1899-0F9D58</styleUrl>
        <ExtendedData>
          <Data name="Type">
            <value>Landmark</value>
          </Data>
          <Data name="Neighborhood">
            <value>Loop</value>
          </Data>
          <Data name="Reviews">
            <value>Go to second floor</value>
          </Data>
          <Data name="Address">
            <value>12 S Michigan Ave, Chicago, IL 60603</value>
          </Data>
        </ExtendedData>
      </Placemark>
      <Placemark>
        <name>Harris Theater</name>
        <address>205 E Randolph St, Chicago, IL 60601</address>
        <description><![CDATA[Type: Landmark<br>Neighborhood: Loop<br>Reviews: huge venue<br>Address: 205 E Randolph St, Chicago, IL 60601]]></description>
        <styleUrl>#icon-1899-0F9D58</styleUrl>
        <ExtendedData>
          <Data name="Type">
            <value>Landmark</value>
          </Data>
          <Data name="Neighborhood">
            <value>Loop</value>
          </Data>
          <Data name="Reviews">
            <value>huge venue</value>
          </Data>
          <Data name="Address">
            <value>205 E Randolph St, Chicago, IL 60601</value>
          </Data>
        </ExtendedData>
      </Placemark>
      <Placemark>
        <name>Maggie Daley Park</name>
        <address>337 E Randolph St, Chicago, IL 60602</address>
        <description><![CDATA[Type: Landmark<br>Neighborhood: Loop<br>Reviews: <br>Address: 337 E Randolph St, Chicago, IL 60602]]></description>
        <styleUrl>#icon-1899-0F9D58</styleUrl>
        <ExtendedData>
          <Data name="Type">
            <value>Landmark</value>
          </Data>
          <Data name="Neighborhood">
            <value>Loop</value>
          </Data>
          <Data name="Reviews">
            <value/>
          </Data>
          <Data name="Address">
            <value>337 E Randolph St, Chicago, IL 60602</value>
          </Data>
        </ExtendedData>
      </Placemark>
      <Placemark>
        <name>Riverwalk</name>
        <address>Chicago, IL 60601</address>
        <description><![CDATA[Type: Landmark<br>Neighborhood: Loop<br>Reviews: <br>Address: Chicago, IL 60601]]></description>
        <styleUrl>#icon-1899-0F9D58</styleUrl>
        <ExtendedData>
          <Data name="Type">
            <value>Landmark</value>
          </Data>
          <Data name="Neighborhood">
            <value>Loop</value>
          </Data>
          <Data name="Reviews">
            <value/>
          </Data>
          <Data name="Address">
            <value>Chicago, IL 60601</value>
          </Data>
        </ExtendedData>
      </Placemark>
      <Placemark>
        <name>The Bean</name>
        <address>337 E Randolph St, Chicago, IL 60602</address>
        <description><![CDATA[Type: Landmark<br>Neighborhood: Loop<br>Reviews: <br>Address: 337 E Randolph St, Chicago, IL 60602]]></description>
        <styleUrl>#icon-1899-0F9D58</styleUrl>
        <ExtendedData>
          <Data name="Type">
            <value>Landmark</value>
          </Data>
          <Data name="Neighborhood">
            <value>Loop</value>
          </Data>
          <Data name="Reviews">
            <value/>
          </Data>
          <Data name="Address">
            <value>337 E Randolph St, Chicago, IL 60602</value>
          </Data>
        </ExtendedData>
      </Placemark>
      <Placemark>
        <name>The Rookery</name>
        <address>209 S LaSalle St, Chicago, IL 60604</address>
        <description><![CDATA[Type: Landmark<br>Neighborhood: Loop<br>Reviews: <br>Address: 209 S LaSalle St, Chicago, IL 60604]]></description>
        <styleUrl>#icon-1899-0F9D58</styleUrl>
        <ExtendedData>
          <Data name="Type">
            <value>Landmark</value>
          </Data>
          <Data name="Neighborhood">
            <value>Loop</value>
          </Data>
          <Data name="Reviews">
            <value/>
          </Data>
          <Data name="Address">
            <value>209 S LaSalle St, Chicago, IL 60604</value>
          </Data>
        </ExtendedData>
      </Placemark>
      <Placemark>
        <name>Christkindlmarket</name>
        <address>50 W Washington St, Chicago, IL 60602</address>
        <description><![CDATA[Type: Market<br>Neighborhood: Loop<br>Reviews: From Nov 21 to Dec 24<br>Address: 50 W Washington St, Chicago, IL 60602]]></description>
        <styleUrl>#icon-1899-0F9D58</styleUrl>
        <ExtendedData>
          <Data name="Type">
            <value>Market</value>
          </Data>
          <Data name="Neighborhood">
            <value>Loop</value>
          </Data>
          <Data name="Reviews">
            <value>From Nov 21 to Dec 24</value>
          </Data>
          <Data name="Address">
            <value>50 W Washington St, Chicago, IL 60602</value>
          </Data>
        </ExtendedData>
      </Placemark>
      <Placemark>
        <name>American Writers Museum</name>
        <address>180 N Michigan Ave, Chicago, IL 60601</address>
        <description><![CDATA[Type: Museum<br>Neighborhood: Loop<br>Reviews: <br>Address: 180 N Michigan Ave, Chicago, IL 60601]]></description>
        <styleUrl>#icon-1899-0F9D58</styleUrl>
        <ExtendedData>
          <Data name="Type">
            <value>Museum</value>
          </Data>
          <Data name="Neighborhood">
            <value>Loop</value>
          </Data>
          <Data name="Reviews">
            <value/>
          </Data>
          <Data name="Address">
            <value>180 N Michigan Ave, Chicago, IL 60601</value>
          </Data>
        </ExtendedData>
      </Placemark>
      <Placemark>
        <name>Chicago Cultural Center</name>
        <address>78 E Washington St, Chicago, IL 60602</address>
        <description><![CDATA[Type: Museum<br>Neighborhood: Loop<br>Reviews: Very informational for tourist. It's free (if you buy boat tour same day) and has miniature 3D replicas of the city so you can put into prospective how beautiful the city is. MUST DO! <br>Address: 78 E Washington St, Chicago, IL 60602]]></description>
        <styleUrl>#icon-1899-0F9D58</styleUrl>
        <ExtendedData>
          <Data name="Type">
            <value>Museum</value>
          </Data>
          <Data name="Neighborhood">
            <value>Loop</value>
          </Data>
          <Data name="Reviews">
            <value><![CDATA[Very informational for tourist. It's free (if you buy boat tour same day) and has miniature 3D replicas of the city so you can put into prospective how beautiful the city is. MUST DO! ]]></value>
          </Data>
          <Data name="Address">
            <value>78 E Washington St, Chicago, IL 60602</value>
          </Data>
        </ExtendedData>
      </Placemark>
      <Placemark>
        <name>Color Factory</name>
        <address>233 S Wacker Dr Lower Level 2, Chicago, IL 60606</address>
        <description><![CDATA[Type: Museum<br>Neighborhood: Loop<br>Reviews: Interactive museum, in LL2<br>Address: 233 S Wacker Dr Lower Level 2, Chicago, IL 60606]]></description>
        <styleUrl>#icon-1899-0F9D58</styleUrl>
        <ExtendedData>
          <Data name="Type">
            <value>Museum</value>
          </Data>
          <Data name="Neighborhood">
            <value>Loop</value>
          </Data>
          <Data name="Reviews">
            <value>Interactive museum, in LL2</value>
          </Data>
          <Data name="Address">
            <value>233 S Wacker Dr Lower Level 2, Chicago, IL 60606</value>
          </Data>
        </ExtendedData>
      </Placemark>
      <Placemark>
        <name><![CDATA[McCormick Bridgehouse & Chicago River Museum]]></name>
        <address>99 Chicago Riverwalk, Chicago, IL 60601</address>
        <description><![CDATA[Type: Museum<br>Neighborhood: Loop<br>Reviews: <br>Address: 99 Chicago Riverwalk, Chicago, IL 60601]]></description>
        <styleUrl>#icon-1899-0F9D58</styleUrl>
        <ExtendedData>
          <Data name="Type">
            <value>Museum</value>
          </Data>
          <Data name="Neighborhood">
            <value>Loop</value>
          </Data>
          <Data name="Reviews">
            <value/>
          </Data>
          <Data name="Address">
            <value>99 Chicago Riverwalk, Chicago, IL 60601</value>
          </Data>
        </ExtendedData>
      </Placemark>
      <Placemark>
        <name>Money Museum</name>
        <address>230 S LaSalle St, Chicago, IL 60604</address>
        <description><![CDATA[Type: Museum<br>Neighborhood: Loop<br>Reviews: free!<br>Address: 230 S LaSalle St, Chicago, IL 60604]]></description>
        <styleUrl>#icon-1899-0F9D58</styleUrl>
        <ExtendedData>
          <Data name="Type">
            <value>Museum</value>
          </Data>
          <Data name="Neighborhood">
            <value>Loop</value>
          </Data>
          <Data name="Reviews">
            <value>free!</value>
          </Data>
          <Data name="Address">
            <value>230 S LaSalle St, Chicago, IL 60604</value>
          </Data>
        </ExtendedData>
      </Placemark>
      <Placemark>
        <name>Sneaker Head University</name>
        <address>17 S Wabash Ave, Chicago, IL 60603</address>
        <description><![CDATA[Type: Museum<br>Neighborhood: Loop<br>Reviews: <br>Address: 17 S Wabash Ave, Chicago, IL 60603]]></description>
        <styleUrl>#icon-1899-0F9D58</styleUrl>
        <ExtendedData>
          <Data name="Type">
            <value>Museum</value>
          </Data>
          <Data name="Neighborhood">
            <value>Loop</value>
          </Data>
          <Data name="Reviews">
            <value/>
          </Data>
          <Data name="Address">
            <value>17 S Wabash Ave, Chicago, IL 60603</value>
          </Data>
        </ExtendedData>
      </Placemark>
      <Placemark>
        <name>The Art Institute of Chicago</name>
        <address>111 S Michigan Ave, Chicago, IL 60603</address>
        <description><![CDATA[Type: Museum<br>Neighborhood: Loop<br>Reviews: <br>Address: 111 S Michigan Ave, Chicago, IL 60603]]></description>
        <styleUrl>#icon-1899-0F9D58</styleUrl>
        <ExtendedData>
          <Data name="Type">
            <value>Museum</value>
          </Data>
          <Data name="Neighborhood">
            <value>Loop</value>
          </Data>
          <Data name="Reviews">
            <value/>
          </Data>
          <Data name="Address">
            <value>111 S Michigan Ave, Chicago, IL 60603</value>
          </Data>
        </ExtendedData>
      </Placemark>
      <Placemark>
        <name>Millenium Park</name>
        <address>201 E Randolph St, Chicago, IL 60601</address>
        <description><![CDATA[Type: Park<br>Neighborhood: Loop<br>Reviews: Very scenic<br>The Bean is here<br>Movies here in summer<br>Address: 201 E Randolph St, Chicago, IL 60601]]></description>
        <styleUrl>#icon-1899-0F9D58</styleUrl>
        <ExtendedData>
          <Data name="Type">
            <value>Park</value>
          </Data>
          <Data name="Neighborhood">
            <value>Loop</value>
          </Data>
          <Data name="Reviews">
            <value>Very scenic
The Bean is here
Movies here in summer</value>
          </Data>
          <Data name="Address">
            <value>201 E Randolph St, Chicago, IL 60601</value>
          </Data>
        </ExtendedData>
      </Placemark>
      <Placemark>
        <name>Avli On The Park</name>
        <address>180 N Field Blvd, Chicago, IL 60601</address>
        <description><![CDATA[Type: Restaurant<br>Neighborhood: Loop<br>Reviews: <br>Address: 180 N Field Blvd, Chicago, IL 60601]]></description>
        <styleUrl>#icon-1899-0F9D58</styleUrl>
        <ExtendedData>
          <Data name="Type">
            <value>Restaurant</value>
          </Data>
          <Data name="Neighborhood">
            <value>Loop</value>
          </Data>
          <Data name="Reviews">
            <value/>
          </Data>
          <Data name="Address">
            <value>180 N Field Blvd, Chicago, IL 60601</value>
          </Data>
        </ExtendedData>
      </Placemark>
      <Placemark>
        <name>Beatnik on the River</name>
        <address>180 N Lower Wacker Drive, Chicago, IL 60606</address>
        <description><![CDATA[Type: Restaurant<br>Neighborhood: Loop<br>Reviews: I (Allen) didn't really like it<br>Address: 180 N Lower Wacker Drive, Chicago, IL 60606]]></description>
        <styleUrl>#icon-1899-0F9D58</styleUrl>
        <ExtendedData>
          <Data name="Type">
            <value>Restaurant</value>
          </Data>
          <Data name="Neighborhood">
            <value>Loop</value>
          </Data>
          <Data name="Reviews">
            <value><![CDATA[I (Allen) didn't really like it]]></value>
          </Data>
          <Data name="Address">
            <value>180 N Lower Wacker Drive, Chicago, IL 60606</value>
          </Data>
        </ExtendedData>
      </Placemark>
      <Placemark>
        <name>BenjYehuda</name>
        <address>145 N Wells St, Chicago, IL 60602</address>
        <description><![CDATA[Type: Restaurant<br>Neighborhood: Loop<br>Reviews: <br>Address: 145 N Wells St, Chicago, IL 60602]]></description>
        <styleUrl>#icon-1899-0F9D58</styleUrl>
        <ExtendedData>
          <Data name="Type">
            <value>Restaurant</value>
          </Data>
          <Data name="Neighborhood">
            <value>Loop</value>
          </Data>
          <Data name="Reviews">
            <value/>
          </Data>
          <Data name="Address">
            <value>145 N Wells St, Chicago, IL 60602</value>
          </Data>
        </ExtendedData>
      </Placemark>
      <Placemark>
        <name>Berghoff</name>
        <address>17 W Adams St, Chicago, IL 60603</address>
        <description><![CDATA[Type: Restaurant<br>Neighborhood: Loop<br>Reviews: <br>Address: 17 W Adams St, Chicago, IL 60603]]></description>
        <styleUrl>#icon-1899-0F9D58</styleUrl>
        <ExtendedData>
          <Data name="Type">
            <value>Restaurant</value>
          </Data>
          <Data name="Neighborhood">
            <value>Loop</value>
          </Data>
          <Data name="Reviews">
            <value/>
          </Data>
          <Data name="Address">
            <value>17 W Adams St, Chicago, IL 60603</value>
          </Data>
        </ExtendedData>
      </Placemark>
      <Placemark>
        <name>Bibibop</name>
        <address>24 E Jackson Blvd, Chicago, IL 60604</address>
        <description><![CDATA[Type: Restaurant<br>Neighborhood: Loop<br>Reviews: <br>Address: 24 E Jackson Blvd, Chicago, IL 60604]]></description>
        <styleUrl>#icon-1899-0F9D58</styleUrl>
        <ExtendedData>
          <Data name="Type">
            <value>Restaurant</value>
          </Data>
          <Data name="Neighborhood">
            <value>Loop</value>
          </Data>
          <Data name="Reviews">
            <value/>
          </Data>
          <Data name="Address">
            <value>24 E Jackson Blvd, Chicago, IL 60604</value>
          </Data>
        </ExtendedData>
      </Placemark>
      <Placemark>
        <name>Chicken Planet</name>
        <address>177 W Van Buren St, Chicago, IL 60605</address>
        <description><![CDATA[Type: Restaurant<br>Neighborhood: Loop<br>Reviews: <br>Address: 177 W Van Buren St, Chicago, IL 60605]]></description>
        <styleUrl>#icon-1899-0F9D58</styleUrl>
        <ExtendedData>
          <Data name="Type">
            <value>Restaurant</value>
          </Data>
          <Data name="Neighborhood">
            <value>Loop</value>
          </Data>
          <Data name="Reviews">
            <value/>
          </Data>
          <Data name="Address">
            <value>177 W Van Buren St, Chicago, IL 60605</value>
          </Data>
        </ExtendedData>
      </Placemark>
      <Placemark>
        <name><![CDATA[Cleo's Southern]]></name>
        <address>190 N Wells St, Chicago, IL 60606</address>
        <description><![CDATA[Type: Restaurant<br>Neighborhood: Loop<br>Reviews: <br>Address: 190 N Wells St, Chicago, IL 60606]]></description>
        <styleUrl>#icon-1899-0F9D58</styleUrl>
        <ExtendedData>
          <Data name="Type">
            <value>Restaurant</value>
          </Data>
          <Data name="Neighborhood">
            <value>Loop</value>
          </Data>
          <Data name="Reviews">
            <value/>
          </Data>
          <Data name="Address">
            <value>190 N Wells St, Chicago, IL 60606</value>
          </Data>
        </ExtendedData>
      </Placemark>
      <Placemark>
        <name><![CDATA[Giordano's Pizza]]></name>
        <address>130 E Randolph St, Chicago, IL 60601</address>
        <description><![CDATA[Type: Restaurant<br>Neighborhood: Loop<br>Reviews: Chicago staple, home of the deep dish pizza<br>Address: 130 E Randolph St, Chicago, IL 60601]]></description>
        <styleUrl>#icon-1899-0F9D58</styleUrl>
        <ExtendedData>
          <Data name="Type">
            <value>Restaurant</value>
          </Data>
          <Data name="Neighborhood">
            <value>Loop</value>
          </Data>
          <Data name="Reviews">
            <value>Chicago staple, home of the deep dish pizza</value>
          </Data>
          <Data name="Address">
            <value>130 E Randolph St, Chicago, IL 60601</value>
          </Data>
        </ExtendedData>
      </Placemark>
      <Placemark>
        <name><![CDATA[Luke's Italian Beef]]></name>
        <address>215 W Jackson Blvd, Chicago, IL 60606</address>
        <description><![CDATA[Type: Restaurant<br>Neighborhood: Loop<br>Reviews: <br>Address: 215 W Jackson Blvd, Chicago, IL 60606]]></description>
        <styleUrl>#icon-1899-0F9D58</styleUrl>
        <ExtendedData>
          <Data name="Type">
            <value>Restaurant</value>
          </Data>
          <Data name="Neighborhood">
            <value>Loop</value>
          </Data>
          <Data name="Reviews">
            <value/>
          </Data>
          <Data name="Address">
            <value>215 W Jackson Blvd, Chicago, IL 60606</value>
          </Data>
        </ExtendedData>
      </Placemark>
      <Placemark>
        <name>Mendocino Farms</name>
        <address>233 S Wacker Dr, Chicago, IL 60606</address>
        <description><![CDATA[Type: Restaurant<br>Neighborhood: Loop<br>Reviews: <br>Address: 233 S Wacker Dr, Chicago, IL 60606]]></description>
        <styleUrl>#icon-1899-0F9D58</styleUrl>
        <ExtendedData>
          <Data name="Type">
            <value>Restaurant</value>
          </Data>
          <Data name="Neighborhood">
            <value>Loop</value>
          </Data>
          <Data name="Reviews">
            <value/>
          </Data>
          <Data name="Address">
            <value>233 S Wacker Dr, Chicago, IL 60606</value>
          </Data>
        </ExtendedData>
      </Placemark>
      <Placemark>
        <name>Mr. Submarine</name>
        <address>47 N Wells St, Chicago, IL 60602</address>
        <description><![CDATA[Type: Restaurant<br>Neighborhood: Loop<br>Reviews: <br>Address: 47 N Wells St, Chicago, IL 60602]]></description>
        <styleUrl>#icon-1899-0F9D58</styleUrl>
        <ExtendedData>
          <Data name="Type">
            <value>Restaurant</value>
          </Data>
          <Data name="Neighborhood">
            <value>Loop</value>
          </Data>
          <Data name="Reviews">
            <value/>
          </Data>
          <Data name="Address">
            <value>47 N Wells St, Chicago, IL 60602</value>
          </Data>
        </ExtendedData>
      </Placemark>
      <Placemark>
        <name>Naansense</name>
        <address>178 N Franklin St, Chicago, IL 60606</address>
        <description><![CDATA[Type: Restaurant<br>Neighborhood: Loop<br>Reviews: <br>Address: 178 N Franklin St, Chicago, IL 60606]]></description>
        <styleUrl>#icon-1899-0F9D58</styleUrl>
        <ExtendedData>
          <Data name="Type">
            <value>Restaurant</value>
          </Data>
          <Data name="Neighborhood">
            <value>Loop</value>
          </Data>
          <Data name="Reviews">
            <value/>
          </Data>
          <Data name="Address">
            <value>178 N Franklin St, Chicago, IL 60606</value>
          </Data>
        </ExtendedData>
      </Placemark>
      <Placemark>
        <name>Oasis Cafe</name>
        <address>21 N Wabash Ave, Chicago, IL 60602</address>
        <description><![CDATA[Type: Restaurant<br>Neighborhood: Loop<br>Reviews: Mediterranean food<br>Address: 21 N Wabash Ave, Chicago, IL 60602]]></description>
        <styleUrl>#icon-1899-0F9D58</styleUrl>
        <ExtendedData>
          <Data name="Type">
            <value>Restaurant</value>
          </Data>
          <Data name="Neighborhood">
            <value>Loop</value>
          </Data>
          <Data name="Reviews">
            <value>Mediterranean food</value>
          </Data>
          <Data name="Address">
            <value>21 N Wabash Ave, Chicago, IL 60602</value>
          </Data>
        </ExtendedData>
      </Placemark>
      <Placemark>
        <name>Roanoke</name>
        <address>135 W Madison St, Chicago, IL 60602</address>
        <description><![CDATA[Type: Restaurant<br>Neighborhood: Loop<br>Reviews: <br>Address: 135 W Madison St, Chicago, IL 60602]]></description>
        <styleUrl>#icon-1899-0F9D58</styleUrl>
        <ExtendedData>
          <Data name="Type">
            <value>Restaurant</value>
          </Data>
          <Data name="Neighborhood">
            <value>Loop</value>
          </Data>
          <Data name="Reviews">
            <value/>
          </Data>
          <Data name="Address">
            <value>135 W Madison St, Chicago, IL 60602</value>
          </Data>
        </ExtendedData>
      </Placemark>
      <Placemark>
        <name>SeoulSpice</name>
        <address>20 N Michigan Ave, Chicago, IL 60602</address>
        <description><![CDATA[Type: Restaurant<br>Neighborhood: Loop<br>Reviews: <br>Address: 20 N Michigan Ave, Chicago, IL 60602]]></description>
        <styleUrl>#icon-1899-0F9D58</styleUrl>
        <ExtendedData>
          <Data name="Type">
            <value>Restaurant</value>
          </Data>
          <Data name="Neighborhood">
            <value>Loop</value>
          </Data>
          <Data name="Reviews">
            <value/>
          </Data>
          <Data name="Address">
            <value>20 N Michigan Ave, Chicago, IL 60602</value>
          </Data>
        </ExtendedData>
      </Placemark>
      <Placemark>
        <name>Silk Road</name>
        <address>312 W Adam St, Chicago, IL 60606</address>
        <description><![CDATA[Type: Restaurant<br>Neighborhood: Loop<br>Reviews: <br>Address: 312 W Adam St, Chicago, IL 60606]]></description>
        <styleUrl>#icon-1899-0F9D58</styleUrl>
        <ExtendedData>
          <Data name="Type">
            <value>Restaurant</value>
          </Data>
          <Data name="Neighborhood">
            <value>Loop</value>
          </Data>
          <Data name="Reviews">
            <value/>
          </Data>
          <Data name="Address">
            <value>312 W Adam St, Chicago, IL 60606</value>
          </Data>
        </ExtendedData>
      </Placemark>
      <Placemark>
        <name>The Gage</name>
        <address>24 S Michigan Ave, Chicago, IL 60603</address>
        <description><![CDATA[Type: Restaurant<br>Neighborhood: Loop<br>Reviews: <br>Address: 24 S Michigan Ave, Chicago, IL 60603]]></description>
        <styleUrl>#icon-1899-0F9D58</styleUrl>
        <ExtendedData>
          <Data name="Type">
            <value>Restaurant</value>
          </Data>
          <Data name="Neighborhood">
            <value>Loop</value>
          </Data>
          <Data name="Reviews">
            <value/>
          </Data>
          <Data name="Address">
            <value>24 S Michigan Ave, Chicago, IL 60603</value>
          </Data>
        </ExtendedData>
      </Placemark>
      <Placemark>
        <name><![CDATA[Wilma's Famous BBQ & Tavern]]></name>
        <address>17 N Wabash Ave, Chicago, IL 60602</address>
        <description><![CDATA[Type: Restaurant<br>Neighborhood: Loop<br>Reviews: <br>Address: 17 N Wabash Ave, Chicago, IL 60602]]></description>
        <styleUrl>#icon-1899-0F9D58</styleUrl>
        <ExtendedData>
          <Data name="Type">
            <value>Restaurant</value>
          </Data>
          <Data name="Neighborhood">
            <value>Loop</value>
          </Data>
          <Data name="Reviews">
            <value/>
          </Data>
          <Data name="Address">
            <value>17 N Wabash Ave, Chicago, IL 60602</value>
          </Data>
        </ExtendedData>
      </Placemark>
      <Placemark>
        <name>Block 37</name>
        <address>108 N State St, Chicago, IL 60602</address>
        <description><![CDATA[Type: Retail<br>Neighborhood: Loop<br>Reviews: <br>Address: 108 N State St, Chicago, IL 60602]]></description>
        <styleUrl>#icon-1899-0F9D58</styleUrl>
        <ExtendedData>
          <Data name="Type">
            <value>Retail</value>
          </Data>
          <Data name="Neighborhood">
            <value>Loop</value>
          </Data>
          <Data name="Reviews">
            <value/>
          </Data>
          <Data name="Address">
            <value>108 N State St, Chicago, IL 60602</value>
          </Data>
        </ExtendedData>
      </Placemark>
      <Placemark>
        <name>Do-Rite</name>
        <address>233 S Wacker Dr, Chicago, IL 60606</address>
        <description><![CDATA[Type: Snack<br>Neighborhood: Loop<br>Reviews: <br>Address: 233 S Wacker Dr, Chicago, IL 60606]]></description>
        <styleUrl>#icon-1899-0F9D58</styleUrl>
        <ExtendedData>
          <Data name="Type">
            <value>Snack</value>
          </Data>
          <Data name="Neighborhood">
            <value>Loop</value>
          </Data>
          <Data name="Reviews">
            <value/>
          </Data>
          <Data name="Address">
            <value>233 S Wacker Dr, Chicago, IL 60606</value>
          </Data>
        </ExtendedData>
      </Placemark>
      <Placemark>
        <name><![CDATA[Garrett's Popcorn]]></name>
        <address>173 N Michigan Ave, Chicago, IL 60601</address>
        <description><![CDATA[Type: Snack<br>Neighborhood: Loop<br>Reviews: <br>Address: 173 N Michigan Ave, Chicago, IL 60601]]></description>
        <styleUrl>#icon-1899-0F9D58</styleUrl>
        <ExtendedData>
          <Data name="Type">
            <value>Snack</value>
          </Data>
          <Data name="Neighborhood">
            <value>Loop</value>
          </Data>
          <Data name="Reviews">
            <value/>
          </Data>
          <Data name="Address">
            <value>173 N Michigan Ave, Chicago, IL 60601</value>
          </Data>
        </ExtendedData>
      </Placemark>
      <Placemark>
        <name><![CDATA[Garrett's Popcorn]]></name>
        <address>27 W Jackson Blvd, Chicago, IL 60604</address>
        <description><![CDATA[Type: Snack<br>Neighborhood: Loop<br>Reviews: <br>Address: 27 W Jackson Blvd, Chicago, IL 60604]]></description>
        <styleUrl>#icon-1899-0F9D58</styleUrl>
        <ExtendedData>
          <Data name="Type">
            <value>Snack</value>
          </Data>
          <Data name="Neighborhood">
            <value>Loop</value>
          </Data>
          <Data name="Reviews">
            <value/>
          </Data>
          <Data name="Address">
            <value>27 W Jackson Blvd, Chicago, IL 60604</value>
          </Data>
        </ExtendedData>
      </Placemark>
      <Placemark>
        <name>Kong Dog</name>
        <address>77 E Adams St, Chicago, IL 60603</address>
        <description><![CDATA[Type: Snack<br>Neighborhood: Loop<br>Reviews: <br>Address: 77 E Adams St, Chicago, IL 60603]]></description>
        <styleUrl>#icon-1899-0F9D58</styleUrl>
        <ExtendedData>
          <Data name="Type">
            <value>Snack</value>
          </Data>
          <Data name="Neighborhood">
            <value>Loop</value>
          </Data>
          <Data name="Reviews">
            <value/>
          </Data>
          <Data name="Address">
            <value>77 E Adams St, Chicago, IL 60603</value>
          </Data>
        </ExtendedData>
      </Placemark>
      <Placemark>
        <name><![CDATA[Stan's Donuts]]></name>
        <address>15 W Washington St, IL 60602</address>
        <description><![CDATA[Type: Snack<br>Neighborhood: Loop<br>Reviews: <br>Address: 15 W Washington St, IL 60602]]></description>
        <styleUrl>#icon-1899-0F9D58</styleUrl>
        <ExtendedData>
          <Data name="Type">
            <value>Snack</value>
          </Data>
          <Data name="Neighborhood">
            <value>Loop</value>
          </Data>
          <Data name="Reviews">
            <value/>
          </Data>
          <Data name="Address">
            <value>15 W Washington St, IL 60602</value>
          </Data>
        </ExtendedData>
      </Placemark>
      <Placemark>
        <name>Chicago Bulls</name>
        <address>1901 W Madison St, Chicago, IL 60612</address>
        <description><![CDATA[Type: Activity<br>Neighborhood: Near West Side<br>Reviews: Watch Chicago Bulls game<br>Address: 1901 W Madison St, Chicago, IL 60612]]></description>
        <styleUrl>#icon-1899-BDBDBD</styleUrl>
        <ExtendedData>
          <Data name="Type">
            <value>Activity</value>
          </Data>
          <Data name="Neighborhood">
            <value>Near West Side</value>
          </Data>
          <Data name="Reviews">
            <value>Watch Chicago Bulls game</value>
          </Data>
          <Data name="Address">
            <value>1901 W Madison St, Chicago, IL 60612</value>
          </Data>
        </ExtendedData>
      </Placemark>
      <Placemark>
        <name>King Wok</name>
        <address>2323 W Madison St, Chicago, IL 60612</address>
        <description><![CDATA[Type: Restaurant<br>Neighborhood: Near West Side<br>Reviews: <br>Address: 2323 W Madison St, Chicago, IL 60612]]></description>
        <styleUrl>#icon-1899-BDBDBD</styleUrl>
        <ExtendedData>
          <Data name="Type">
            <value>Restaurant</value>
          </Data>
          <Data name="Neighborhood">
            <value>Near West Side</value>
          </Data>
          <Data name="Reviews">
            <value/>
          </Data>
          <Data name="Address">
            <value>2323 W Madison St, Chicago, IL 60612</value>
          </Data>
        </ExtendedData>
      </Placemark>
      <Placemark>
        <name>Nash Bros</name>
        <address>9353 N Milwaukee Ave, Niles, IL 60714</address>
        <description><![CDATA[Type: Restaurant<br>Neighborhood: Niles<br>Reviews: <br>Address: 9353 N Milwaukee Ave, Niles, IL 60714]]></description>
        <styleUrl>#icon-1899-BDBDBD</styleUrl>
        <ExtendedData>
          <Data name="Type">
            <value>Restaurant</value>
          </Data>
          <Data name="Neighborhood">
            <value>Niles</value>
          </Data>
          <Data name="Reviews">
            <value/>
          </Data>
          <Data name="Address">
            <value>9353 N Milwaukee Ave, Niles, IL 60714</value>
          </Data>
        </ExtendedData>
      </Placemark>
      <Placemark>
        <name>Azul</name>
        <address>1177 N Elston Ave, Chicago, IL 60642</address>
        <description><![CDATA[Type: Bar<br>Neighborhood: Noble Square<br>Reviews: <br>Address: 1177 N Elston Ave, Chicago, IL 60642]]></description>
        <styleUrl>#icon-1899-AFB42B</styleUrl>
        <ExtendedData>
          <Data name="Type">
            <value>Bar</value>
          </Data>
          <Data name="Neighborhood">
            <value>Noble Square</value>
          </Data>
          <Data name="Reviews">
            <value/>
          </Data>
          <Data name="Address">
            <value>1177 N Elston Ave, Chicago, IL 60642</value>
          </Data>
        </ExtendedData>
      </Placemark>
      <Placemark>
        <name>Wax Vinyl</name>
        <address>1549 W Chicago Ave, Chicago, IL 60642</address>
        <description><![CDATA[Type: Bar<br>Neighborhood: Noble Square<br>Reviews: vinyl djs, good ramen<br>Address: 1549 W Chicago Ave, Chicago, IL 60642]]></description>
        <styleUrl>#icon-1899-AFB42B</styleUrl>
        <ExtendedData>
          <Data name="Type">
            <value>Bar</value>
          </Data>
          <Data name="Neighborhood">
            <value>Noble Square</value>
          </Data>
          <Data name="Reviews">
            <value>vinyl djs, good ramen</value>
          </Data>
          <Data name="Address">
            <value>1549 W Chicago Ave, Chicago, IL 60642</value>
          </Data>
        </ExtendedData>
      </Placemark>
      <Placemark>
        <name>Beauty Bar</name>
        <address>1444 W Chicago Ave, Chicago, IL 60642</address>
        <description><![CDATA[Type: Club<br>Neighborhood: Noble Square<br>Reviews: <br>Address: 1444 W Chicago Ave, Chicago, IL 60642]]></description>
        <styleUrl>#icon-1899-AFB42B</styleUrl>
        <ExtendedData>
          <Data name="Type">
            <value>Club</value>
          </Data>
          <Data name="Neighborhood">
            <value>Noble Square</value>
          </Data>
          <Data name="Reviews">
            <value/>
          </Data>
          <Data name="Address">
            <value>1444 W Chicago Ave, Chicago, IL 60642</value>
          </Data>
        </ExtendedData>
      </Placemark>
      <Placemark>
        <name>Frontier</name>
        <address>1072 N Milwaukee Ave, Chicago, IL 60642</address>
        <description><![CDATA[Type: Restaurant<br>Neighborhood: Noble Square<br>Reviews: <br>Address: 1072 N Milwaukee Ave, Chicago, IL 60642]]></description>
        <styleUrl>#icon-1899-AFB42B</styleUrl>
        <ExtendedData>
          <Data name="Type">
            <value>Restaurant</value>
          </Data>
          <Data name="Neighborhood">
            <value>Noble Square</value>
          </Data>
          <Data name="Reviews">
            <value/>
          </Data>
          <Data name="Address">
            <value>1072 N Milwaukee Ave, Chicago, IL 60642</value>
          </Data>
        </ExtendedData>
      </Placemark>
      <Placemark>
        <name>Fry The Coop</name>
        <address>1529 W Chicago Ave, Chicago, IL 60642</address>
        <description><![CDATA[Type: Restaurant<br>Neighborhood: Noble Square<br>Reviews: <br>Address: 1529 W Chicago Ave, Chicago, IL 60642]]></description>
        <styleUrl>#icon-1899-AFB42B</styleUrl>
        <ExtendedData>
          <Data name="Type">
            <value>Restaurant</value>
          </Data>
          <Data name="Neighborhood">
            <value>Noble Square</value>
          </Data>
          <Data name="Reviews">
            <value/>
          </Data>
          <Data name="Address">
            <value>1529 W Chicago Ave, Chicago, IL 60642</value>
          </Data>
        </ExtendedData>
      </Placemark>
      <Placemark>
        <name>Kin Sushi And Thai</name>
        <address>1132 N Milwaukee Ave, Chicago, IL 60642</address>
        <description><![CDATA[Type: Restaurant<br>Neighborhood: Noble Square<br>Reviews: <br>Address: 1132 N Milwaukee Ave, Chicago, IL 60642]]></description>
        <styleUrl>#icon-1899-AFB42B</styleUrl>
        <ExtendedData>
          <Data name="Type">
            <value>Restaurant</value>
          </Data>
          <Data name="Neighborhood">
            <value>Noble Square</value>
          </Data>
          <Data name="Reviews">
            <value/>
          </Data>
          <Data name="Address">
            <value>1132 N Milwaukee Ave, Chicago, IL 60642</value>
          </Data>
        </ExtendedData>
      </Placemark>
      <Placemark>
        <name>Noble Thai</name>
        <address>1371 W Chicago Ave, IL 60642</address>
        <description><![CDATA[Type: Restaurant<br>Neighborhood: Noble Square<br>Reviews: <br>Address: 1371 W Chicago Ave, IL 60642]]></description>
        <styleUrl>#icon-1899-AFB42B</styleUrl>
        <ExtendedData>
          <Data name="Type">
            <value>Restaurant</value>
          </Data>
          <Data name="Neighborhood">
            <value>Noble Square</value>
          </Data>
          <Data name="Reviews">
            <value/>
          </Data>
          <Data name="Address">
            <value>1371 W Chicago Ave, IL 60642</value>
          </Data>
        </ExtendedData>
      </Placemark>
      <Placemark>
        <name>Tuk Tuk Thai Isan Street Food</name>
        <address>1500 W Division St, Chicago, IL 60642</address>
        <description><![CDATA[Type: Restaurant<br>Neighborhood: Noble Square<br>Reviews: Carb ragoons, green curry, pad see ew, pad kee mao<br>Address: 1500 W Division St, Chicago, IL 60642]]></description>
        <styleUrl>#icon-1899-AFB42B</styleUrl>
        <ExtendedData>
          <Data name="Type">
            <value>Restaurant</value>
          </Data>
          <Data name="Neighborhood">
            <value>Noble Square</value>
          </Data>
          <Data name="Reviews">
            <value>Carb ragoons, green curry, pad see ew, pad kee mao</value>
          </Data>
          <Data name="Address">
            <value>1500 W Division St, Chicago, IL 60642</value>
          </Data>
        </ExtendedData>
      </Placemark>
      <Placemark>
        <name>Long Room</name>
        <address>1612 W Irving Park Rd, Chicago, IL 60613</address>
        <description><![CDATA[Type: Bar<br>Neighborhood: North Center<br>Reviews: relaxed bar & coffeehouse with a back patio<br>Address: 1612 W Irving Park Rd, Chicago, IL 60613]]></description>
        <styleUrl>#icon-1899-BDBDBD</styleUrl>
        <ExtendedData>
          <Data name="Type">
            <value>Bar</value>
          </Data>
          <Data name="Neighborhood">
            <value>North Center</value>
          </Data>
          <Data name="Reviews">
            <value><![CDATA[relaxed bar & coffeehouse with a back patio]]></value>
          </Data>
          <Data name="Address">
            <value>1612 W Irving Park Rd, Chicago, IL 60613</value>
          </Data>
        </ExtendedData>
      </Placemark>
      <Placemark>
        <name>The Victor Bar</name>
        <address>4011 N Damen Ave, Chicago, IL 60618</address>
        <description><![CDATA[Type: Bar<br>Neighborhood: North Center<br>Reviews: cozy vibes, library downstairs<br>Address: 4011 N Damen Ave, Chicago, IL 60618]]></description>
        <styleUrl>#icon-1899-BDBDBD</styleUrl>
        <ExtendedData>
          <Data name="Type">
            <value>Bar</value>
          </Data>
          <Data name="Neighborhood">
            <value>North Center</value>
          </Data>
          <Data name="Reviews">
            <value>cozy vibes, library downstairs</value>
          </Data>
          <Data name="Address">
            <value>4011 N Damen Ave, Chicago, IL 60618</value>
          </Data>
        </ExtendedData>
      </Placemark>
      <Placemark>
        <name>Botanical Cafe</name>
        <address>3740 N Lincoln Ave, Chicago, IL 60613</address>
        <description><![CDATA[Type: Cafe<br>Neighborhood: North Center<br>Reviews: <br>Address: 3740 N Lincoln Ave, Chicago, IL 60613]]></description>
        <styleUrl>#icon-1899-BDBDBD</styleUrl>
        <ExtendedData>
          <Data name="Type">
            <value>Cafe</value>
          </Data>
          <Data name="Neighborhood">
            <value>North Center</value>
          </Data>
          <Data name="Reviews">
            <value/>
          </Data>
          <Data name="Address">
            <value>3740 N Lincoln Ave, Chicago, IL 60613</value>
          </Data>
        </ExtendedData>
      </Placemark>
      <Placemark>
        <name>Cho Sun Ok</name>
        <address>4200 N Lincoln Ave, Chicago, IL 60618</address>
        <description><![CDATA[Type: Restaurant<br>Neighborhood: North Center<br>Reviews: <br>Address: 4200 N Lincoln Ave, Chicago, IL 60618]]></description>
        <styleUrl>#icon-1899-BDBDBD</styleUrl>
        <ExtendedData>
          <Data name="Type">
            <value>Restaurant</value>
          </Data>
          <Data name="Neighborhood">
            <value>North Center</value>
          </Data>
          <Data name="Reviews">
            <value/>
          </Data>
          <Data name="Address">
            <value>4200 N Lincoln Ave, Chicago, IL 60618</value>
          </Data>
        </ExtendedData>
      </Placemark>
      <Placemark>
        <name>Soul Food Lounge</name>
        <address>3804 W 16th St, Chicago, IL 60623</address>
        <description><![CDATA[Type: Restaurant<br>Neighborhood: North Lawndale<br>Reviews: <br>Address: 3804 W 16th St, Chicago, IL 60623]]></description>
        <styleUrl>#icon-1899-BDBDBD</styleUrl>
        <ExtendedData>
          <Data name="Type">
            <value>Restaurant</value>
          </Data>
          <Data name="Neighborhood">
            <value>North Lawndale</value>
          </Data>
          <Data name="Reviews">
            <value/>
          </Data>
          <Data name="Address">
            <value>3804 W 16th St, Chicago, IL 60623</value>
          </Data>
        </ExtendedData>
      </Placemark>
      <Placemark>
        <name>Soulé</name>
        <address>3615 W Roosevelt Rd, Chicago, IL 60624</address>
        <description><![CDATA[Type: Restaurant<br>Neighborhood: North Lawndale<br>Reviews: <br>Address: 3615 W Roosevelt Rd, Chicago, IL 60624]]></description>
        <styleUrl>#icon-1899-BDBDBD</styleUrl>
        <ExtendedData>
          <Data name="Type">
            <value>Restaurant</value>
          </Data>
          <Data name="Neighborhood">
            <value>North Lawndale</value>
          </Data>
          <Data name="Reviews">
            <value/>
          </Data>
          <Data name="Address">
            <value>3615 W Roosevelt Rd, Chicago, IL 60624</value>
          </Data>
        </ExtendedData>
      </Placemark>
      <Placemark>
        <name>Old Irving Brewing</name>
        <address>4419 W Montrose Ave, Chicago, IL 60641</address>
        <description><![CDATA[Type: Bar<br>Neighborhood: Old Irving Park<br>Reviews: Good wings<br>Address: 4419 W Montrose Ave, Chicago, IL 60641]]></description>
        <styleUrl>#icon-1899-BDBDBD</styleUrl>
        <ExtendedData>
          <Data name="Type">
            <value>Bar</value>
          </Data>
          <Data name="Neighborhood">
            <value>Old Irving Park</value>
          </Data>
          <Data name="Reviews">
            <value>Good wings</value>
          </Data>
          <Data name="Address">
            <value>4419 W Montrose Ave, Chicago, IL 60641</value>
          </Data>
        </ExtendedData>
      </Placemark>
      <Placemark>
        <name>Second City</name>
        <address>1628 N Wells St, Chicago, IL 60614</address>
        <description><![CDATA[Type: Activity<br>Neighborhood: Old Town<br>Reviews: Very funny comedy shows<br>Address: 1628 N Wells St, Chicago, IL 60614]]></description>
        <styleUrl>#icon-1899-006064</styleUrl>
        <ExtendedData>
          <Data name="Type">
            <value>Activity</value>
          </Data>
          <Data name="Neighborhood">
            <value>Old Town</value>
          </Data>
          <Data name="Reviews">
            <value>Very funny comedy shows</value>
          </Data>
          <Data name="Address">
            <value>1628 N Wells St, Chicago, IL 60614</value>
          </Data>
        </ExtendedData>
      </Placemark>
      <Placemark>
        <name>Benchmark</name>
        <address>1510 N Wells St, Chicago, IL 60610</address>
        <description><![CDATA[Type: Bar<br>Neighborhood: Old Town<br>Reviews: <br>Address: 1510 N Wells St, Chicago, IL 60610]]></description>
        <styleUrl>#icon-1899-006064</styleUrl>
        <ExtendedData>
          <Data name="Type">
            <value>Bar</value>
          </Data>
          <Data name="Neighborhood">
            <value>Old Town</value>
          </Data>
          <Data name="Reviews">
            <value/>
          </Data>
          <Data name="Address">
            <value>1510 N Wells St, Chicago, IL 60610</value>
          </Data>
        </ExtendedData>
      </Placemark>
      <Placemark>
        <name>Cache</name>
        <address>1446 N Wells St, Chicago, IL 60610</address>
        <description><![CDATA[Type: Bar<br>Neighborhood: Old Town<br>Reviews: Upscale speakeasy bar<br>Address: 1446 N Wells St, Chicago, IL 60610]]></description>
        <styleUrl>#icon-1899-006064</styleUrl>
        <ExtendedData>
          <Data name="Type">
            <value>Bar</value>
          </Data>
          <Data name="Neighborhood">
            <value>Old Town</value>
          </Data>
          <Data name="Reviews">
            <value>Upscale speakeasy bar</value>
          </Data>
          <Data name="Address">
            <value>1446 N Wells St, Chicago, IL 60610</value>
          </Data>
        </ExtendedData>
      </Placemark>
      <Placemark>
        <name>J Parker</name>
        <address>1816 N Clark St, Chicago, IL 60614</address>
        <description><![CDATA[Type: Bar<br>Neighborhood: Old Town<br>Reviews: rec'd by multiple people<br>Address: 1816 N Clark St, Chicago, IL 60614]]></description>
        <styleUrl>#icon-1899-006064</styleUrl>
        <ExtendedData>
          <Data name="Type">
            <value>Bar</value>
          </Data>
          <Data name="Neighborhood">
            <value>Old Town</value>
          </Data>
          <Data name="Reviews">
            <value><![CDATA[rec'd by multiple people]]></value>
          </Data>
          <Data name="Address">
            <value>1816 N Clark St, Chicago, IL 60614</value>
          </Data>
        </ExtendedData>
      </Placemark>
      <Placemark>
        <name><![CDATA[Marge's Still]]></name>
        <address>1758 N Sedgwick St, Chicago, IL 60614</address>
        <description><![CDATA[Type: Bar<br>Neighborhood: Old Town<br>Reviews: Oldest bar in Chicago, $5 shot of malort<br>Address: 1758 N Sedgwick St, Chicago, IL 60614]]></description>
        <styleUrl>#icon-1899-006064</styleUrl>
        <ExtendedData>
          <Data name="Type">
            <value>Bar</value>
          </Data>
          <Data name="Neighborhood">
            <value>Old Town</value>
          </Data>
          <Data name="Reviews">
            <value>Oldest bar in Chicago, $5 shot of malort</value>
          </Data>
          <Data name="Address">
            <value>1758 N Sedgwick St, Chicago, IL 60614</value>
          </Data>
        </ExtendedData>
      </Placemark>
      <Placemark>
        <name>Utopian Tailgate</name>
        <address>1608 N Wells St, Chicago, IL 60614</address>
        <description><![CDATA[Type: Bar<br>Neighborhood: Old Town<br>Reviews: Rooftop bar<br>Address: 1608 N Wells St, Chicago, IL 60614]]></description>
        <styleUrl>#icon-1899-006064</styleUrl>
        <ExtendedData>
          <Data name="Type">
            <value>Bar</value>
          </Data>
          <Data name="Neighborhood">
            <value>Old Town</value>
          </Data>
          <Data name="Reviews">
            <value>Rooftop bar</value>
          </Data>
          <Data name="Address">
            <value>1608 N Wells St, Chicago, IL 60614</value>
          </Data>
        </ExtendedData>
      </Placemark>
      <Placemark>
        <name>No. 9</name>
        <address>1543 N Kingsbury St, Chicago, IL 60642</address>
        <description><![CDATA[Type: Club<br>Neighborhood: Old Town<br>Reviews: <br>Address: 1543 N Kingsbury St, Chicago, IL 60642]]></description>
        <styleUrl>#icon-1899-006064</styleUrl>
        <ExtendedData>
          <Data name="Type">
            <value>Club</value>
          </Data>
          <Data name="Neighborhood">
            <value>Old Town</value>
          </Data>
          <Data name="Reviews">
            <value/>
          </Data>
          <Data name="Address">
            <value>1543 N Kingsbury St, Chicago, IL 60642</value>
          </Data>
        </ExtendedData>
      </Placemark>
      <Placemark>
        <name>Prysm</name>
        <address>1543 N Kingsbury St, Chicago, IL 60642</address>
        <description><![CDATA[Type: Club<br>Neighborhood: Old Town<br>Reviews: <br>Address: 1543 N Kingsbury St, Chicago, IL 60642]]></description>
        <styleUrl>#icon-1899-006064</styleUrl>
        <ExtendedData>
          <Data name="Type">
            <value>Club</value>
          </Data>
          <Data name="Neighborhood">
            <value>Old Town</value>
          </Data>
          <Data name="Reviews">
            <value/>
          </Data>
          <Data name="Address">
            <value>1543 N Kingsbury St, Chicago, IL 60642</value>
          </Data>
        </ExtendedData>
      </Placemark>
      <Placemark>
        <name>Happy Camper</name>
        <address>1209 N Wells St, Chicago, IL 60610</address>
        <description><![CDATA[Type: Restaurant<br>Neighborhood: Old Town<br>Reviews: <br>Address: 1209 N Wells St, Chicago, IL 60610]]></description>
        <styleUrl>#icon-1899-006064</styleUrl>
        <ExtendedData>
          <Data name="Type">
            <value>Restaurant</value>
          </Data>
          <Data name="Neighborhood">
            <value>Old Town</value>
          </Data>
          <Data name="Reviews">
            <value/>
          </Data>
          <Data name="Address">
            <value>1209 N Wells St, Chicago, IL 60610</value>
          </Data>
        </ExtendedData>
      </Placemark>
      <Placemark>
        <name>Summerhouse Santa Monica</name>
        <address>1954 N Halsted St, Chicago, IL 60614</address>
        <description><![CDATA[Type: Restaurant<br>Neighborhood: Old Town<br>Reviews: <br>Address: 1954 N Halsted St, Chicago, IL 60614]]></description>
        <styleUrl>#icon-1899-006064</styleUrl>
        <ExtendedData>
          <Data name="Type">
            <value>Restaurant</value>
          </Data>
          <Data name="Neighborhood">
            <value>Old Town</value>
          </Data>
          <Data name="Reviews">
            <value/>
          </Data>
          <Data name="Address">
            <value>1954 N Halsted St, Chicago, IL 60614</value>
          </Data>
        </ExtendedData>
      </Placemark>
      <Placemark>
        <name>Sushi San</name>
        <address>1950 N Halsted St, Chicago, IL 60614</address>
        <description><![CDATA[Type: Restaurant<br>Neighborhood: Old Town<br>Reviews: <br>Address: 1950 N Halsted St, Chicago, IL 60614]]></description>
        <styleUrl>#icon-1899-006064</styleUrl>
        <ExtendedData>
          <Data name="Type">
            <value>Restaurant</value>
          </Data>
          <Data name="Neighborhood">
            <value>Old Town</value>
          </Data>
          <Data name="Reviews">
            <value/>
          </Data>
          <Data name="Address">
            <value>1950 N Halsted St, Chicago, IL 60614</value>
          </Data>
        </ExtendedData>
      </Placemark>
      <Placemark>
        <name>Topo Gigio</name>
        <address>1514 N Wells St, Chicago, IL 60610</address>
        <description><![CDATA[Type: Restaurant<br>Neighborhood: Old Town<br>Reviews: <br>Address: 1514 N Wells St, Chicago, IL 60610]]></description>
        <styleUrl>#icon-1899-006064</styleUrl>
        <ExtendedData>
          <Data name="Type">
            <value>Restaurant</value>
          </Data>
          <Data name="Neighborhood">
            <value>Old Town</value>
          </Data>
          <Data name="Reviews">
            <value/>
          </Data>
          <Data name="Address">
            <value>1514 N Wells St, Chicago, IL 60610</value>
          </Data>
        </ExtendedData>
      </Placemark>
      <Placemark>
        <name>Trattoria Gianni</name>
        <address>1711 N Halsted St, Chicago, IL 60614</address>
        <description><![CDATA[Type: Restaurant<br>Neighborhood: Old Town<br>Reviews: <br>Address: 1711 N Halsted St, Chicago, IL 60614]]></description>
        <styleUrl>#icon-1899-006064</styleUrl>
        <ExtendedData>
          <Data name="Type">
            <value>Restaurant</value>
          </Data>
          <Data name="Neighborhood">
            <value>Old Town</value>
          </Data>
          <Data name="Reviews">
            <value/>
          </Data>
          <Data name="Address">
            <value>1711 N Halsted St, Chicago, IL 60614</value>
          </Data>
        </ExtendedData>
      </Placemark>
      <Placemark>
        <name>Twin Anchors</name>
        <address>1655 N Sedgwick St, Chicago, IL 60614</address>
        <description><![CDATA[Type: Restaurant<br>Neighborhood: Old Town<br>Reviews: good ribs, $4.50 shots of malort, Dark Knight scene filmed here<br>Address: 1655 N Sedgwick St, Chicago, IL 60614]]></description>
        <styleUrl>#icon-1899-006064</styleUrl>
        <ExtendedData>
          <Data name="Type">
            <value>Restaurant</value>
          </Data>
          <Data name="Neighborhood">
            <value>Old Town</value>
          </Data>
          <Data name="Reviews">
            <value>good ribs, $4.50 shots of malort, Dark Knight scene filmed here</value>
          </Data>
          <Data name="Address">
            <value>1655 N Sedgwick St, Chicago, IL 60614</value>
          </Data>
        </ExtendedData>
      </Placemark>
      <Placemark>
        <name>Union Sushi</name>
        <address>1457 N Halsted St, Chicago, IL 60610</address>
        <description><![CDATA[Type: Restaurant<br>Neighborhood: Old Town<br>Reviews: <br>Address: 1457 N Halsted St, Chicago, IL 60610]]></description>
        <styleUrl>#icon-1899-006064</styleUrl>
        <ExtendedData>
          <Data name="Type">
            <value>Restaurant</value>
          </Data>
          <Data name="Neighborhood">
            <value>Old Town</value>
          </Data>
          <Data name="Reviews">
            <value/>
          </Data>
          <Data name="Address">
            <value>1457 N Halsted St, Chicago, IL 60610</value>
          </Data>
        </ExtendedData>
      </Placemark>
      <Placemark>
        <name>El Trebol</name>
        <address>1135 W 18th St, Chicago, IL 60608</address>
        <description><![CDATA[Type: Bar<br>Neighborhood: Pilsen<br>Reviews: cash only<br>Address: 1135 W 18th St, Chicago, IL 60608]]></description>
        <styleUrl>#icon-1899-A52714</styleUrl>
        <ExtendedData>
          <Data name="Type">
            <value>Bar</value>
          </Data>
          <Data name="Neighborhood">
            <value>Pilsen</value>
          </Data>
          <Data name="Reviews">
            <value>cash only</value>
          </Data>
          <Data name="Address">
            <value>1135 W 18th St, Chicago, IL 60608</value>
          </Data>
        </ExtendedData>
      </Placemark>
      <Placemark>
        <name>The Giant Penny Whistle</name>
        <address>1854 S Blue Island Ave, Chicago, IL 60608</address>
        <description><![CDATA[Type: Bar<br>Neighborhood: Pilsen<br>Reviews: On Thursdays tribe night<br>Address: 1854 S Blue Island Ave, Chicago, IL 60608]]></description>
        <styleUrl>#icon-1899-A52714</styleUrl>
        <ExtendedData>
          <Data name="Type">
            <value>Bar</value>
          </Data>
          <Data name="Neighborhood">
            <value>Pilsen</value>
          </Data>
          <Data name="Reviews">
            <value>On Thursdays tribe night</value>
          </Data>
          <Data name="Address">
            <value>1854 S Blue Island Ave, Chicago, IL 60608</value>
          </Data>
        </ExtendedData>
      </Placemark>
      <Placemark>
        <name>Carniceria Maribel</name>
        <address>1801 W Cermak Rd, Chicago, IL 60608, United States</address>
        <description><![CDATA[Type: Restaurant<br>Neighborhood: Pilsen<br>Reviews: <br>Address: 1801 W Cermak Rd, Chicago, IL 60608, United States]]></description>
        <styleUrl>#icon-1899-A52714</styleUrl>
        <ExtendedData>
          <Data name="Type">
            <value>Restaurant</value>
          </Data>
          <Data name="Neighborhood">
            <value>Pilsen</value>
          </Data>
          <Data name="Reviews">
            <value/>
          </Data>
          <Data name="Address">
            <value>1801 W Cermak Rd, Chicago, IL 60608, United States</value>
          </Data>
        </ExtendedData>
      </Placemark>
      <Placemark>
        <name>Novel Pizza Cafe</name>
        <address>1759 W 19th St, Chicago, IL 60608</address>
        <description><![CDATA[Type: Restaurant<br>Neighborhood: Pilsen<br>Reviews: <br>Address: 1759 W 19th St, Chicago, IL 60608]]></description>
        <styleUrl>#icon-1899-A52714</styleUrl>
        <ExtendedData>
          <Data name="Type">
            <value>Restaurant</value>
          </Data>
          <Data name="Neighborhood">
            <value>Pilsen</value>
          </Data>
          <Data name="Reviews">
            <value/>
          </Data>
          <Data name="Address">
            <value>1759 W 19th St, Chicago, IL 60608</value>
          </Data>
        </ExtendedData>
      </Placemark>
      <Placemark>
        <name>Pilsen Yards</name>
        <address>1163 W 18th St, Chicago, IL 60608</address>
        <description><![CDATA[Type: Restaurant<br>Neighborhood: Pilsen<br>Reviews: <br>Address: 1163 W 18th St, Chicago, IL 60608]]></description>
        <styleUrl>#icon-1899-A52714</styleUrl>
        <ExtendedData>
          <Data name="Type">
            <value>Restaurant</value>
          </Data>
          <Data name="Neighborhood">
            <value>Pilsen</value>
          </Data>
          <Data name="Reviews">
            <value/>
          </Data>
          <Data name="Address">
            <value>1163 W 18th St, Chicago, IL 60608</value>
          </Data>
        </ExtendedData>
      </Placemark>
      <Placemark>
        <name>Quesabirria Jalisco</name>
        <address>1314 W 18th St, Chicago, IL 60608</address>
        <description><![CDATA[Type: Restaurant<br>Neighborhood: Pilsen<br>Reviews: <br>Address: 1314 W 18th St, Chicago, IL 60608]]></description>
        <styleUrl>#icon-1899-A52714</styleUrl>
        <ExtendedData>
          <Data name="Type">
            <value>Restaurant</value>
          </Data>
          <Data name="Neighborhood">
            <value>Pilsen</value>
          </Data>
          <Data name="Reviews">
            <value/>
          </Data>
          <Data name="Address">
            <value>1314 W 18th St, Chicago, IL 60608</value>
          </Data>
        </ExtendedData>
      </Placemark>
      <Placemark>
        <name><![CDATA[Rubi's Tacos]]></name>
        <address>1316 W 18th St, Chicago, IL 60608, United States</address>
        <description><![CDATA[Type: Restaurant<br>Neighborhood: Pilsen<br>Reviews: <br>Address: 1316 W 18th St, Chicago, IL 60608, United States]]></description>
        <styleUrl>#icon-1899-A52714</styleUrl>
        <ExtendedData>
          <Data name="Type">
            <value>Restaurant</value>
          </Data>
          <Data name="Neighborhood">
            <value>Pilsen</value>
          </Data>
          <Data name="Reviews">
            <value/>
          </Data>
          <Data name="Address">
            <value>1316 W 18th St, Chicago, IL 60608, United States</value>
          </Data>
        </ExtendedData>
      </Placemark>
      <Placemark>
        <name>National Veterans Art Museum</name>
        <address>4041 N Milwaukee Ave, Chicago, IL 60641</address>
        <description><![CDATA[Type: Museum<br>Neighborhood: Portage Park<br>Reviews: <br>Address: 4041 N Milwaukee Ave, Chicago, IL 60641]]></description>
        <styleUrl>#icon-1899-BDBDBD</styleUrl>
        <ExtendedData>
          <Data name="Type">
            <value>Museum</value>
          </Data>
          <Data name="Neighborhood">
            <value>Portage Park</value>
          </Data>
          <Data name="Reviews">
            <value/>
          </Data>
          <Data name="Address">
            <value>4041 N Milwaukee Ave, Chicago, IL 60641</value>
          </Data>
        </ExtendedData>
      </Placemark>
      <Placemark>
        <name>Pullman National Historical Park</name>
        <address>610 E 111th St, Chicago, IL 60628</address>
        <description><![CDATA[Type: Park<br>Neighborhood: Pullman<br>Reviews: Historical neighborhood/museum<br>Address: 610 E 111th St, Chicago, IL 60628]]></description>
        <styleUrl>#icon-1899-BDBDBD</styleUrl>
        <ExtendedData>
          <Data name="Type">
            <value>Park</value>
          </Data>
          <Data name="Neighborhood">
            <value>Pullman</value>
          </Data>
          <Data name="Reviews">
            <value>Historical neighborhood/museum</value>
          </Data>
          <Data name="Address">
            <value>610 E 111th St, Chicago, IL 60628</value>
          </Data>
        </ExtendedData>
      </Placemark>
      <Placemark>
        <name>Architectural Boat Tour</name>
        <address>401 N Michigan Ave, Chicago, IL 60611</address>
        <description><![CDATA[Type: Activity<br>Neighborhood: River North<br>Reviews: rec'd by multiple people<br>Address: 401 N Michigan Ave, Chicago, IL 60611]]></description>
        <styleUrl>#icon-1899-1A237E</styleUrl>
        <ExtendedData>
          <Data name="Type">
            <value>Activity</value>
          </Data>
          <Data name="Neighborhood">
            <value>River North</value>
          </Data>
          <Data name="Reviews">
            <value><![CDATA[rec'd by multiple people]]></value>
          </Data>
          <Data name="Address">
            <value>401 N Michigan Ave, Chicago, IL 60611</value>
          </Data>
        </ExtendedData>
      </Placemark>
      <Placemark>
        <name><![CDATA[Andy's Jazz Club]]></name>
        <address>11 E Hubbard St, Chicago, IL 60611</address>
        <description><![CDATA[Type: Bar<br>Neighborhood: River North<br>Reviews: rec'd by multiple people, BRING JR<br>Address: 11 E Hubbard St, Chicago, IL 60611]]></description>
        <styleUrl>#icon-1899-1A237E</styleUrl>
        <ExtendedData>
          <Data name="Type">
            <value>Bar</value>
          </Data>
          <Data name="Neighborhood">
            <value>River North</value>
          </Data>
          <Data name="Reviews">
            <value><![CDATA[rec'd by multiple people, BRING JR]]></value>
          </Data>
          <Data name="Address">
            <value>11 E Hubbard St, Chicago, IL 60611</value>
          </Data>
        </ExtendedData>
      </Placemark>
      <Placemark>
        <name>Bodega Bar</name>
        <address>15 E Ohio St, Chicago, IL 60611</address>
        <description><![CDATA[Type: Bar<br>Neighborhood: River North<br>Reviews: <br>Address: 15 E Ohio St, Chicago, IL 60611]]></description>
        <styleUrl>#icon-1899-1A237E</styleUrl>
        <ExtendedData>
          <Data name="Type">
            <value>Bar</value>
          </Data>
          <Data name="Neighborhood">
            <value>River North</value>
          </Data>
          <Data name="Reviews">
            <value/>
          </Data>
          <Data name="Address">
            <value>15 E Ohio St, Chicago, IL 60611</value>
          </Data>
        </ExtendedData>
      </Placemark>
      <Placemark>
        <name>Celeste</name>
        <address>111 W Hubbard St, Chicago, IL 60654</address>
        <description><![CDATA[Type: Bar<br>Neighborhood: River North<br>Reviews: <br>Address: 111 W Hubbard St, Chicago, IL 60654]]></description>
        <styleUrl>#icon-1899-1A237E</styleUrl>
        <ExtendedData>
          <Data name="Type">
            <value>Bar</value>
          </Data>
          <Data name="Neighborhood">
            <value>River North</value>
          </Data>
          <Data name="Reviews">
            <value/>
          </Data>
          <Data name="Address">
            <value>111 W Hubbard St, Chicago, IL 60654</value>
          </Data>
        </ExtendedData>
      </Placemark>
      <Placemark>
        <name>Gilt Bar</name>
        <address>230 W Kinzie St, Chicago, IL 60654</address>
        <description><![CDATA[Type: Bar<br>Neighborhood: River North<br>Reviews: library downstairs<br>Address: 230 W Kinzie St, Chicago, IL 60654]]></description>
        <styleUrl>#icon-1899-1A237E</styleUrl>
        <ExtendedData>
          <Data name="Type">
            <value>Bar</value>
          </Data>
          <Data name="Neighborhood">
            <value>River North</value>
          </Data>
          <Data name="Reviews">
            <value>library downstairs</value>
          </Data>
          <Data name="Address">
            <value>230 W Kinzie St, Chicago, IL 60654</value>
          </Data>
        </ExtendedData>
      </Placemark>
      <Placemark>
        <name>Headquarters Beercade</name>
        <address>213 W Institute Place, Chicago, IL 60610</address>
        <description><![CDATA[Type: Bar<br>Neighborhood: River North<br>Reviews: I (Allen) did not like this bar<br>Address: 213 W Institute Place, Chicago, IL 60610]]></description>
        <styleUrl>#icon-1899-1A237E</styleUrl>
        <ExtendedData>
          <Data name="Type">
            <value>Bar</value>
          </Data>
          <Data name="Neighborhood">
            <value>River North</value>
          </Data>
          <Data name="Reviews">
            <value>I (Allen) did not like this bar</value>
          </Data>
          <Data name="Address">
            <value>213 W Institute Place, Chicago, IL 60610</value>
          </Data>
        </ExtendedData>
      </Placemark>
      <Placemark>
        <name>Howl at the Moon</name>
        <address>26 W Hubbard St, Chicago, IL 60654</address>
        <description><![CDATA[Type: Bar<br>Neighborhood: River North<br>Reviews: Has live music every night<br>Address: 26 W Hubbard St, Chicago, IL 60654]]></description>
        <styleUrl>#icon-1899-1A237E</styleUrl>
        <ExtendedData>
          <Data name="Type">
            <value>Bar</value>
          </Data>
          <Data name="Neighborhood">
            <value>River North</value>
          </Data>
          <Data name="Reviews">
            <value>Has live music every night</value>
          </Data>
          <Data name="Address">
            <value>26 W Hubbard St, Chicago, IL 60654</value>
          </Data>
        </ExtendedData>
      </Placemark>
      <Placemark>
        <name>Hubbard Inn</name>
        <address>110 W Hubbard St, Chicago, IL 60654</address>
        <description><![CDATA[Type: Bar<br>Neighborhood: River North<br>Reviews: Go upstairs<br>Address: 110 W Hubbard St, Chicago, IL 60654]]></description>
        <styleUrl>#icon-1899-1A237E</styleUrl>
        <ExtendedData>
          <Data name="Type">
            <value>Bar</value>
          </Data>
          <Data name="Neighborhood">
            <value>River North</value>
          </Data>
          <Data name="Reviews">
            <value>Go upstairs</value>
          </Data>
          <Data name="Address">
            <value>110 W Hubbard St, Chicago, IL 60654</value>
          </Data>
        </ExtendedData>
      </Placemark>
      <Placemark>
        <name>Io Godfrey</name>
        <address>127 W Huron St, Chicago, IL 60654</address>
        <description><![CDATA[Type: Bar<br>Neighborhood: River North<br>Reviews: rec'd by multiple people<br>Address: 127 W Huron St, Chicago, IL 60654]]></description>
        <styleUrl>#icon-1899-1A237E</styleUrl>
        <ExtendedData>
          <Data name="Type">
            <value>Bar</value>
          </Data>
          <Data name="Neighborhood">
            <value>River North</value>
          </Data>
          <Data name="Reviews">
            <value><![CDATA[rec'd by multiple people]]></value>
          </Data>
          <Data name="Address">
            <value>127 W Huron St, Chicago, IL 60654</value>
          </Data>
        </ExtendedData>
      </Placemark>
      <Placemark>
        <name><![CDATA[Lulu's Speakeasy]]></name>
        <address>712 N Clark St, Chicago, IL 60654</address>
        <description><![CDATA[Type: Bar<br>Neighborhood: River North<br>Reviews: <br>Address: 712 N Clark St, Chicago, IL 60654]]></description>
        <styleUrl>#icon-1899-1A237E</styleUrl>
        <ExtendedData>
          <Data name="Type">
            <value>Bar</value>
          </Data>
          <Data name="Neighborhood">
            <value>River North</value>
          </Data>
          <Data name="Reviews">
            <value/>
          </Data>
          <Data name="Address">
            <value>712 N Clark St, Chicago, IL 60654</value>
          </Data>
        </ExtendedData>
      </Placemark>
      <Placemark>
        <name>Machine Engineered</name>
        <address>213 W Institute Pl, Chicago, IL 60610</address>
        <description><![CDATA[Type: Bar<br>Neighborhood: River North<br>Reviews: rec'd by multiple people<br>Address: 213 W Institute Pl, Chicago, IL 60610]]></description>
        <styleUrl>#icon-1899-1A237E</styleUrl>
        <ExtendedData>
          <Data name="Type">
            <value>Bar</value>
          </Data>
          <Data name="Neighborhood">
            <value>River North</value>
          </Data>
          <Data name="Reviews">
            <value><![CDATA[rec'd by multiple people]]></value>
          </Data>
          <Data name="Address">
            <value>213 W Institute Pl, Chicago, IL 60610</value>
          </Data>
        </ExtendedData>
      </Placemark>
      <Placemark>
        <name>Mercadito</name>
        <address>108 W Kinzie St, Chicago, IL 60654</address>
        <description><![CDATA[Type: Bar<br>Neighborhood: River North<br>Reviews: <br>Address: 108 W Kinzie St, Chicago, IL 60654]]></description>
        <styleUrl>#icon-1899-1A237E</styleUrl>
        <ExtendedData>
          <Data name="Type">
            <value>Bar</value>
          </Data>
          <Data name="Neighborhood">
            <value>River North</value>
          </Data>
          <Data name="Reviews">
            <value/>
          </Data>
          <Data name="Address">
            <value>108 W Kinzie St, Chicago, IL 60654</value>
          </Data>
        </ExtendedData>
      </Placemark>
      <Placemark>
        <name>Pop for Champagne</name>
        <address>601 N State St, Chicago, IL 60610</address>
        <description><![CDATA[Type: Bar<br>Neighborhood: River North<br>Reviews: <br>Address: 601 N State St, Chicago, IL 60610]]></description>
        <styleUrl>#icon-1899-1A237E</styleUrl>
        <ExtendedData>
          <Data name="Type">
            <value>Bar</value>
          </Data>
          <Data name="Neighborhood">
            <value>River North</value>
          </Data>
          <Data name="Reviews">
            <value/>
          </Data>
          <Data name="Address">
            <value>601 N State St, Chicago, IL 60610</value>
          </Data>
        </ExtendedData>
      </Placemark>
      <Placemark>
        <name>Storyville</name>
        <address>712 N Clark St, Chicago, IL 60654</address>
        <description><![CDATA[Type: Bar<br>Neighborhood: River North<br>Reviews: <br>Address: 712 N Clark St, Chicago, IL 60654]]></description>
        <styleUrl>#icon-1899-1A237E</styleUrl>
        <ExtendedData>
          <Data name="Type">
            <value>Bar</value>
          </Data>
          <Data name="Neighborhood">
            <value>River North</value>
          </Data>
          <Data name="Reviews">
            <value/>
          </Data>
          <Data name="Address">
            <value>712 N Clark St, Chicago, IL 60654</value>
          </Data>
        </ExtendedData>
      </Placemark>
      <Placemark>
        <name>The Redhead Piano Bar</name>
        <address>16 W Ontario St, Chicago, IL 60654</address>
        <description><![CDATA[Type: Bar<br>Neighborhood: River North<br>Reviews: Jazz bar, BRING JR<br>Address: 16 W Ontario St, Chicago, IL 60654]]></description>
        <styleUrl>#icon-1899-1A237E</styleUrl>
        <ExtendedData>
          <Data name="Type">
            <value>Bar</value>
          </Data>
          <Data name="Neighborhood">
            <value>River North</value>
          </Data>
          <Data name="Reviews">
            <value>Jazz bar, BRING JR</value>
          </Data>
          <Data name="Address">
            <value>16 W Ontario St, Chicago, IL 60654</value>
          </Data>
        </ExtendedData>
      </Placemark>
      <Placemark>
        <name>The Smith</name>
        <address>400 N Clark St, Chicago, IL 60654</address>
        <description><![CDATA[Type: Bar<br>Neighborhood: River North<br>Reviews: <br>Address: 400 N Clark St, Chicago, IL 60654]]></description>
        <styleUrl>#icon-1899-1A237E</styleUrl>
        <ExtendedData>
          <Data name="Type">
            <value>Bar</value>
          </Data>
          <Data name="Neighborhood">
            <value>River North</value>
          </Data>
          <Data name="Reviews">
            <value/>
          </Data>
          <Data name="Address">
            <value>400 N Clark St, Chicago, IL 60654</value>
          </Data>
        </ExtendedData>
      </Placemark>
      <Placemark>
        <name>Three Dots and a Dash</name>
        <address>435 N Clark St, Chicago, IL 60654</address>
        <description><![CDATA[Type: Bar<br>Neighborhood: River North<br>Reviews: I (Allen) really like this place<br>rec'd by multiple people<br>Address: 435 N Clark St, Chicago, IL 60654]]></description>
        <styleUrl>#icon-1899-1A237E</styleUrl>
        <ExtendedData>
          <Data name="Type">
            <value>Bar</value>
          </Data>
          <Data name="Neighborhood">
            <value>River North</value>
          </Data>
          <Data name="Reviews">
            <value><![CDATA[I (Allen) really like this place
rec'd by multiple people]]></value>
          </Data>
          <Data name="Address">
            <value>435 N Clark St, Chicago, IL 60654</value>
          </Data>
        </ExtendedData>
      </Placemark>
      <Placemark>
        <name>Tree House</name>
        <address>149 W Kinzie St, Chicago, IL 60654</address>
        <description><![CDATA[Type: Bar<br>Neighborhood: River North<br>Reviews: <br>Address: 149 W Kinzie St, Chicago, IL 60654]]></description>
        <styleUrl>#icon-1899-1A237E</styleUrl>
        <ExtendedData>
          <Data name="Type">
            <value>Bar</value>
          </Data>
          <Data name="Neighborhood">
            <value>River North</value>
          </Data>
          <Data name="Reviews">
            <value/>
          </Data>
          <Data name="Address">
            <value>149 W Kinzie St, Chicago, IL 60654</value>
          </Data>
        </ExtendedData>
      </Placemark>
      <Placemark>
        <name>Upstairs At The Gwen</name>
        <address>521 N Rush St, Chicago, IL 60611</address>
        <description><![CDATA[Type: Bar<br>Neighborhood: River North<br>Reviews: <br>Address: 521 N Rush St, Chicago, IL 60611]]></description>
        <styleUrl>#icon-1899-1A237E</styleUrl>
        <ExtendedData>
          <Data name="Type">
            <value>Bar</value>
          </Data>
          <Data name="Neighborhood">
            <value>River North</value>
          </Data>
          <Data name="Reviews">
            <value/>
          </Data>
          <Data name="Address">
            <value>521 N Rush St, Chicago, IL 60611</value>
          </Data>
        </ExtendedData>
      </Placemark>
      <Placemark>
        <name>Poetry Foundation</name>
        <address>61 W Superior St, Chicago, IL 60654</address>
        <description><![CDATA[Type: Books<br>Neighborhood: River North<br>Reviews: <br>Address: 61 W Superior St, Chicago, IL 60654]]></description>
        <styleUrl>#icon-1899-1A237E</styleUrl>
        <ExtendedData>
          <Data name="Type">
            <value>Books</value>
          </Data>
          <Data name="Neighborhood">
            <value>River North</value>
          </Data>
          <Data name="Reviews">
            <value/>
          </Data>
          <Data name="Address">
            <value>61 W Superior St, Chicago, IL 60654</value>
          </Data>
        </ExtendedData>
      </Placemark>
      <Placemark>
        <name>Meli Cafe</name>
        <address>540 N Wells St, Chicago, IL 60654</address>
        <description><![CDATA[Type: Brunch<br>Neighborhood: River North<br>Reviews: <br>Address: 540 N Wells St, Chicago, IL 60654]]></description>
        <styleUrl>#icon-1899-1A237E</styleUrl>
        <ExtendedData>
          <Data name="Type">
            <value>Brunch</value>
          </Data>
          <Data name="Neighborhood">
            <value>River North</value>
          </Data>
          <Data name="Reviews">
            <value/>
          </Data>
          <Data name="Address">
            <value>540 N Wells St, Chicago, IL 60654</value>
          </Data>
        </ExtendedData>
      </Placemark>
      <Placemark>
        <name>Sunny Side Up</name>
        <address>42 E Superior St, Chicago, IL 60611</address>
        <description><![CDATA[Type: Brunch<br>Neighborhood: River North<br>Reviews: <br>Address: 42 E Superior St, Chicago, IL 60611]]></description>
        <styleUrl>#icon-1899-1A237E</styleUrl>
        <ExtendedData>
          <Data name="Type">
            <value>Brunch</value>
          </Data>
          <Data name="Neighborhood">
            <value>River North</value>
          </Data>
          <Data name="Reviews">
            <value/>
          </Data>
          <Data name="Address">
            <value>42 E Superior St, Chicago, IL 60611</value>
          </Data>
        </ExtendedData>
      </Placemark>
      <Placemark>
        <name>Blue Bottle Coffee</name>
        <address>313 W Wolf Point Plaza, Chicago, IL 60654</address>
        <description><![CDATA[Type: Cafe<br>Neighborhood: River North<br>Reviews: <br>Address: 313 W Wolf Point Plaza, Chicago, IL 60654]]></description>
        <styleUrl>#icon-1899-1A237E</styleUrl>
        <ExtendedData>
          <Data name="Type">
            <value>Cafe</value>
          </Data>
          <Data name="Neighborhood">
            <value>River North</value>
          </Data>
          <Data name="Reviews">
            <value/>
          </Data>
          <Data name="Address">
            <value>313 W Wolf Point Plaza, Chicago, IL 60654</value>
          </Data>
        </ExtendedData>
      </Placemark>
      <Placemark>
        <name>Cafe Cremerie</name>
        <address>615 N State St, Chicago, IL 60654</address>
        <description><![CDATA[Type: Cafe<br>Neighborhood: River North<br>Reviews: <br>Address: 615 N State St, Chicago, IL 60654]]></description>
        <styleUrl>#icon-1899-1A237E</styleUrl>
        <ExtendedData>
          <Data name="Type">
            <value>Cafe</value>
          </Data>
          <Data name="Neighborhood">
            <value>River North</value>
          </Data>
          <Data name="Reviews">
            <value/>
          </Data>
          <Data name="Address">
            <value>615 N State St, Chicago, IL 60654</value>
          </Data>
        </ExtendedData>
      </Placemark>
      <Placemark>
        <name><![CDATA[Layla & Ringo's]]></name>
        <address>914 N Wells St, Chicago, IL 60610</address>
        <description><![CDATA[Type: Cafe<br>Neighborhood: River North<br>Reviews: <br>Address: 914 N Wells St, Chicago, IL 60610]]></description>
        <styleUrl>#icon-1899-1A237E</styleUrl>
        <ExtendedData>
          <Data name="Type">
            <value>Cafe</value>
          </Data>
          <Data name="Neighborhood">
            <value>River North</value>
          </Data>
          <Data name="Reviews">
            <value/>
          </Data>
          <Data name="Address">
            <value>914 N Wells St, Chicago, IL 60610</value>
          </Data>
        </ExtendedData>
      </Placemark>
      <Placemark>
        <name>Bodega Nightclub</name>
        <address>353 N Clark St, Chicago, IL 60654</address>
        <description><![CDATA[Type: Club<br>Neighborhood: River North<br>Reviews: <br>Address: 353 N Clark St, Chicago, IL 60654]]></description>
        <styleUrl>#icon-1899-1A237E</styleUrl>
        <ExtendedData>
          <Data name="Type">
            <value>Club</value>
          </Data>
          <Data name="Neighborhood">
            <value>River North</value>
          </Data>
          <Data name="Reviews">
            <value/>
          </Data>
          <Data name="Address">
            <value>353 N Clark St, Chicago, IL 60654</value>
          </Data>
        </ExtendedData>
      </Placemark>
      <Placemark>
        <name>Joy District</name>
        <address>112 W Hubbard St, Chicago, IL 60654</address>
        <description><![CDATA[Type: Club<br>Neighborhood: River North<br>Reviews: rec'd by multiple people<br>Address: 112 W Hubbard St, Chicago, IL 60654]]></description>
        <styleUrl>#icon-1899-1A237E</styleUrl>
        <ExtendedData>
          <Data name="Type">
            <value>Club</value>
          </Data>
          <Data name="Neighborhood">
            <value>River North</value>
          </Data>
          <Data name="Reviews">
            <value><![CDATA[rec'd by multiple people]]></value>
          </Data>
          <Data name="Address">
            <value>112 W Hubbard St, Chicago, IL 60654</value>
          </Data>
        </ExtendedData>
      </Placemark>
      <Placemark>
        <name>LITE Chicago</name>
        <address>215 W Ontario St, Chicago, IL 60654</address>
        <description><![CDATA[Type: Club<br>Neighborhood: River North<br>Reviews: Go to "Bevy's on Sundays" event<br>Address: 215 W Ontario St, Chicago, IL 60654]]></description>
        <styleUrl>#icon-1899-1A237E</styleUrl>
        <ExtendedData>
          <Data name="Type">
            <value>Club</value>
          </Data>
          <Data name="Neighborhood">
            <value>River North</value>
          </Data>
          <Data name="Reviews">
            <value><![CDATA[Go to "Bevy's on Sundays" event]]></value>
          </Data>
          <Data name="Address">
            <value>215 W Ontario St, Chicago, IL 60654</value>
          </Data>
        </ExtendedData>
      </Placemark>
      <Placemark>
        <name>Rocbar</name>
        <address>25 W Hubbard St, Chicago, IL 60654</address>
        <description><![CDATA[Type: Club<br>Neighborhood: River North<br>Reviews: <br>Address: 25 W Hubbard St, Chicago, IL 60654]]></description>
        <styleUrl>#icon-1899-1A237E</styleUrl>
        <ExtendedData>
          <Data name="Type">
            <value>Club</value>
          </Data>
          <Data name="Neighborhood">
            <value>River North</value>
          </Data>
          <Data name="Reviews">
            <value/>
          </Data>
          <Data name="Address">
            <value>25 W Hubbard St, Chicago, IL 60654</value>
          </Data>
        </ExtendedData>
      </Placemark>
      <Placemark>
        <name>Spybar</name>
        <address>646 N Franklin St, Chicago, IL 60654</address>
        <description><![CDATA[Type: Club<br>Neighborhood: River North<br>Reviews: <br>Address: 646 N Franklin St, Chicago, IL 60654]]></description>
        <styleUrl>#icon-1899-1A237E</styleUrl>
        <ExtendedData>
          <Data name="Type">
            <value>Club</value>
          </Data>
          <Data name="Neighborhood">
            <value>River North</value>
          </Data>
          <Data name="Reviews">
            <value/>
          </Data>
          <Data name="Address">
            <value>646 N Franklin St, Chicago, IL 60654</value>
          </Data>
        </ExtendedData>
      </Placemark>
      <Placemark>
        <name>Tao</name>
        <address>632 N Dearborn St, Chicago, IL 60654</address>
        <description><![CDATA[Type: Club<br>Neighborhood: River North<br>Reviews: <br>Address: 632 N Dearborn St, Chicago, IL 60654]]></description>
        <styleUrl>#icon-1899-1A237E</styleUrl>
        <ExtendedData>
          <Data name="Type">
            <value>Club</value>
          </Data>
          <Data name="Neighborhood">
            <value>River North</value>
          </Data>
          <Data name="Reviews">
            <value/>
          </Data>
          <Data name="Address">
            <value>632 N Dearborn St, Chicago, IL 60654</value>
          </Data>
        </ExtendedData>
      </Placemark>
      <Placemark>
        <name>Tunnel</name>
        <address>151 W Kinzie St, Chicago, IL 60654</address>
        <description><![CDATA[Type: Club<br>Neighborhood: River North<br>Reviews: <br>Address: 151 W Kinzie St, Chicago, IL 60654]]></description>
        <styleUrl>#icon-1899-1A237E</styleUrl>
        <ExtendedData>
          <Data name="Type">
            <value>Club</value>
          </Data>
          <Data name="Neighborhood">
            <value>River North</value>
          </Data>
          <Data name="Reviews">
            <value/>
          </Data>
          <Data name="Address">
            <value>151 W Kinzie St, Chicago, IL 60654</value>
          </Data>
        </ExtendedData>
      </Placemark>
      <Placemark>
        <name>Y Bar</name>
        <address>224 W Ontario St, Chicago, IL 60654</address>
        <description><![CDATA[Type: Club<br>Neighborhood: River North<br>Reviews: <br>Address: 224 W Ontario St, Chicago, IL 60654]]></description>
        <styleUrl>#icon-1899-1A237E</styleUrl>
        <ExtendedData>
          <Data name="Type">
            <value>Club</value>
          </Data>
          <Data name="Neighborhood">
            <value>River North</value>
          </Data>
          <Data name="Reviews">
            <value/>
          </Data>
          <Data name="Address">
            <value>224 W Ontario St, Chicago, IL 60654</value>
          </Data>
        </ExtendedData>
      </Placemark>
      <Placemark>
        <name>The MART</name>
        <address>222 W Merchandise Mart Plaza, Chicago, IL 60654</address>
        <description><![CDATA[Type: Market<br>Neighborhood: River North<br>Reviews: <br>Address: 222 W Merchandise Mart Plaza, Chicago, IL 60654]]></description>
        <styleUrl>#icon-1899-1A237E</styleUrl>
        <ExtendedData>
          <Data name="Type">
            <value>Market</value>
          </Data>
          <Data name="Neighborhood">
            <value>River North</value>
          </Data>
          <Data name="Reviews">
            <value/>
          </Data>
          <Data name="Address">
            <value>222 W Merchandise Mart Plaza, Chicago, IL 60654</value>
          </Data>
        </ExtendedData>
      </Placemark>
      <Placemark>
        <name>Driehaus Museum</name>
        <address>50 E Erie St, Chicago, IL 60611</address>
        <description><![CDATA[Type: Museum<br>Neighborhood: River North<br>Reviews: <br>Address: 50 E Erie St, Chicago, IL 60611]]></description>
        <styleUrl>#icon-1899-1A237E</styleUrl>
        <ExtendedData>
          <Data name="Type">
            <value>Museum</value>
          </Data>
          <Data name="Neighborhood">
            <value>River North</value>
          </Data>
          <Data name="Reviews">
            <value/>
          </Data>
          <Data name="Address">
            <value>50 E Erie St, Chicago, IL 60611</value>
          </Data>
        </ExtendedData>
      </Placemark>
      <Placemark>
        <name>Bar Goa</name>
        <address>116 W Hubbard St, Chicago, IL 60654</address>
        <description><![CDATA[Type: Restaurant<br>Neighborhood: River North<br>Reviews: <br>Address: 116 W Hubbard St, Chicago, IL 60654]]></description>
        <styleUrl>#icon-1899-1A237E</styleUrl>
        <ExtendedData>
          <Data name="Type">
            <value>Restaurant</value>
          </Data>
          <Data name="Neighborhood">
            <value>River North</value>
          </Data>
          <Data name="Reviews">
            <value/>
          </Data>
          <Data name="Address">
            <value>116 W Hubbard St, Chicago, IL 60654</value>
          </Data>
        </ExtendedData>
      </Placemark>
      <Placemark>
        <name><![CDATA[Bavette's Bar & Boeuf]]></name>
        <address>218 W Kinzie St, Chicago, IL 60654</address>
        <description><![CDATA[Type: Restaurant<br>Neighborhood: River North<br>Reviews: <br>Address: 218 W Kinzie St, Chicago, IL 60654]]></description>
        <styleUrl>#icon-1899-1A237E</styleUrl>
        <ExtendedData>
          <Data name="Type">
            <value>Restaurant</value>
          </Data>
          <Data name="Neighborhood">
            <value>River North</value>
          </Data>
          <Data name="Reviews">
            <value/>
          </Data>
          <Data name="Address">
            <value>218 W Kinzie St, Chicago, IL 60654</value>
          </Data>
        </ExtendedData>
      </Placemark>
      <Placemark>
        <name>Big Sauce</name>
        <address>831 N Sedgwick St, Chicago, IL 60610</address>
        <description><![CDATA[Type: Restaurant<br>Neighborhood: River North<br>Reviews: from tiktok, good wings<br>Address: 831 N Sedgwick St, Chicago, IL 60610]]></description>
        <styleUrl>#icon-1899-1A237E</styleUrl>
        <ExtendedData>
          <Data name="Type">
            <value>Restaurant</value>
          </Data>
          <Data name="Neighborhood">
            <value>River North</value>
          </Data>
          <Data name="Reviews">
            <value>from tiktok, good wings</value>
          </Data>
          <Data name="Address">
            <value>831 N Sedgwick St, Chicago, IL 60610</value>
          </Data>
        </ExtendedData>
      </Placemark>
      <Placemark>
        <name><![CDATA[Blue Sushi Sake & Grill]]></name>
        <address>415 N Dearborn St, Chicago, IL 60654</address>
        <description><![CDATA[Type: Restaurant<br>Neighborhood: River North<br>Reviews: <br>Address: 415 N Dearborn St, Chicago, IL 60654]]></description>
        <styleUrl>#icon-1899-1A237E</styleUrl>
        <ExtendedData>
          <Data name="Type">
            <value>Restaurant</value>
          </Data>
          <Data name="Neighborhood">
            <value>River North</value>
          </Data>
          <Data name="Reviews">
            <value/>
          </Data>
          <Data name="Address">
            <value>415 N Dearborn St, Chicago, IL 60654</value>
          </Data>
        </ExtendedData>
      </Placemark>
      <Placemark>
        <name>Chalet</name>
        <address>228 W Chicago Ave, Chicago, IL 60654</address>
        <description><![CDATA[Type: Restaurant<br>Neighborhood: River North<br>Reviews: <br>Address: 228 W Chicago Ave, Chicago, IL 60654]]></description>
        <styleUrl>#icon-1899-1A237E</styleUrl>
        <ExtendedData>
          <Data name="Type">
            <value>Restaurant</value>
          </Data>
          <Data name="Neighborhood">
            <value>River North</value>
          </Data>
          <Data name="Reviews">
            <value/>
          </Data>
          <Data name="Address">
            <value>228 W Chicago Ave, Chicago, IL 60654</value>
          </Data>
        </ExtendedData>
      </Placemark>
      <Placemark>
        <name>Crying Tiger</name>
        <address>51 W Hubbard St, Chicago, IL 60654</address>
        <description><![CDATA[Type: Restaurant<br>Neighborhood: River North<br>Reviews: upscale chinese food<br>rec'd by multiple people<br>Address: 51 W Hubbard St, Chicago, IL 60654]]></description>
        <styleUrl>#icon-1899-1A237E</styleUrl>
        <ExtendedData>
          <Data name="Type">
            <value>Restaurant</value>
          </Data>
          <Data name="Neighborhood">
            <value>River North</value>
          </Data>
          <Data name="Reviews">
            <value><![CDATA[upscale chinese food
rec'd by multiple people]]></value>
          </Data>
          <Data name="Address">
            <value>51 W Hubbard St, Chicago, IL 60654</value>
          </Data>
        </ExtendedData>
      </Placemark>
      <Placemark>
        <name>Eately</name>
        <address>43 E Ohio St, Chicago, IL 60611</address>
        <description><![CDATA[Type: Restaurant<br>Neighborhood: River North<br>Reviews: <br>Address: 43 E Ohio St, Chicago, IL 60611]]></description>
        <styleUrl>#icon-1899-1A237E</styleUrl>
        <ExtendedData>
          <Data name="Type">
            <value>Restaurant</value>
          </Data>
          <Data name="Neighborhood">
            <value>River North</value>
          </Data>
          <Data name="Reviews">
            <value/>
          </Data>
          <Data name="Address">
            <value>43 E Ohio St, Chicago, IL 60611</value>
          </Data>
        </ExtendedData>
      </Placemark>
      <Placemark>
        <name>Friends Sushi</name>
        <address>710 N Rush St, Chicago, IL 60611</address>
        <description><![CDATA[Type: Restaurant<br>Neighborhood: River North<br>Reviews: <br>Address: 710 N Rush St, Chicago, IL 60611]]></description>
        <styleUrl>#icon-1899-1A237E</styleUrl>
        <ExtendedData>
          <Data name="Type">
            <value>Restaurant</value>
          </Data>
          <Data name="Neighborhood">
            <value>River North</value>
          </Data>
          <Data name="Reviews">
            <value/>
          </Data>
          <Data name="Address">
            <value>710 N Rush St, Chicago, IL 60611</value>
          </Data>
        </ExtendedData>
      </Placemark>
      <Placemark>
        <name>Gordon Ramsay Burger</name>
        <address>2 E Ontario St, Chicago, IL 60611</address>
        <description><![CDATA[Type: Restaurant<br>Neighborhood: River North<br>Reviews: <br>Address: 2 E Ontario St, Chicago, IL 60611]]></description>
        <styleUrl>#icon-1899-1A237E</styleUrl>
        <ExtendedData>
          <Data name="Type">
            <value>Restaurant</value>
          </Data>
          <Data name="Neighborhood">
            <value>River North</value>
          </Data>
          <Data name="Reviews">
            <value/>
          </Data>
          <Data name="Address">
            <value>2 E Ontario St, Chicago, IL 60611</value>
          </Data>
        </ExtendedData>
      </Placemark>
      <Placemark>
        <name>Il Porcellino</name>
        <address>59 W Hubbard St, Chicago, IL 60654</address>
        <description><![CDATA[Type: Restaurant<br>Neighborhood: River North<br>Reviews: <br>Address: 59 W Hubbard St, Chicago, IL 60654]]></description>
        <styleUrl>#icon-1899-1A237E</styleUrl>
        <ExtendedData>
          <Data name="Type">
            <value>Restaurant</value>
          </Data>
          <Data name="Neighborhood">
            <value>River North</value>
          </Data>
          <Data name="Reviews">
            <value/>
          </Data>
          <Data name="Address">
            <value>59 W Hubbard St, Chicago, IL 60654</value>
          </Data>
        </ExtendedData>
      </Placemark>
      <Placemark>
        <name>India House</name>
        <address>59 W Grand Ave, Chicago, IL 60654</address>
        <description><![CDATA[Type: Restaurant<br>Neighborhood: River North<br>Reviews: <br>Address: 59 W Grand Ave, Chicago, IL 60654]]></description>
        <styleUrl>#icon-1899-1A237E</styleUrl>
        <ExtendedData>
          <Data name="Type">
            <value>Restaurant</value>
          </Data>
          <Data name="Neighborhood">
            <value>River North</value>
          </Data>
          <Data name="Reviews">
            <value/>
          </Data>
          <Data name="Address">
            <value>59 W Grand Ave, Chicago, IL 60654</value>
          </Data>
        </ExtendedData>
      </Placemark>
      <Placemark>
        <name><![CDATA[Joe's Seafood]]></name>
        <address>60 E Grand Ave, Chicago, IL 60611</address>
        <description><![CDATA[Type: Restaurant<br>Neighborhood: River North<br>Reviews: <br>Address: 60 E Grand Ave, Chicago, IL 60611]]></description>
        <styleUrl>#icon-1899-1A237E</styleUrl>
        <ExtendedData>
          <Data name="Type">
            <value>Restaurant</value>
          </Data>
          <Data name="Neighborhood">
            <value>River North</value>
          </Data>
          <Data name="Reviews">
            <value/>
          </Data>
          <Data name="Address">
            <value>60 E Grand Ave, Chicago, IL 60611</value>
          </Data>
        </ExtendedData>
      </Placemark>
      <Placemark>
        <name>Kitchen And Kocktails</name>
        <address>339 N Dearborn St, Chicago, IL 60654</address>
        <description><![CDATA[Type: Restaurant<br>Neighborhood: River North<br>Reviews: rec'd by multiple people<br>Allen: I like their food<br>Address: 339 N Dearborn St, Chicago, IL 60654]]></description>
        <styleUrl>#icon-1899-1A237E</styleUrl>
        <ExtendedData>
          <Data name="Type">
            <value>Restaurant</value>
          </Data>
          <Data name="Neighborhood">
            <value>River North</value>
          </Data>
          <Data name="Reviews">
            <value><![CDATA[rec'd by multiple people
Allen: I like their food]]></value>
          </Data>
          <Data name="Address">
            <value>339 N Dearborn St, Chicago, IL 60654</value>
          </Data>
        </ExtendedData>
      </Placemark>
      <Placemark>
        <name><![CDATA[Marshall's Landing]]></name>
        <address>222 W Merchandise Mart Plaza, Chicago, IL 60654</address>
        <description><![CDATA[Type: Restaurant<br>Neighborhood: River North<br>Reviews: <br>Address: 222 W Merchandise Mart Plaza, Chicago, IL 60654]]></description>
        <styleUrl>#icon-1899-1A237E</styleUrl>
        <ExtendedData>
          <Data name="Type">
            <value>Restaurant</value>
          </Data>
          <Data name="Neighborhood">
            <value>River North</value>
          </Data>
          <Data name="Reviews">
            <value/>
          </Data>
          <Data name="Address">
            <value>222 W Merchandise Mart Plaza, Chicago, IL 60654</value>
          </Data>
        </ExtendedData>
      </Placemark>
      <Placemark>
        <name>Mazala Pizza</name>
        <address>70 W Huron St, Chicago, IL 60654</address>
        <description><![CDATA[Type: Restaurant<br>Neighborhood: River North<br>Reviews: <br>Address: 70 W Huron St, Chicago, IL 60654]]></description>
        <styleUrl>#icon-1899-1A237E</styleUrl>
        <ExtendedData>
          <Data name="Type">
            <value>Restaurant</value>
          </Data>
          <Data name="Neighborhood">
            <value>River North</value>
          </Data>
          <Data name="Reviews">
            <value/>
          </Data>
          <Data name="Address">
            <value>70 W Huron St, Chicago, IL 60654</value>
          </Data>
        </ExtendedData>
      </Placemark>
      <Placemark>
        <name>Mendocino Farms</name>
        <address>508 N Clark St, Chicago, IL 60654</address>
        <description><![CDATA[Type: Restaurant<br>Neighborhood: River North<br>Reviews: <br>Address: 508 N Clark St, Chicago, IL 60654]]></description>
        <styleUrl>#icon-1899-1A237E</styleUrl>
        <ExtendedData>
          <Data name="Type">
            <value>Restaurant</value>
          </Data>
          <Data name="Neighborhood">
            <value>River North</value>
          </Data>
          <Data name="Reviews">
            <value/>
          </Data>
          <Data name="Address">
            <value>508 N Clark St, Chicago, IL 60654</value>
          </Data>
        </ExtendedData>
      </Placemark>
      <Placemark>
        <name>Nonnina</name>
        <address>508 N Clark St, Chicago, IL 60654</address>
        <description><![CDATA[Type: Restaurant<br>Neighborhood: River North<br>Reviews: <br>Address: 508 N Clark St, Chicago, IL 60654]]></description>
        <styleUrl>#icon-1899-1A237E</styleUrl>
        <ExtendedData>
          <Data name="Type">
            <value>Restaurant</value>
          </Data>
          <Data name="Neighborhood">
            <value>River North</value>
          </Data>
          <Data name="Reviews">
            <value/>
          </Data>
          <Data name="Address">
            <value>508 N Clark St, Chicago, IL 60654</value>
          </Data>
        </ExtendedData>
      </Placemark>
      <Placemark>
        <name>Obelix</name>
        <address>700 N Sedgwick St, Chicago, IL 60654</address>
        <description><![CDATA[Type: Restaurant<br>Neighborhood: River North<br>Reviews: French<br>Address: 700 N Sedgwick St, Chicago, IL 60654]]></description>
        <styleUrl>#icon-1899-1A237E</styleUrl>
        <ExtendedData>
          <Data name="Type">
            <value>Restaurant</value>
          </Data>
          <Data name="Neighborhood">
            <value>River North</value>
          </Data>
          <Data name="Reviews">
            <value>French</value>
          </Data>
          <Data name="Address">
            <value>700 N Sedgwick St, Chicago, IL 60654</value>
          </Data>
        </ExtendedData>
      </Placemark>
      <Placemark>
        <name>Osteria Del Pastaio</name>
        <address>340 N Clark St, Chicago, IL 60654</address>
        <description><![CDATA[Type: Restaurant<br>Neighborhood: River North<br>Reviews: <br>Address: 340 N Clark St, Chicago, IL 60654]]></description>
        <styleUrl>#icon-1899-1A237E</styleUrl>
        <ExtendedData>
          <Data name="Type">
            <value>Restaurant</value>
          </Data>
          <Data name="Neighborhood">
            <value>River North</value>
          </Data>
          <Data name="Reviews">
            <value/>
          </Data>
          <Data name="Address">
            <value>340 N Clark St, Chicago, IL 60654</value>
          </Data>
        </ExtendedData>
      </Placemark>
      <Placemark>
        <name>Parlor Pizza</name>
        <address>405 N Dearborn St, Chicago, IL 60654</address>
        <description><![CDATA[Type: Restaurant<br>Neighborhood: River North<br>Reviews: rec'd by multiple people<br>Address: 405 N Dearborn St, Chicago, IL 60654]]></description>
        <styleUrl>#icon-1899-1A237E</styleUrl>
        <ExtendedData>
          <Data name="Type">
            <value>Restaurant</value>
          </Data>
          <Data name="Neighborhood">
            <value>River North</value>
          </Data>
          <Data name="Reviews">
            <value><![CDATA[rec'd by multiple people]]></value>
          </Data>
          <Data name="Address">
            <value>405 N Dearborn St, Chicago, IL 60654</value>
          </Data>
        </ExtendedData>
      </Placemark>
      <Placemark>
        <name>Pizzeria Portofino</name>
        <address>317 N Clark St, Chicago, IL 60654</address>
        <description><![CDATA[Type: Restaurant<br>Neighborhood: River North<br>Reviews: <br>Address: 317 N Clark St, Chicago, IL 60654]]></description>
        <styleUrl>#icon-1899-1A237E</styleUrl>
        <ExtendedData>
          <Data name="Type">
            <value>Restaurant</value>
          </Data>
          <Data name="Neighborhood">
            <value>River North</value>
          </Data>
          <Data name="Reviews">
            <value/>
          </Data>
          <Data name="Address">
            <value>317 N Clark St, Chicago, IL 60654</value>
          </Data>
        </ExtendedData>
      </Placemark>
      <Placemark>
        <name>Planta Queen</name>
        <address>413 N Clark St, Chicago, IL 60654</address>
        <description><![CDATA[Type: Restaurant<br>Neighborhood: River North<br>Reviews: <br>Address: 413 N Clark St, Chicago, IL 60654]]></description>
        <styleUrl>#icon-1899-1A237E</styleUrl>
        <ExtendedData>
          <Data name="Type">
            <value>Restaurant</value>
          </Data>
          <Data name="Neighborhood">
            <value>River North</value>
          </Data>
          <Data name="Reviews">
            <value/>
          </Data>
          <Data name="Address">
            <value>413 N Clark St, Chicago, IL 60654</value>
          </Data>
        </ExtendedData>
      </Placemark>
      <Placemark>
        <name><![CDATA[Portillo's Pizza]]></name>
        <address>100 W Ontario St, Chicago, IL 60610</address>
        <description><![CDATA[Type: Restaurant<br>Neighborhood: River North<br>Reviews: <br>Address: 100 W Ontario St, Chicago, IL 60610]]></description>
        <styleUrl>#icon-1899-1A237E</styleUrl>
        <ExtendedData>
          <Data name="Type">
            <value>Restaurant</value>
          </Data>
          <Data name="Neighborhood">
            <value>River North</value>
          </Data>
          <Data name="Reviews">
            <value/>
          </Data>
          <Data name="Address">
            <value>100 W Ontario St, Chicago, IL 60610</value>
          </Data>
        </ExtendedData>
      </Placemark>
      <Placemark>
        <name>Prosecco</name>
        <address>710 N Wells St, Chicago, IL 60654</address>
        <description><![CDATA[Type: Restaurant<br>Neighborhood: River North<br>Reviews: <br>Address: 710 N Wells St, Chicago, IL 60654]]></description>
        <styleUrl>#icon-1899-1A237E</styleUrl>
        <ExtendedData>
          <Data name="Type">
            <value>Restaurant</value>
          </Data>
          <Data name="Neighborhood">
            <value>River North</value>
          </Data>
          <Data name="Reviews">
            <value/>
          </Data>
          <Data name="Address">
            <value>710 N Wells St, Chicago, IL 60654</value>
          </Data>
        </ExtendedData>
      </Placemark>
      <Placemark>
        <name>Ramen San</name>
        <address>59 W Hubbard St, Chicago, IL 60654</address>
        <description><![CDATA[Type: Restaurant<br>Neighborhood: River North<br>Reviews: try edamame hummus<br>Address: 59 W Hubbard St, Chicago, IL 60654]]></description>
        <styleUrl>#icon-1899-1A237E</styleUrl>
        <ExtendedData>
          <Data name="Type">
            <value>Restaurant</value>
          </Data>
          <Data name="Neighborhood">
            <value>River North</value>
          </Data>
          <Data name="Reviews">
            <value>try edamame hummus</value>
          </Data>
          <Data name="Address">
            <value>59 W Hubbard St, Chicago, IL 60654</value>
          </Data>
        </ExtendedData>
      </Placemark>
      <Placemark>
        <name>Roka Akor</name>
        <address>456 N Clark St, Chicago, IL 60654</address>
        <description><![CDATA[Type: Restaurant<br>Neighborhood: River North<br>Reviews: <br>Address: 456 N Clark St, Chicago, IL 60654]]></description>
        <styleUrl>#icon-1899-1A237E</styleUrl>
        <ExtendedData>
          <Data name="Type">
            <value>Restaurant</value>
          </Data>
          <Data name="Neighborhood">
            <value>River North</value>
          </Data>
          <Data name="Reviews">
            <value/>
          </Data>
          <Data name="Address">
            <value>456 N Clark St, Chicago, IL 60654</value>
          </Data>
        </ExtendedData>
      </Placemark>
      <Placemark>
        <name>RPM Seafood</name>
        <address>317 N Clark St, Chicago, IL 60654</address>
        <description><![CDATA[Type: Restaurant<br>Neighborhood: River North<br>Reviews: <br>Address: 317 N Clark St, Chicago, IL 60654]]></description>
        <styleUrl>#icon-1899-1A237E</styleUrl>
        <ExtendedData>
          <Data name="Type">
            <value>Restaurant</value>
          </Data>
          <Data name="Neighborhood">
            <value>River North</value>
          </Data>
          <Data name="Reviews">
            <value/>
          </Data>
          <Data name="Address">
            <value>317 N Clark St, Chicago, IL 60654</value>
          </Data>
        </ExtendedData>
      </Placemark>
      <Placemark>
        <name>Siena Tavern</name>
        <address>51 W Kinzie St, Chicago, IL 60654</address>
        <description><![CDATA[Type: Restaurant<br>Neighborhood: River North<br>Reviews: <br>Address: 51 W Kinzie St, Chicago, IL 60654]]></description>
        <styleUrl>#icon-1899-1A237E</styleUrl>
        <ExtendedData>
          <Data name="Type">
            <value>Restaurant</value>
          </Data>
          <Data name="Neighborhood">
            <value>River North</value>
          </Data>
          <Data name="Reviews">
            <value/>
          </Data>
          <Data name="Address">
            <value>51 W Kinzie St, Chicago, IL 60654</value>
          </Data>
        </ExtendedData>
      </Placemark>
      <Placemark>
        <name>SIFR</name>
        <address>660 N Orleans St, Chicago, IL 60654</address>
        <description><![CDATA[Type: Restaurant<br>Neighborhood: River North<br>Reviews: <br>Address: 660 N Orleans St, Chicago, IL 60654]]></description>
        <styleUrl>#icon-1899-1A237E</styleUrl>
        <ExtendedData>
          <Data name="Type">
            <value>Restaurant</value>
          </Data>
          <Data name="Neighborhood">
            <value>River North</value>
          </Data>
          <Data name="Reviews">
            <value/>
          </Data>
          <Data name="Address">
            <value>660 N Orleans St, Chicago, IL 60654</value>
          </Data>
        </ExtendedData>
      </Placemark>
      <Placemark>
        <name>Soul Vibez</name>
        <address>226 W Chicago Ave, Chicago, IL 60654</address>
        <description><![CDATA[Type: Restaurant<br>Neighborhood: River North<br>Reviews: <br>Address: 226 W Chicago Ave, Chicago, IL 60654]]></description>
        <styleUrl>#icon-1899-1A237E</styleUrl>
        <ExtendedData>
          <Data name="Type">
            <value>Restaurant</value>
          </Data>
          <Data name="Neighborhood">
            <value>River North</value>
          </Data>
          <Data name="Reviews">
            <value/>
          </Data>
          <Data name="Address">
            <value>226 W Chicago Ave, Chicago, IL 60654</value>
          </Data>
        </ExtendedData>
      </Placemark>
      <Placemark>
        <name>Sushi San</name>
        <address>63 W Grand Ave, Chicago, IL 60654</address>
        <description><![CDATA[Type: Restaurant<br>Neighborhood: River North<br>Reviews: <br>Address: 63 W Grand Ave, Chicago, IL 60654]]></description>
        <styleUrl>#icon-1899-1A237E</styleUrl>
        <ExtendedData>
          <Data name="Type">
            <value>Restaurant</value>
          </Data>
          <Data name="Neighborhood">
            <value>River North</value>
          </Data>
          <Data name="Reviews">
            <value/>
          </Data>
          <Data name="Address">
            <value>63 W Grand Ave, Chicago, IL 60654</value>
          </Data>
        </ExtendedData>
      </Placemark>
      <Placemark>
        <name>Tanta</name>
        <address>118 W Grand Ave, Chicago, IL 60654</address>
        <description><![CDATA[Type: Restaurant<br>Neighborhood: River North<br>Reviews: <br>Address: 118 W Grand Ave, Chicago, IL 60654]]></description>
        <styleUrl>#icon-1899-1A237E</styleUrl>
        <ExtendedData>
          <Data name="Type">
            <value>Restaurant</value>
          </Data>
          <Data name="Neighborhood">
            <value>River North</value>
          </Data>
          <Data name="Reviews">
            <value/>
          </Data>
          <Data name="Address">
            <value>118 W Grand Ave, Chicago, IL 60654</value>
          </Data>
        </ExtendedData>
      </Placemark>
      <Placemark>
        <name>True Food Kitchen</name>
        <address>1 W Erie St, Chicago, IL 60654</address>
        <description><![CDATA[Type: Restaurant<br>Neighborhood: River North<br>Reviews: <br>Address: 1 W Erie St, Chicago, IL 60654]]></description>
        <styleUrl>#icon-1899-1A237E</styleUrl>
        <ExtendedData>
          <Data name="Type">
            <value>Restaurant</value>
          </Data>
          <Data name="Neighborhood">
            <value>River North</value>
          </Data>
          <Data name="Reviews">
            <value/>
          </Data>
          <Data name="Address">
            <value>1 W Erie St, Chicago, IL 60654</value>
          </Data>
        </ExtendedData>
      </Placemark>
      <Placemark>
        <name>Tzuco</name>
        <address>720 N State St, Chicago, IL 60654</address>
        <description><![CDATA[Type: Restaurant<br>Neighborhood: River North<br>Reviews: <br>Address: 720 N State St, Chicago, IL 60654]]></description>
        <styleUrl>#icon-1899-1A237E</styleUrl>
        <ExtendedData>
          <Data name="Type">
            <value>Restaurant</value>
          </Data>
          <Data name="Neighborhood">
            <value>River North</value>
          </Data>
          <Data name="Reviews">
            <value/>
          </Data>
          <Data name="Address">
            <value>720 N State St, Chicago, IL 60654</value>
          </Data>
        </ExtendedData>
      </Placemark>
      <Placemark>
        <name>XOCO</name>
        <address>449 N Clark St, Chicago, IL 60654</address>
        <description><![CDATA[Type: Restaurant<br>Neighborhood: River North<br>Reviews: <br>Address: 449 N Clark St, Chicago, IL 60654]]></description>
        <styleUrl>#icon-1899-1A237E</styleUrl>
        <ExtendedData>
          <Data name="Type">
            <value>Restaurant</value>
          </Data>
          <Data name="Neighborhood">
            <value>River North</value>
          </Data>
          <Data name="Reviews">
            <value/>
          </Data>
          <Data name="Address">
            <value>449 N Clark St, Chicago, IL 60654</value>
          </Data>
        </ExtendedData>
      </Placemark>
      <Placemark>
        <name>Yardbird</name>
        <address>530 N Wabash Ave, Chicago, IL 60654</address>
        <description><![CDATA[Type: Restaurant<br>Neighborhood: River North<br>Reviews: <br>Address: 530 N Wabash Ave, Chicago, IL 60654]]></description>
        <styleUrl>#icon-1899-1A237E</styleUrl>
        <ExtendedData>
          <Data name="Type">
            <value>Restaurant</value>
          </Data>
          <Data name="Neighborhood">
            <value>River North</value>
          </Data>
          <Data name="Reviews">
            <value/>
          </Data>
          <Data name="Address">
            <value>530 N Wabash Ave, Chicago, IL 60654</value>
          </Data>
        </ExtendedData>
      </Placemark>
      <Placemark>
        <name>Zarella</name>
        <address>531 N Wells St, Chicago, IL 60654</address>
        <description><![CDATA[Type: Restaurant<br>Neighborhood: River North<br>Reviews: <br>Address: 531 N Wells St, Chicago, IL 60654]]></description>
        <styleUrl>#icon-1899-1A237E</styleUrl>
        <ExtendedData>
          <Data name="Type">
            <value>Restaurant</value>
          </Data>
          <Data name="Neighborhood">
            <value>River North</value>
          </Data>
          <Data name="Reviews">
            <value/>
          </Data>
          <Data name="Address">
            <value>531 N Wells St, Chicago, IL 60654</value>
          </Data>
        </ExtendedData>
      </Placemark>
      <Placemark>
        <name>Firecakes Donuts</name>
        <address>68 W Hubbard St, Chicago, IL 60654</address>
        <description><![CDATA[Type: Snack<br>Neighborhood: River North<br>Reviews: <br>Address: 68 W Hubbard St, Chicago, IL 60654]]></description>
        <styleUrl>#icon-1899-1A237E</styleUrl>
        <ExtendedData>
          <Data name="Type">
            <value>Snack</value>
          </Data>
          <Data name="Neighborhood">
            <value>River North</value>
          </Data>
          <Data name="Reviews">
            <value/>
          </Data>
          <Data name="Address">
            <value>68 W Hubbard St, Chicago, IL 60654</value>
          </Data>
        </ExtendedData>
      </Placemark>
      <Placemark>
        <name><![CDATA[Jeni's Splendid Ice Cream]]></name>
        <address>871 N Wabash Ave, Chicago, IL 60611</address>
        <description><![CDATA[Type: Snack<br>Neighborhood: River North<br>Reviews: <br>Address: 871 N Wabash Ave, Chicago, IL 60611]]></description>
        <styleUrl>#icon-1899-1A237E</styleUrl>
        <ExtendedData>
          <Data name="Type">
            <value>Snack</value>
          </Data>
          <Data name="Neighborhood">
            <value>River North</value>
          </Data>
          <Data name="Reviews">
            <value/>
          </Data>
          <Data name="Address">
            <value>871 N Wabash Ave, Chicago, IL 60611</value>
          </Data>
        </ExtendedData>
      </Placemark>
      <Placemark>
        <name>Intuit Art Museum</name>
        <address>756 N Milwaukee Ave, Chicago, IL 60642</address>
        <description><![CDATA[Type: Museum<br>Neighborhood: River West<br>Reviews: outsider and self-taught artists<br>Address: 756 N Milwaukee Ave, Chicago, IL 60642]]></description>
        <styleUrl>#icon-1899-BDBDBD</styleUrl>
        <ExtendedData>
          <Data name="Type">
            <value>Museum</value>
          </Data>
          <Data name="Neighborhood">
            <value>River West</value>
          </Data>
          <Data name="Reviews">
            <value>outsider and self-taught artists</value>
          </Data>
          <Data name="Address">
            <value>756 N Milwaukee Ave, Chicago, IL 60642</value>
          </Data>
        </ExtendedData>
      </Placemark>
      <Placemark>
        <name>Jerk Jamaican Barbecue</name>
        <address>811 W Chicago Ave, Chicago, IL 60642</address>
        <description><![CDATA[Type: Restaurant<br>Neighborhood: River West<br>Reviews: <br>Address: 811 W Chicago Ave, Chicago, IL 60642]]></description>
        <styleUrl>#icon-1899-BDBDBD</styleUrl>
        <ExtendedData>
          <Data name="Type">
            <value>Restaurant</value>
          </Data>
          <Data name="Neighborhood">
            <value>River West</value>
          </Data>
          <Data name="Reviews">
            <value/>
          </Data>
          <Data name="Address">
            <value>811 W Chicago Ave, Chicago, IL 60642</value>
          </Data>
        </ExtendedData>
      </Placemark>
      <Placemark>
        <name>La Scarola</name>
        <address>721 W Grand Ave, Chicago, IL 60654</address>
        <description><![CDATA[Type: Restaurant<br>Neighborhood: River West<br>Reviews: <br>Address: 721 W Grand Ave, Chicago, IL 60654]]></description>
        <styleUrl>#icon-1899-BDBDBD</styleUrl>
        <ExtendedData>
          <Data name="Type">
            <value>Restaurant</value>
          </Data>
          <Data name="Neighborhood">
            <value>River West</value>
          </Data>
          <Data name="Reviews">
            <value/>
          </Data>
          <Data name="Address">
            <value>721 W Grand Ave, Chicago, IL 60654</value>
          </Data>
        </ExtendedData>
      </Placemark>
      <Placemark>
        <name>Umami Express</name>
        <address>850 W Superior St, Chicago, IL 60642</address>
        <description><![CDATA[Type: Restaurant<br>Neighborhood: River West<br>Reviews: <br>Address: 850 W Superior St, Chicago, IL 60642]]></description>
        <styleUrl>#icon-1899-BDBDBD</styleUrl>
        <ExtendedData>
          <Data name="Type">
            <value>Restaurant</value>
          </Data>
          <Data name="Neighborhood">
            <value>River West</value>
          </Data>
          <Data name="Reviews">
            <value/>
          </Data>
          <Data name="Address">
            <value>850 W Superior St, Chicago, IL 60642</value>
          </Data>
        </ExtendedData>
      </Placemark>
      <Placemark>
        <name>Leather Archives and Museum</name>
        <address>6418 N Greenview Ave, Chicago, IL 60626</address>
        <description><![CDATA[Type: Museum<br>Neighborhood: Rogers Park<br>Reviews: LGBT/kink history museum<br>Address: 6418 N Greenview Ave, Chicago, IL 60626]]></description>
        <styleUrl>#icon-1899-BDBDBD</styleUrl>
        <ExtendedData>
          <Data name="Type">
            <value>Museum</value>
          </Data>
          <Data name="Neighborhood">
            <value>Rogers Park</value>
          </Data>
          <Data name="Reviews">
            <value>LGBT/kink history museum</value>
          </Data>
          <Data name="Address">
            <value>6418 N Greenview Ave, Chicago, IL 60626</value>
          </Data>
        </ExtendedData>
      </Placemark>
      <Placemark>
        <name>Anto Pizza</name>
        <address>1547 W Jarvis Ave, Chicago, IL 60626</address>
        <description><![CDATA[Type: Restaurant<br>Neighborhood: Rogers Park<br>Reviews: <br>Address: 1547 W Jarvis Ave, Chicago, IL 60626]]></description>
        <styleUrl>#icon-1899-BDBDBD</styleUrl>
        <ExtendedData>
          <Data name="Type">
            <value>Restaurant</value>
          </Data>
          <Data name="Neighborhood">
            <value>Rogers Park</value>
          </Data>
          <Data name="Reviews">
            <value/>
          </Data>
          <Data name="Address">
            <value>1547 W Jarvis Ave, Chicago, IL 60626</value>
          </Data>
        </ExtendedData>
      </Placemark>
      <Placemark>
        <name>Kizin Creole Restaurant</name>
        <address>2311 W Howard St, Chicago, IL 60645</address>
        <description><![CDATA[Type: Restaurant<br>Neighborhood: Rogers Park<br>Reviews: Haitian restaurant<br>Address: 2311 W Howard St, Chicago, IL 60645]]></description>
        <styleUrl>#icon-1899-BDBDBD</styleUrl>
        <ExtendedData>
          <Data name="Type">
            <value>Restaurant</value>
          </Data>
          <Data name="Neighborhood">
            <value>Rogers Park</value>
          </Data>
          <Data name="Reviews">
            <value>Haitian restaurant</value>
          </Data>
          <Data name="Address">
            <value>2311 W Howard St, Chicago, IL 60645</value>
          </Data>
        </ExtendedData>
      </Placemark>
      <Placemark>
        <name>Taichi</name>
        <address>6800 N Sheridan Rd, Chicago, IL 60626</address>
        <description><![CDATA[Type: Restaurant<br>Neighborhood: Rogers Park<br>Reviews: Get spicy tonkostu ramen, good boba, they have a cute trinket wall, very nice atmosphere, quick service<br>Address: 6800 N Sheridan Rd, Chicago, IL 60626]]></description>
        <styleUrl>#icon-1899-BDBDBD</styleUrl>
        <ExtendedData>
          <Data name="Type">
            <value>Restaurant</value>
          </Data>
          <Data name="Neighborhood">
            <value>Rogers Park</value>
          </Data>
          <Data name="Reviews">
            <value>Get spicy tonkostu ramen, good boba, they have a cute trinket wall, very nice atmosphere, quick service</value>
          </Data>
          <Data name="Address">
            <value>6800 N Sheridan Rd, Chicago, IL 60626</value>
          </Data>
        </ExtendedData>
      </Placemark>
      <Placemark>
        <name>BAR22</name>
        <address>2244 S Michigan Ave, Chicago, IL 60616</address>
        <description><![CDATA[Type: Bar<br>Neighborhood: South Loop<br>Reviews: Rnb sat nights<br>Address: 2244 S Michigan Ave, Chicago, IL 60616]]></description>
        <styleUrl>#icon-1899-E65100</styleUrl>
        <ExtendedData>
          <Data name="Type">
            <value>Bar</value>
          </Data>
          <Data name="Neighborhood">
            <value>South Loop</value>
          </Data>
          <Data name="Reviews">
            <value>Rnb sat nights</value>
          </Data>
          <Data name="Address">
            <value>2244 S Michigan Ave, Chicago, IL 60616</value>
          </Data>
        </ExtendedData>
      </Placemark>
      <Placemark>
        <name><![CDATA[Kasey's Tavern]]></name>
        <address>701 S Dearborn St, Chicago, IL 60605</address>
        <description><![CDATA[Type: Bar<br>Neighborhood: South Loop<br>Reviews: <br>Address: 701 S Dearborn St, Chicago, IL 60605]]></description>
        <styleUrl>#icon-1899-E65100</styleUrl>
        <ExtendedData>
          <Data name="Type">
            <value>Bar</value>
          </Data>
          <Data name="Neighborhood">
            <value>South Loop</value>
          </Data>
          <Data name="Reviews">
            <value/>
          </Data>
          <Data name="Address">
            <value>701 S Dearborn St, Chicago, IL 60605</value>
          </Data>
        </ExtendedData>
      </Placemark>
      <Placemark>
        <name>Reggies Chicago</name>
        <address>2105 S State St, Chicago, IL 60616</address>
        <description><![CDATA[Type: Bar<br>Neighborhood: South Loop<br>Reviews: <br>Address: 2105 S State St, Chicago, IL 60616]]></description>
        <styleUrl>#icon-1899-E65100</styleUrl>
        <ExtendedData>
          <Data name="Type">
            <value>Bar</value>
          </Data>
          <Data name="Neighborhood">
            <value>South Loop</value>
          </Data>
          <Data name="Reviews">
            <value/>
          </Data>
          <Data name="Address">
            <value>2105 S State St, Chicago, IL 60616</value>
          </Data>
        </ExtendedData>
      </Placemark>
      <Placemark>
        <name>Vu Rooftop Bar</name>
        <address>133 E Cermak Rd, Chicago, IL 60616</address>
        <description><![CDATA[Type: Bar<br>Neighborhood: South Loop<br>Reviews: <br>Address: 133 E Cermak Rd, Chicago, IL 60616]]></description>
        <styleUrl>#icon-1899-E65100</styleUrl>
        <ExtendedData>
          <Data name="Type">
            <value>Bar</value>
          </Data>
          <Data name="Neighborhood">
            <value>South Loop</value>
          </Data>
          <Data name="Reviews">
            <value/>
          </Data>
          <Data name="Address">
            <value>133 E Cermak Rd, Chicago, IL 60616</value>
          </Data>
        </ExtendedData>
      </Placemark>
      <Placemark>
        <name>Williams Inn</name>
        <address>2210 S Michigan Ave, Chicago, IL 60616</address>
        <description><![CDATA[Type: Bar<br>Neighborhood: South Loop<br>Reviews: Best pizza in chicago<br>Address: 2210 S Michigan Ave, Chicago, IL 60616]]></description>
        <styleUrl>#icon-1899-E65100</styleUrl>
        <ExtendedData>
          <Data name="Type">
            <value>Bar</value>
          </Data>
          <Data name="Neighborhood">
            <value>South Loop</value>
          </Data>
          <Data name="Reviews">
            <value>Best pizza in chicago</value>
          </Data>
          <Data name="Address">
            <value>2210 S Michigan Ave, Chicago, IL 60616</value>
          </Data>
        </ExtendedData>
      </Placemark>
      <Placemark>
        <name>12th Street Beach</name>
        <address>1200 S Linn White Dr, Chicago, IL 60605</address>
        <description><![CDATA[Type: Beach<br>Neighborhood: South Loop<br>Reviews: <br>Address: 1200 S Linn White Dr, Chicago, IL 60605]]></description>
        <styleUrl>#icon-1899-E65100</styleUrl>
        <ExtendedData>
          <Data name="Type">
            <value>Beach</value>
          </Data>
          <Data name="Neighborhood">
            <value>South Loop</value>
          </Data>
          <Data name="Reviews">
            <value/>
          </Data>
          <Data name="Address">
            <value>1200 S Linn White Dr, Chicago, IL 60605</value>
          </Data>
        </ExtendedData>
      </Placemark>
      <Placemark>
        <name><![CDATA[Sandmeyer's Bookstore]]></name>
        <address>714 S Dearborn St, Chicago, IL 60605</address>
        <description><![CDATA[Type: Books<br>Neighborhood: South Loop<br>Reviews: Allen: cute little bookstore<br>Address: 714 S Dearborn St, Chicago, IL 60605]]></description>
        <styleUrl>#icon-1899-E65100</styleUrl>
        <ExtendedData>
          <Data name="Type">
            <value>Books</value>
          </Data>
          <Data name="Neighborhood">
            <value>South Loop</value>
          </Data>
          <Data name="Reviews">
            <value>Allen: cute little bookstore</value>
          </Data>
          <Data name="Address">
            <value>714 S Dearborn St, Chicago, IL 60605</value>
          </Data>
        </ExtendedData>
      </Placemark>
      <Placemark>
        <name><![CDATA[Batter & Berries]]></name>
        <address>2318 S State St, Chicago, IL 60616</address>
        <description><![CDATA[Type: Brunch<br>Neighborhood: South Loop<br>Reviews: rec'd by multiple people<br>Get french toast flight<br>Address: 2318 S State St, Chicago, IL 60616]]></description>
        <styleUrl>#icon-1899-E65100</styleUrl>
        <ExtendedData>
          <Data name="Type">
            <value>Brunch</value>
          </Data>
          <Data name="Neighborhood">
            <value>South Loop</value>
          </Data>
          <Data name="Reviews">
            <value><![CDATA[rec'd by multiple people
Get french toast flight]]></value>
          </Data>
          <Data name="Address">
            <value>2318 S State St, Chicago, IL 60616</value>
          </Data>
        </ExtendedData>
      </Placemark>
      <Placemark>
        <name>Meli Cafe</name>
        <address>500 S Dearborn St, Chicago, IL 60605</address>
        <description><![CDATA[Type: Brunch<br>Neighborhood: South Loop<br>Reviews: <br>Address: 500 S Dearborn St, Chicago, IL 60605]]></description>
        <styleUrl>#icon-1899-E65100</styleUrl>
        <ExtendedData>
          <Data name="Type">
            <value>Brunch</value>
          </Data>
          <Data name="Neighborhood">
            <value>South Loop</value>
          </Data>
          <Data name="Reviews">
            <value/>
          </Data>
          <Data name="Address">
            <value>500 S Dearborn St, Chicago, IL 60605</value>
          </Data>
        </ExtendedData>
      </Placemark>
      <Placemark>
        <name>Yolk</name>
        <address>1120 S Michigan Ave, Chicago, IL 60605</address>
        <description><![CDATA[Type: Brunch<br>Neighborhood: South Loop<br>Reviews: rec'd by multiple people<br>Address: 1120 S Michigan Ave, Chicago, IL 60605]]></description>
        <styleUrl>#icon-1899-E65100</styleUrl>
        <ExtendedData>
          <Data name="Type">
            <value>Brunch</value>
          </Data>
          <Data name="Neighborhood">
            <value>South Loop</value>
          </Data>
          <Data name="Reviews">
            <value><![CDATA[rec'd by multiple people]]></value>
          </Data>
          <Data name="Address">
            <value>1120 S Michigan Ave, Chicago, IL 60605</value>
          </Data>
        </ExtendedData>
      </Placemark>
      <Placemark>
        <name><![CDATA[Peet's Coffee]]></name>
        <address>41 E 8th St, Chicago, IL 60605</address>
        <description><![CDATA[Type: Cafe<br>Neighborhood: South Loop<br>Reviews: <br>Address: 41 E 8th St, Chicago, IL 60605]]></description>
        <styleUrl>#icon-1899-E65100</styleUrl>
        <ExtendedData>
          <Data name="Type">
            <value>Cafe</value>
          </Data>
          <Data name="Neighborhood">
            <value>South Loop</value>
          </Data>
          <Data name="Reviews">
            <value/>
          </Data>
          <Data name="Address">
            <value>41 E 8th St, Chicago, IL 60605</value>
          </Data>
        </ExtendedData>
      </Placemark>
      <Placemark>
        <name>BASSLINE</name>
        <address>2239 S Michigan Ave, Chicago, IL 60616</address>
        <description><![CDATA[Type: Club<br>Neighborhood: South Loop<br>Reviews: <br>Address: 2239 S Michigan Ave, Chicago, IL 60616]]></description>
        <styleUrl>#icon-1899-E65100</styleUrl>
        <ExtendedData>
          <Data name="Type">
            <value>Club</value>
          </Data>
          <Data name="Neighborhood">
            <value>South Loop</value>
          </Data>
          <Data name="Reviews">
            <value/>
          </Data>
          <Data name="Address">
            <value>2239 S Michigan Ave, Chicago, IL 60616</value>
          </Data>
        </ExtendedData>
      </Placemark>
      <Placemark>
        <name>Hue</name>
        <address>67 E Cermak Rd, Chicago, IL 60616</address>
        <description><![CDATA[Type: Club<br>Neighborhood: South Loop<br>Reviews: <br>Address: 67 E Cermak Rd, Chicago, IL 60616]]></description>
        <styleUrl>#icon-1899-E65100</styleUrl>
        <ExtendedData>
          <Data name="Type">
            <value>Club</value>
          </Data>
          <Data name="Neighborhood">
            <value>South Loop</value>
          </Data>
          <Data name="Reviews">
            <value/>
          </Data>
          <Data name="Address">
            <value>67 E Cermak Rd, Chicago, IL 60616</value>
          </Data>
        </ExtendedData>
      </Placemark>
      <Placemark>
        <name>Adler Planetarium</name>
        <address>1300 S DuSable Lake Shore Dr, Chicago, IL 60605</address>
        <description><![CDATA[Type: Museum<br>Neighborhood: South Loop<br>Reviews: <br>Address: 1300 S DuSable Lake Shore Dr, Chicago, IL 60605]]></description>
        <styleUrl>#icon-1899-E65100</styleUrl>
        <ExtendedData>
          <Data name="Type">
            <value>Museum</value>
          </Data>
          <Data name="Neighborhood">
            <value>South Loop</value>
          </Data>
          <Data name="Reviews">
            <value/>
          </Data>
          <Data name="Address">
            <value>1300 S DuSable Lake Shore Dr, Chicago, IL 60605</value>
          </Data>
        </ExtendedData>
      </Placemark>
      <Placemark>
        <name>Field Museum</name>
        <address>1400 S Lake Shore Dr, Chicago, IL 60605</address>
        <description><![CDATA[Type: Museum<br>Neighborhood: South Loop<br>Reviews: <br>Address: 1400 S Lake Shore Dr, Chicago, IL 60605]]></description>
        <styleUrl>#icon-1899-E65100</styleUrl>
        <ExtendedData>
          <Data name="Type">
            <value>Museum</value>
          </Data>
          <Data name="Neighborhood">
            <value>South Loop</value>
          </Data>
          <Data name="Reviews">
            <value/>
          </Data>
          <Data name="Address">
            <value>1400 S Lake Shore Dr, Chicago, IL 60605</value>
          </Data>
        </ExtendedData>
      </Placemark>
      <Placemark>
        <name>Shedd Aquarium</name>
        <address>1200 S DuSable Lake Shore Dr, Chicago, IL 60605</address>
        <description><![CDATA[Type: Museum<br>Neighborhood: South Loop<br>Reviews: <br>Address: 1200 S DuSable Lake Shore Dr, Chicago, IL 60605]]></description>
        <styleUrl>#icon-1899-E65100</styleUrl>
        <ExtendedData>
          <Data name="Type">
            <value>Museum</value>
          </Data>
          <Data name="Neighborhood">
            <value>South Loop</value>
          </Data>
          <Data name="Reviews">
            <value/>
          </Data>
          <Data name="Address">
            <value>1200 S DuSable Lake Shore Dr, Chicago, IL 60605</value>
          </Data>
        </ExtendedData>
      </Placemark>
      <Placemark>
        <name>The Blackstone</name>
        <address>636 S Michigan Ave, Chicago, IL 60605</address>
        <description><![CDATA[Type: Museum<br>Neighborhood: South Loop<br>Reviews: Art museum in a hotel<br>Address: 636 S Michigan Ave, Chicago, IL 60605]]></description>
        <styleUrl>#icon-1899-E65100</styleUrl>
        <ExtendedData>
          <Data name="Type">
            <value>Museum</value>
          </Data>
          <Data name="Neighborhood">
            <value>South Loop</value>
          </Data>
          <Data name="Reviews">
            <value>Art museum in a hotel</value>
          </Data>
          <Data name="Address">
            <value>636 S Michigan Ave, Chicago, IL 60605</value>
          </Data>
        </ExtendedData>
      </Placemark>
      <Placemark>
        <name>Chengdu Bistro Loop</name>
        <address>723 S Dearborn St, Chicago, IL 60605</address>
        <description><![CDATA[Type: Restaurant<br>Neighborhood: South Loop<br>Reviews: <br>Address: 723 S Dearborn St, Chicago, IL 60605]]></description>
        <styleUrl>#icon-1899-E65100</styleUrl>
        <ExtendedData>
          <Data name="Type">
            <value>Restaurant</value>
          </Data>
          <Data name="Neighborhood">
            <value>South Loop</value>
          </Data>
          <Data name="Reviews">
            <value/>
          </Data>
          <Data name="Address">
            <value>723 S Dearborn St, Chicago, IL 60605</value>
          </Data>
        </ExtendedData>
      </Placemark>
      <Placemark>
        <name>Chicago Firehouse Restaurant</name>
        <address>1401 S Michigan Ave, Chicago, IL 60605</address>
        <description><![CDATA[Type: Restaurant<br>Neighborhood: South Loop<br>Reviews: Josh: I should take my gf here<br>Address: 1401 S Michigan Ave, Chicago, IL 60605]]></description>
        <styleUrl>#icon-1899-E65100</styleUrl>
        <ExtendedData>
          <Data name="Type">
            <value>Restaurant</value>
          </Data>
          <Data name="Neighborhood">
            <value>South Loop</value>
          </Data>
          <Data name="Reviews">
            <value>Josh: I should take my gf here</value>
          </Data>
          <Data name="Address">
            <value>1401 S Michigan Ave, Chicago, IL 60605</value>
          </Data>
        </ExtendedData>
      </Placemark>
      <Placemark>
        <name><![CDATA[Gino's East]]></name>
        <address>521 S Dearborn St, Chicago, IL 60605</address>
        <description><![CDATA[Type: Restaurant<br>Neighborhood: South Loop<br>Reviews: <br>Address: 521 S Dearborn St, Chicago, IL 60605]]></description>
        <styleUrl>#icon-1899-E65100</styleUrl>
        <ExtendedData>
          <Data name="Type">
            <value>Restaurant</value>
          </Data>
          <Data name="Neighborhood">
            <value>South Loop</value>
          </Data>
          <Data name="Reviews">
            <value/>
          </Data>
          <Data name="Address">
            <value>521 S Dearborn St, Chicago, IL 60605</value>
          </Data>
        </ExtendedData>
      </Placemark>
      <Placemark>
        <name>Harold’s Chicken Shack</name>
        <address>612 S Wabash Ave, Chicago, IL 60605</address>
        <description><![CDATA[Type: Restaurant<br>Neighborhood: South Loop<br>Reviews: Allen: food's okay<br>Address: 612 S Wabash Ave, Chicago, IL 60605]]></description>
        <styleUrl>#icon-1899-E65100</styleUrl>
        <ExtendedData>
          <Data name="Type">
            <value>Restaurant</value>
          </Data>
          <Data name="Neighborhood">
            <value>South Loop</value>
          </Data>
          <Data name="Reviews">
            <value><![CDATA[Allen: food's okay]]></value>
          </Data>
          <Data name="Address">
            <value>612 S Wabash Ave, Chicago, IL 60605</value>
          </Data>
        </ExtendedData>
      </Placemark>
      <Placemark>
        <name>Jerk Villa</name>
        <address>2216 S Michigan Ave, Chicago, IL 60616</address>
        <description><![CDATA[Type: Restaurant<br>Neighborhood: South Loop<br>Reviews: Allen: good oxtail and goat<br>Address: 2216 S Michigan Ave, Chicago, IL 60616]]></description>
        <styleUrl>#icon-1899-E65100</styleUrl>
        <ExtendedData>
          <Data name="Type">
            <value>Restaurant</value>
          </Data>
          <Data name="Neighborhood">
            <value>South Loop</value>
          </Data>
          <Data name="Reviews">
            <value>Allen: good oxtail and goat</value>
          </Data>
          <Data name="Address">
            <value>2216 S Michigan Ave, Chicago, IL 60616</value>
          </Data>
        </ExtendedData>
      </Placemark>
      <Placemark>
        <name><![CDATA[Lou Malnati's Pizzeria]]></name>
        <address>805 S State St, Chicago, IL 60605</address>
        <description><![CDATA[Type: Restaurant<br>Neighborhood: South Loop<br>Reviews: <br>Address: 805 S State St, Chicago, IL 60605]]></description>
        <styleUrl>#icon-1899-E65100</styleUrl>
        <ExtendedData>
          <Data name="Type">
            <value>Restaurant</value>
          </Data>
          <Data name="Neighborhood">
            <value>South Loop</value>
          </Data>
          <Data name="Reviews">
            <value/>
          </Data>
          <Data name="Address">
            <value>805 S State St, Chicago, IL 60605</value>
          </Data>
        </ExtendedData>
      </Placemark>
      <Placemark>
        <name>Low Country</name>
        <address>1132 S Wabash Ave, Chicago, IL 60605</address>
        <description><![CDATA[Type: Restaurant<br>Neighborhood: South Loop<br>Reviews: rec'd by multiple people<br>seafood boil<br>Address: 1132 S Wabash Ave, Chicago, IL 60605]]></description>
        <styleUrl>#icon-1899-E65100</styleUrl>
        <ExtendedData>
          <Data name="Type">
            <value>Restaurant</value>
          </Data>
          <Data name="Neighborhood">
            <value>South Loop</value>
          </Data>
          <Data name="Reviews">
            <value><![CDATA[rec'd by multiple people
seafood boil]]></value>
          </Data>
          <Data name="Address">
            <value>1132 S Wabash Ave, Chicago, IL 60605</value>
          </Data>
        </ExtendedData>
      </Placemark>
      <Placemark>
        <name>Mikami</name>
        <address>1400 S Michigan Ave, Chicago, IL 60605</address>
        <description><![CDATA[Type: Restaurant<br>Neighborhood: South Loop<br>Reviews: tiktok rec, food looks really good<br>Address: 1400 S Michigan Ave, Chicago, IL 60605]]></description>
        <styleUrl>#icon-1899-E65100</styleUrl>
        <ExtendedData>
          <Data name="Type">
            <value>Restaurant</value>
          </Data>
          <Data name="Neighborhood">
            <value>South Loop</value>
          </Data>
          <Data name="Reviews">
            <value>tiktok rec, food looks really good</value>
          </Data>
          <Data name="Address">
            <value>1400 S Michigan Ave, Chicago, IL 60605</value>
          </Data>
        </ExtendedData>
      </Placemark>
      <Placemark>
        <name>Nepal House</name>
        <address>1301 S Michigan Ave, Chicago, IL 60605</address>
        <description><![CDATA[Type: Restaurant<br>Neighborhood: South Loop<br>Reviews: <br>Address: 1301 S Michigan Ave, Chicago, IL 60605]]></description>
        <styleUrl>#icon-1899-E65100</styleUrl>
        <ExtendedData>
          <Data name="Type">
            <value>Restaurant</value>
          </Data>
          <Data name="Neighborhood">
            <value>South Loop</value>
          </Data>
          <Data name="Reviews">
            <value/>
          </Data>
          <Data name="Address">
            <value>1301 S Michigan Ave, Chicago, IL 60605</value>
          </Data>
        </ExtendedData>
      </Placemark>
      <Placemark>
        <name>S2 Express Grill</name>
        <address>420 S Clark St, Chicago, IL 60605</address>
        <description><![CDATA[Type: Restaurant<br>Neighborhood: South Loop<br>Reviews: Good DJ<br>Address: 420 S Clark St, Chicago, IL 60605]]></description>
        <styleUrl>#icon-1899-E65100</styleUrl>
        <ExtendedData>
          <Data name="Type">
            <value>Restaurant</value>
          </Data>
          <Data name="Neighborhood">
            <value>South Loop</value>
          </Data>
          <Data name="Reviews">
            <value>Good DJ</value>
          </Data>
          <Data name="Address">
            <value>420 S Clark St, Chicago, IL 60605</value>
          </Data>
        </ExtendedData>
      </Placemark>
      <Placemark>
        <name>Sharks Fish and Chicken</name>
        <address>2139 S State St, Chicago, IL 60616</address>
        <description><![CDATA[Type: Restaurant<br>Neighborhood: South Loop<br>Reviews: <br>Address: 2139 S State St, Chicago, IL 60616]]></description>
        <styleUrl>#icon-1899-E65100</styleUrl>
        <ExtendedData>
          <Data name="Type">
            <value>Restaurant</value>
          </Data>
          <Data name="Neighborhood">
            <value>South Loop</value>
          </Data>
          <Data name="Reviews">
            <value/>
          </Data>
          <Data name="Address">
            <value>2139 S State St, Chicago, IL 60616</value>
          </Data>
        </ExtendedData>
      </Placemark>
      <Placemark>
        <name>Thai Spoon and Sushi</name>
        <address>601 S Wabash Ave, Chicago, IL 60605</address>
        <description><![CDATA[Type: Restaurant<br>Neighborhood: South Loop<br>Reviews: Allen: they have alright food<br>Address: 601 S Wabash Ave, Chicago, IL 60605]]></description>
        <styleUrl>#icon-1899-E65100</styleUrl>
        <ExtendedData>
          <Data name="Type">
            <value>Restaurant</value>
          </Data>
          <Data name="Neighborhood">
            <value>South Loop</value>
          </Data>
          <Data name="Reviews">
            <value>Allen: they have alright food</value>
          </Data>
          <Data name="Address">
            <value>601 S Wabash Ave, Chicago, IL 60605</value>
          </Data>
        </ExtendedData>
      </Placemark>
      <Placemark>
        <name>Offshore Rooftop</name>
        <address>1000 E Grand Ave, Chicago, IL 60611</address>
        <description><![CDATA[Type: Bar<br>Neighborhood: Streeterville<br>Reviews: On tip of Navy Pier<br>Address: 1000 E Grand Ave, Chicago, IL 60611]]></description>
        <styleUrl>#icon-1899-795548</styleUrl>
        <ExtendedData>
          <Data name="Type">
            <value>Bar</value>
          </Data>
          <Data name="Neighborhood">
            <value>Streeterville</value>
          </Data>
          <Data name="Reviews">
            <value>On tip of Navy Pier</value>
          </Data>
          <Data name="Address">
            <value>1000 E Grand Ave, Chicago, IL 60611</value>
          </Data>
        </ExtendedData>
      </Placemark>
      <Placemark>
        <name>Second Story</name>
        <address>157 E Ohio St, Chicago, IL 60611</address>
        <description><![CDATA[Type: Bar<br>Neighborhood: Streeterville<br>Reviews: <br>Address: 157 E Ohio St, Chicago, IL 60611]]></description>
        <styleUrl>#icon-1899-795548</styleUrl>
        <ExtendedData>
          <Data name="Type">
            <value>Bar</value>
          </Data>
          <Data name="Neighborhood">
            <value>Streeterville</value>
          </Data>
          <Data name="Reviews">
            <value/>
          </Data>
          <Data name="Address">
            <value>157 E Ohio St, Chicago, IL 60611</value>
          </Data>
        </ExtendedData>
      </Placemark>
      <Placemark>
        <name>Z Bar</name>
        <address>108 E Superior St, Chicago, IL 60611</address>
        <description><![CDATA[Type: Bar<br>Neighborhood: Streeterville<br>Reviews: Nice terrace rooftop<br>Address: 108 E Superior St, Chicago, IL 60611]]></description>
        <styleUrl>#icon-1899-795548</styleUrl>
        <ExtendedData>
          <Data name="Type">
            <value>Bar</value>
          </Data>
          <Data name="Neighborhood">
            <value>Streeterville</value>
          </Data>
          <Data name="Reviews">
            <value>Nice terrace rooftop</value>
          </Data>
          <Data name="Address">
            <value>108 E Superior St, Chicago, IL 60611</value>
          </Data>
        </ExtendedData>
      </Placemark>
      <Placemark>
        <name>Cafecito</name>
        <address>215 E Chestnut St, Chicago, IL 60611</address>
        <description><![CDATA[Type: Brunch<br>Neighborhood: Streeterville<br>Reviews: Allen: fav restaurant in Chicago<br>Address: 215 E Chestnut St, Chicago, IL 60611]]></description>
        <styleUrl>#icon-1899-795548</styleUrl>
        <ExtendedData>
          <Data name="Type">
            <value>Brunch</value>
          </Data>
          <Data name="Neighborhood">
            <value>Streeterville</value>
          </Data>
          <Data name="Reviews">
            <value>Allen: fav restaurant in Chicago</value>
          </Data>
          <Data name="Address">
            <value>215 E Chestnut St, Chicago, IL 60611</value>
          </Data>
        </ExtendedData>
      </Placemark>
      <Placemark>
        <name>Wildberry Cafe</name>
        <address>196 E Pearson St, Chicago, IL 60611</address>
        <description><![CDATA[Type: Brunch<br>Neighborhood: Streeterville<br>Reviews: <br>Address: 196 E Pearson St, Chicago, IL 60611]]></description>
        <styleUrl>#icon-1899-795548</styleUrl>
        <ExtendedData>
          <Data name="Type">
            <value>Brunch</value>
          </Data>
          <Data name="Neighborhood">
            <value>Streeterville</value>
          </Data>
          <Data name="Reviews">
            <value/>
          </Data>
          <Data name="Address">
            <value>196 E Pearson St, Chicago, IL 60611</value>
          </Data>
        </ExtendedData>
      </Placemark>
      <Placemark>
        <name>Starbucks Reserve</name>
        <address>646 N Michigan Ave, Chicago, IL 60611</address>
        <description><![CDATA[Type: Cafe<br>Neighborhood: Streeterville<br>Reviews: <br>Address: 646 N Michigan Ave, Chicago, IL 60611]]></description>
        <styleUrl>#icon-1899-795548</styleUrl>
        <ExtendedData>
          <Data name="Type">
            <value>Cafe</value>
          </Data>
          <Data name="Neighborhood">
            <value>Streeterville</value>
          </Data>
          <Data name="Reviews">
            <value/>
          </Data>
          <Data name="Address">
            <value>646 N Michigan Ave, Chicago, IL 60611</value>
          </Data>
        </ExtendedData>
      </Placemark>
      <Placemark>
        <name><![CDATA[TE'AMO]]></name>
        <address>835 N Michigan Ave, Chicago, IL 60611</address>
        <description><![CDATA[Type: Cafe<br>Neighborhood: Streeterville<br>Reviews: try crystallized fruit<br>Address: 835 N Michigan Ave, Chicago, IL 60611]]></description>
        <styleUrl>#icon-1899-795548</styleUrl>
        <ExtendedData>
          <Data name="Type">
            <value>Cafe</value>
          </Data>
          <Data name="Neighborhood">
            <value>Streeterville</value>
          </Data>
          <Data name="Reviews">
            <value>try crystallized fruit</value>
          </Data>
          <Data name="Address">
            <value>835 N Michigan Ave, Chicago, IL 60611</value>
          </Data>
        </ExtendedData>
      </Placemark>
      <Placemark>
        <name>Arts Club of Chicago</name>
        <address>201 E Ontario St, Chicago, IL 60611</address>
        <description><![CDATA[Type: Landmark<br>Neighborhood: Streeterville<br>Reviews: <br>Address: 201 E Ontario St, Chicago, IL 60611]]></description>
        <styleUrl>#icon-1899-795548</styleUrl>
        <ExtendedData>
          <Data name="Type">
            <value>Landmark</value>
          </Data>
          <Data name="Neighborhood">
            <value>Streeterville</value>
          </Data>
          <Data name="Reviews">
            <value/>
          </Data>
          <Data name="Address">
            <value>201 E Ontario St, Chicago, IL 60611</value>
          </Data>
        </ExtendedData>
      </Placemark>
      <Placemark>
        <name>Chicago Water Tower</name>
        <address>806 Michigan Ave, Chicago, IL 60611</address>
        <description><![CDATA[Type: Landmark<br>Neighborhood: Streeterville<br>Reviews: <br>Address: 806 Michigan Ave, Chicago, IL 60611]]></description>
        <styleUrl>#icon-1899-795548</styleUrl>
        <ExtendedData>
          <Data name="Type">
            <value>Landmark</value>
          </Data>
          <Data name="Neighborhood">
            <value>Streeterville</value>
          </Data>
          <Data name="Reviews">
            <value/>
          </Data>
          <Data name="Address">
            <value>806 Michigan Ave, Chicago, IL 60611</value>
          </Data>
        </ExtendedData>
      </Placemark>
      <Placemark>
        <name>John Hancock Building</name>
        <address>875 N Michigan Ave, Chicago, IL 60611</address>
        <description><![CDATA[Type: Landmark<br>Neighborhood: Streeterville<br>Reviews: Go to observation deck with 100% glass box to step out into the skyline, the panoramic view of the city from 95 floors up is par none!<br>Address: 875 N Michigan Ave, Chicago, IL 60611]]></description>
        <styleUrl>#icon-1899-795548</styleUrl>
        <ExtendedData>
          <Data name="Type">
            <value>Landmark</value>
          </Data>
          <Data name="Neighborhood">
            <value>Streeterville</value>
          </Data>
          <Data name="Reviews">
            <value>Go to observation deck with 100% glass box to step out into the skyline, the panoramic view of the city from 95 floors up is par none!</value>
          </Data>
          <Data name="Address">
            <value>875 N Michigan Ave, Chicago, IL 60611</value>
          </Data>
        </ExtendedData>
      </Placemark>
      <Placemark>
        <name>Navy Pier</name>
        <address>600 E Grand Ave, Chicago, IL 60611</address>
        <description><![CDATA[Type: Landmark<br>Neighborhood: Streeterville<br>Reviews: Visit Fun House Maze. The maze's target population is kids, but it has A LOT of Chicago facts tied into it. <br>Address: 600 E Grand Ave, Chicago, IL 60611]]></description>
        <styleUrl>#icon-1899-795548</styleUrl>
        <ExtendedData>
          <Data name="Type">
            <value>Landmark</value>
          </Data>
          <Data name="Neighborhood">
            <value>Streeterville</value>
          </Data>
          <Data name="Reviews">
            <value><![CDATA[Visit Fun House Maze. The maze's target population is kids, but it has A LOT of Chicago facts tied into it. ]]></value>
          </Data>
          <Data name="Address">
            <value>600 E Grand Ave, Chicago, IL 60611</value>
          </Data>
        </ExtendedData>
      </Placemark>
      <Placemark>
        <name>Tribune Tower</name>
        <address>435 Michigan Ave, Chicago, IL 60611</address>
        <description><![CDATA[Type: Landmark<br>Neighborhood: Streeterville<br>Reviews: Touch rocks from monuments around the world<br>Address: 435 Michigan Ave, Chicago, IL 60611]]></description>
        <styleUrl>#icon-1899-795548</styleUrl>
        <ExtendedData>
          <Data name="Type">
            <value>Landmark</value>
          </Data>
          <Data name="Neighborhood">
            <value>Streeterville</value>
          </Data>
          <Data name="Reviews">
            <value>Touch rocks from monuments around the world</value>
          </Data>
          <Data name="Address">
            <value>435 Michigan Ave, Chicago, IL 60611</value>
          </Data>
        </ExtendedData>
      </Placemark>
      <Placemark>
        <name>Chicago Sports Museum</name>
        <address>835 N Michigan Ave, Chicago, IL 60611</address>
        <description><![CDATA[Type: Museum<br>Neighborhood: Streeterville<br>Reviews: <br>Address: 835 N Michigan Ave, Chicago, IL 60611]]></description>
        <styleUrl>#icon-1899-795548</styleUrl>
        <ExtendedData>
          <Data name="Type">
            <value>Museum</value>
          </Data>
          <Data name="Neighborhood">
            <value>Streeterville</value>
          </Data>
          <Data name="Reviews">
            <value/>
          </Data>
          <Data name="Address">
            <value>835 N Michigan Ave, Chicago, IL 60611</value>
          </Data>
        </ExtendedData>
      </Placemark>
      <Placemark>
        <name>Museum of Contemporary Art</name>
        <address>220 E Chicago Ave, Chicago, IL 60611</address>
        <description><![CDATA[Type: Museum<br>Neighborhood: Streeterville<br>Reviews: <br>Address: 220 E Chicago Ave, Chicago, IL 60611]]></description>
        <styleUrl>#icon-1899-795548</styleUrl>
        <ExtendedData>
          <Data name="Type">
            <value>Museum</value>
          </Data>
          <Data name="Neighborhood">
            <value>Streeterville</value>
          </Data>
          <Data name="Reviews">
            <value/>
          </Data>
          <Data name="Address">
            <value>220 E Chicago Ave, Chicago, IL 60611</value>
          </Data>
        </ExtendedData>
      </Placemark>
      <Placemark>
        <name>Museum Of Ice Cream</name>
        <address>435 N Michigan Ave, Chicago, IL 60611</address>
        <description><![CDATA[Type: Museum<br>Neighborhood: Streeterville<br>Reviews: Interactive museum<br>Address: 435 N Michigan Ave, Chicago, IL 60611]]></description>
        <styleUrl>#icon-1899-795548</styleUrl>
        <ExtendedData>
          <Data name="Type">
            <value>Museum</value>
          </Data>
          <Data name="Neighborhood">
            <value>Streeterville</value>
          </Data>
          <Data name="Reviews">
            <value>Interactive museum</value>
          </Data>
          <Data name="Address">
            <value>435 N Michigan Ave, Chicago, IL 60611</value>
          </Data>
        </ExtendedData>
      </Placemark>
      <Placemark>
        <name><![CDATA[Gino's East]]></name>
        <address>162 E Superior St, Chicago, IL 60611</address>
        <description><![CDATA[Type: Restaurant<br>Neighborhood: Streeterville<br>Reviews: <br>Address: 162 E Superior St, Chicago, IL 60611]]></description>
        <styleUrl>#icon-1899-795548</styleUrl>
        <ExtendedData>
          <Data name="Type">
            <value>Restaurant</value>
          </Data>
          <Data name="Neighborhood">
            <value>Streeterville</value>
          </Data>
          <Data name="Reviews">
            <value/>
          </Data>
          <Data name="Address">
            <value>162 E Superior St, Chicago, IL 60611</value>
          </Data>
        </ExtendedData>
      </Placemark>
      <Placemark>
        <name>Lirica</name>
        <address>900 E Grand Ave, Chicago, IL 60611</address>
        <description><![CDATA[Type: Restaurant<br>Neighborhood: Streeterville<br>Reviews: <br>Address: 900 E Grand Ave, Chicago, IL 60611]]></description>
        <styleUrl>#icon-1899-795548</styleUrl>
        <ExtendedData>
          <Data name="Type">
            <value>Restaurant</value>
          </Data>
          <Data name="Neighborhood">
            <value>Streeterville</value>
          </Data>
          <Data name="Reviews">
            <value/>
          </Data>
          <Data name="Address">
            <value>900 E Grand Ave, Chicago, IL 60611</value>
          </Data>
        </ExtendedData>
      </Placemark>
      <Placemark>
        <name>Qiao Lin Hotpot</name>
        <address>210 E Illinois St, Chicago, IL 60611</address>
        <description><![CDATA[Type: Restaurant<br>Neighborhood: Streeterville<br>Reviews: <br>Address: 210 E Illinois St, Chicago, IL 60611]]></description>
        <styleUrl>#icon-1899-795548</styleUrl>
        <ExtendedData>
          <Data name="Type">
            <value>Restaurant</value>
          </Data>
          <Data name="Neighborhood">
            <value>Streeterville</value>
          </Data>
          <Data name="Reviews">
            <value/>
          </Data>
          <Data name="Address">
            <value>210 E Illinois St, Chicago, IL 60611</value>
          </Data>
        </ExtendedData>
      </Placemark>
      <Placemark>
        <name>Ramen San</name>
        <address>165 E Huron St, Chicago, IL 60611</address>
        <description><![CDATA[Type: Restaurant<br>Neighborhood: Streeterville<br>Reviews: try edamame hummus<br>Address: 165 E Huron St, Chicago, IL 60611]]></description>
        <styleUrl>#icon-1899-795548</styleUrl>
        <ExtendedData>
          <Data name="Type">
            <value>Restaurant</value>
          </Data>
          <Data name="Neighborhood">
            <value>Streeterville</value>
          </Data>
          <Data name="Reviews">
            <value>try edamame hummus</value>
          </Data>
          <Data name="Address">
            <value>165 E Huron St, Chicago, IL 60611</value>
          </Data>
        </ExtendedData>
      </Placemark>
      <Placemark>
        <name>Do-Rite</name>
        <address>233 E Erie St, Chicago, IL 60611</address>
        <description><![CDATA[Type: Snack<br>Neighborhood: Streeterville<br>Reviews: <br>Address: 233 E Erie St, Chicago, IL 60611]]></description>
        <styleUrl>#icon-1899-795548</styleUrl>
        <ExtendedData>
          <Data name="Type">
            <value>Snack</value>
          </Data>
          <Data name="Neighborhood">
            <value>Streeterville</value>
          </Data>
          <Data name="Reviews">
            <value/>
          </Data>
          <Data name="Address">
            <value>233 E Erie St, Chicago, IL 60611</value>
          </Data>
        </ExtendedData>
      </Placemark>
      <Placemark>
        <name>Ghirardelli</name>
        <address>400 N Michigan Ave, Chicago, IL 60611</address>
        <description><![CDATA[Type: Snack<br>Neighborhood: Streeterville<br>Reviews: <br>Address: 400 N Michigan Ave, Chicago, IL 60611]]></description>
        <styleUrl>#icon-1899-795548</styleUrl>
        <ExtendedData>
          <Data name="Type">
            <value>Snack</value>
          </Data>
          <Data name="Neighborhood">
            <value>Streeterville</value>
          </Data>
          <Data name="Reviews">
            <value/>
          </Data>
          <Data name="Address">
            <value>400 N Michigan Ave, Chicago, IL 60611</value>
          </Data>
        </ExtendedData>
      </Placemark>
      <Placemark>
        <name><![CDATA[Sweet Mandy B's]]></name>
        <address>254 E Ontario St, Chicago, IL 60611</address>
        <description><![CDATA[Type: Snack<br>Neighborhood: Streeterville<br>Reviews: <br>Address: 254 E Ontario St, Chicago, IL 60611]]></description>
        <styleUrl>#icon-1899-795548</styleUrl>
        <ExtendedData>
          <Data name="Type">
            <value>Snack</value>
          </Data>
          <Data name="Neighborhood">
            <value>Streeterville</value>
          </Data>
          <Data name="Reviews">
            <value/>
          </Data>
          <Data name="Address">
            <value>254 E Ontario St, Chicago, IL 60611</value>
          </Data>
        </ExtendedData>
      </Placemark>
      <Placemark>
        <name><![CDATA[Drink & Ink]]></name>
        <address>4443 N Broadway, Chicago, IL 60640</address>
        <description><![CDATA[Type: Bar<br>Neighborhood: Uptown<br>Reviews: livestream of people getting tattoos next door<br>Address: 4443 N Broadway, Chicago, IL 60640]]></description>
        <styleUrl>#icon-1899-4E342E</styleUrl>
        <ExtendedData>
          <Data name="Type">
            <value>Bar</value>
          </Data>
          <Data name="Neighborhood">
            <value>Uptown</value>
          </Data>
          <Data name="Reviews">
            <value>livestream of people getting tattoos next door</value>
          </Data>
          <Data name="Address">
            <value>4443 N Broadway, Chicago, IL 60640</value>
          </Data>
        </ExtendedData>
      </Placemark>
      <Placemark>
        <name><![CDATA[My Buddy's]]></name>
        <address>4416 N Clark St, Chicago, IL 60640</address>
        <description><![CDATA[Type: Bar<br>Neighborhood: Uptown<br>Reviews: <br>Address: 4416 N Clark St, Chicago, IL 60640]]></description>
        <styleUrl>#icon-1899-4E342E</styleUrl>
        <ExtendedData>
          <Data name="Type">
            <value>Bar</value>
          </Data>
          <Data name="Neighborhood">
            <value>Uptown</value>
          </Data>
          <Data name="Reviews">
            <value/>
          </Data>
          <Data name="Address">
            <value>4416 N Clark St, Chicago, IL 60640</value>
          </Data>
        </ExtendedData>
      </Placemark>
      <Placemark>
        <name>Montrose Beach</name>
        <address>4400 N Lake Shore Dr, Chicago, IL 60640</address>
        <description><![CDATA[Type: Beach<br>Neighborhood: Uptown<br>Reviews: <br>Address: 4400 N Lake Shore Dr, Chicago, IL 60640]]></description>
        <styleUrl>#icon-1899-4E342E</styleUrl>
        <ExtendedData>
          <Data name="Type">
            <value>Beach</value>
          </Data>
          <Data name="Neighborhood">
            <value>Uptown</value>
          </Data>
          <Data name="Reviews">
            <value/>
          </Data>
          <Data name="Address">
            <value>4400 N Lake Shore Dr, Chicago, IL 60640</value>
          </Data>
        </ExtendedData>
      </Placemark>
      <Placemark>
        <name>Green Mill</name>
        <address>4802 N Broadway, Chicago, IL 60640</address>
        <description><![CDATA[Type: Club<br>Neighborhood: Uptown<br>Reviews: One of the oldest speakeasys in Chicago, plays jazz music<br>Address: 4802 N Broadway, Chicago, IL 60640]]></description>
        <styleUrl>#icon-1899-4E342E</styleUrl>
        <ExtendedData>
          <Data name="Type">
            <value>Club</value>
          </Data>
          <Data name="Neighborhood">
            <value>Uptown</value>
          </Data>
          <Data name="Reviews">
            <value>One of the oldest speakeasys in Chicago, plays jazz music</value>
          </Data>
          <Data name="Address">
            <value>4802 N Broadway, Chicago, IL 60640</value>
          </Data>
        </ExtendedData>
      </Placemark>
      <Placemark>
        <name>Haitian American Museum of Chicago</name>
        <address>4623 N Clark St, Chicago, IL 60640</address>
        <description><![CDATA[Type: Museum<br>Neighborhood: Uptown<br>Reviews: <br>Address: 4623 N Clark St, Chicago, IL 60640]]></description>
        <styleUrl>#icon-1899-4E342E</styleUrl>
        <ExtendedData>
          <Data name="Type">
            <value>Museum</value>
          </Data>
          <Data name="Neighborhood">
            <value>Uptown</value>
          </Data>
          <Data name="Reviews">
            <value/>
          </Data>
          <Data name="Address">
            <value>4623 N Clark St, Chicago, IL 60640</value>
          </Data>
        </ExtendedData>
      </Placemark>
      <Placemark>
        <name>BadaBing Wings Zone</name>
        <address>4754 N Clark St, Chicago, IL 60640</address>
        <description><![CDATA[Type: Restaurant<br>Neighborhood: Uptown<br>Reviews: rec'd by tiktok, best wings in chicago<br>Address: 4754 N Clark St, Chicago, IL 60640]]></description>
        <styleUrl>#icon-1899-4E342E</styleUrl>
        <ExtendedData>
          <Data name="Type">
            <value>Restaurant</value>
          </Data>
          <Data name="Neighborhood">
            <value>Uptown</value>
          </Data>
          <Data name="Reviews">
            <value><![CDATA[rec'd by tiktok, best wings in chicago]]></value>
          </Data>
          <Data name="Address">
            <value>4754 N Clark St, Chicago, IL 60640</value>
          </Data>
        </ExtendedData>
      </Placemark>
      <Placemark>
        <name>Nha Hang</name>
        <address>1032 W Argyle St, Chicago, IL 60640</address>
        <description><![CDATA[Type: Restaurant<br>Neighborhood: Uptown<br>Reviews: Pho looked good on TikTok<br>Address: 1032 W Argyle St, Chicago, IL 60640]]></description>
        <styleUrl>#icon-1899-4E342E</styleUrl>
        <ExtendedData>
          <Data name="Type">
            <value>Restaurant</value>
          </Data>
          <Data name="Neighborhood">
            <value>Uptown</value>
          </Data>
          <Data name="Reviews">
            <value>Pho looked good on TikTok</value>
          </Data>
          <Data name="Address">
            <value>1032 W Argyle St, Chicago, IL 60640</value>
          </Data>
        </ExtendedData>
      </Placemark>
      <Placemark>
        <name>YooYee</name>
        <address>4925 N Broadway, Chicago, IL 60640</address>
        <description><![CDATA[Type: Restaurant<br>Neighborhood: Uptown<br>Reviews: <br>Address: 4925 N Broadway, Chicago, IL 60640]]></description>
        <styleUrl>#icon-1899-4E342E</styleUrl>
        <ExtendedData>
          <Data name="Type">
            <value>Restaurant</value>
          </Data>
          <Data name="Neighborhood">
            <value>Uptown</value>
          </Data>
          <Data name="Reviews">
            <value/>
          </Data>
          <Data name="Address">
            <value>4925 N Broadway, Chicago, IL 60640</value>
          </Data>
        </ExtendedData>
      </Placemark>
      <Placemark>
        <name><![CDATA[Kitsch'n on Roscoe]]></name>
        <address>2005 W Roscoe St, Chicago, IL 60618</address>
        <description><![CDATA[Type: Brunch<br>Neighborhood: West Lakeview<br>Reviews: <br>Address: 2005 W Roscoe St, Chicago, IL 60618]]></description>
        <styleUrl>#icon-1899-BDBDBD</styleUrl>
        <ExtendedData>
          <Data name="Type">
            <value>Brunch</value>
          </Data>
          <Data name="Neighborhood">
            <value>West Lakeview</value>
          </Data>
          <Data name="Reviews">
            <value/>
          </Data>
          <Data name="Address">
            <value>2005 W Roscoe St, Chicago, IL 60618</value>
          </Data>
        </ExtendedData>
      </Placemark>
      <Placemark>
        <name>Hexe Coffee Co</name>
        <address>2000 W Diversey Pkwy, Chicago, IL 60614</address>
        <description><![CDATA[Type: Cafe<br>Neighborhood: West Lakeview<br>Reviews: chill coffee shop with a patio<br>Address: 2000 W Diversey Pkwy, Chicago, IL 60614]]></description>
        <styleUrl>#icon-1899-BDBDBD</styleUrl>
        <ExtendedData>
          <Data name="Type">
            <value>Cafe</value>
          </Data>
          <Data name="Neighborhood">
            <value>West Lakeview</value>
          </Data>
          <Data name="Reviews">
            <value>chill coffee shop with a patio</value>
          </Data>
          <Data name="Address">
            <value>2000 W Diversey Pkwy, Chicago, IL 60614</value>
          </Data>
        </ExtendedData>
      </Placemark>
      <Placemark>
        <name><![CDATA[Scooter's Frozen Custard]]></name>
        <address>1658 W Belmont Ave, Chicago, IL 60657</address>
        <description><![CDATA[Type: Snack<br>Neighborhood: West Lakeview<br>Reviews: <br>Address: 1658 W Belmont Ave, Chicago, IL 60657]]></description>
        <styleUrl>#icon-1899-BDBDBD</styleUrl>
        <ExtendedData>
          <Data name="Type">
            <value>Snack</value>
          </Data>
          <Data name="Neighborhood">
            <value>West Lakeview</value>
          </Data>
          <Data name="Reviews">
            <value/>
          </Data>
          <Data name="Address">
            <value>1658 W Belmont Ave, Chicago, IL 60657</value>
          </Data>
        </ExtendedData>
      </Placemark>
      <Placemark>
        <name>Rooftop Cinema Club</name>
        <address>311 N Morgan St, Chicago, IL 60607</address>
        <description><![CDATA[Type: Activity<br>Neighborhood: West Loop<br>Reviews: outdoor movie theater<br>Address: 311 N Morgan St, Chicago, IL 60607]]></description>
        <styleUrl>#icon-1899-F57C00</styleUrl>
        <ExtendedData>
          <Data name="Type">
            <value>Activity</value>
          </Data>
          <Data name="Neighborhood">
            <value>West Loop</value>
          </Data>
          <Data name="Reviews">
            <value>outdoor movie theater</value>
          </Data>
          <Data name="Address">
            <value>311 N Morgan St, Chicago, IL 60607</value>
          </Data>
        </ExtendedData>
      </Placemark>
      <Placemark>
        <name>Federales</name>
        <address>180 N Morgan St, Chicago, IL 60607</address>
        <description><![CDATA[Type: Bar<br>Neighborhood: West Loop<br>Reviews: rec'd by multiple people<br>Address: 180 N Morgan St, Chicago, IL 60607]]></description>
        <styleUrl>#icon-1899-F57C00</styleUrl>
        <ExtendedData>
          <Data name="Type">
            <value>Bar</value>
          </Data>
          <Data name="Neighborhood">
            <value>West Loop</value>
          </Data>
          <Data name="Reviews">
            <value><![CDATA[rec'd by multiple people]]></value>
          </Data>
          <Data name="Address">
            <value>180 N Morgan St, Chicago, IL 60607</value>
          </Data>
        </ExtendedData>
      </Placemark>
      <Placemark>
        <name>Fox Bar</name>
        <address>113 N Green St, Chicago, IL 60607</address>
        <description><![CDATA[Type: Bar<br>Neighborhood: West Loop<br>Reviews: <br>Address: 113 N Green St, Chicago, IL 60607]]></description>
        <styleUrl>#icon-1899-F57C00</styleUrl>
        <ExtendedData>
          <Data name="Type">
            <value>Bar</value>
          </Data>
          <Data name="Neighborhood">
            <value>West Loop</value>
          </Data>
          <Data name="Reviews">
            <value/>
          </Data>
          <Data name="Address">
            <value>113 N Green St, Chicago, IL 60607</value>
          </Data>
        </ExtendedData>
      </Placemark>
      <Placemark>
        <name>Inkwell</name>
        <address>1039 W Lake St, Chicago, IL 60607</address>
        <description><![CDATA[Type: Bar<br>Neighborhood: West Loop<br>Reviews: <br>Address: 1039 W Lake St, Chicago, IL 60607]]></description>
        <styleUrl>#icon-1899-F57C00</styleUrl>
        <ExtendedData>
          <Data name="Type">
            <value>Bar</value>
          </Data>
          <Data name="Neighborhood">
            <value>West Loop</value>
          </Data>
          <Data name="Reviews">
            <value/>
          </Data>
          <Data name="Address">
            <value>1039 W Lake St, Chicago, IL 60607</value>
          </Data>
        </ExtendedData>
      </Placemark>
      <Placemark>
        <name>Moneygun</name>
        <address>660 W Lake St, Chicago, IL 60661</address>
        <description><![CDATA[Type: Bar<br>Neighborhood: West Loop<br>Reviews: rec'd by multiple people<br>Address: 660 W Lake St, Chicago, IL 60661]]></description>
        <styleUrl>#icon-1899-F57C00</styleUrl>
        <ExtendedData>
          <Data name="Type">
            <value>Bar</value>
          </Data>
          <Data name="Neighborhood">
            <value>West Loop</value>
          </Data>
          <Data name="Reviews">
            <value><![CDATA[rec'd by multiple people]]></value>
          </Data>
          <Data name="Address">
            <value>660 W Lake St, Chicago, IL 60661</value>
          </Data>
        </ExtendedData>
      </Placemark>
      <Placemark>
        <name>Recess</name>
        <address>838 W Kinzie St, Chicago, IL 60607</address>
        <description><![CDATA[Type: Bar<br>Neighborhood: West Loop<br>Reviews: rec'd by multiple people<br>Address: 838 W Kinzie St, Chicago, IL 60607]]></description>
        <styleUrl>#icon-1899-F57C00</styleUrl>
        <ExtendedData>
          <Data name="Type">
            <value>Bar</value>
          </Data>
          <Data name="Neighborhood">
            <value>West Loop</value>
          </Data>
          <Data name="Reviews">
            <value><![CDATA[rec'd by multiple people]]></value>
          </Data>
          <Data name="Address">
            <value>838 W Kinzie St, Chicago, IL 60607</value>
          </Data>
        </ExtendedData>
      </Placemark>
      <Placemark>
        <name>The Press Room</name>
        <address>1134 W Washington Blvd, Chicago, IL 60607</address>
        <description><![CDATA[Type: Bar<br>Neighborhood: West Loop<br>Reviews: basement speakeasy<br>Address: 1134 W Washington Blvd, Chicago, IL 60607]]></description>
        <styleUrl>#icon-1899-F57C00</styleUrl>
        <ExtendedData>
          <Data name="Type">
            <value>Bar</value>
          </Data>
          <Data name="Neighborhood">
            <value>West Loop</value>
          </Data>
          <Data name="Reviews">
            <value>basement speakeasy</value>
          </Data>
          <Data name="Address">
            <value>1134 W Washington Blvd, Chicago, IL 60607</value>
          </Data>
        </ExtendedData>
      </Placemark>
      <Placemark>
        <name>Fora</name>
        <address>311 N Morgan St, Chicago, IL 60607</address>
        <description><![CDATA[Type: Brunch<br>Neighborhood: West Loop<br>Reviews: $30 bottomless mimosas<br>Address: 311 N Morgan St, Chicago, IL 60607]]></description>
        <styleUrl>#icon-1899-F57C00</styleUrl>
        <ExtendedData>
          <Data name="Type">
            <value>Brunch</value>
          </Data>
          <Data name="Neighborhood">
            <value>West Loop</value>
          </Data>
          <Data name="Reviews">
            <value>$30 bottomless mimosas</value>
          </Data>
          <Data name="Address">
            <value>311 N Morgan St, Chicago, IL 60607</value>
          </Data>
        </ExtendedData>
      </Placemark>
      <Placemark>
        <name>Wishbone</name>
        <address>161 N Jefferson St, Chicago, IL 60661</address>
        <description><![CDATA[Type: Brunch<br>Neighborhood: West Loop<br>Reviews: <br>Address: 161 N Jefferson St, Chicago, IL 60661]]></description>
        <styleUrl>#icon-1899-F57C00</styleUrl>
        <ExtendedData>
          <Data name="Type">
            <value>Brunch</value>
          </Data>
          <Data name="Neighborhood">
            <value>West Loop</value>
          </Data>
          <Data name="Reviews">
            <value/>
          </Data>
          <Data name="Address">
            <value>161 N Jefferson St, Chicago, IL 60661</value>
          </Data>
        </ExtendedData>
      </Placemark>
      <Placemark>
        <name>Good Ambler</name>
        <address>216 N Peoria St, Chicago, IL 60607</address>
        <description><![CDATA[Type: Cafe<br>Neighborhood: West Loop<br>Reviews: <br>Address: 216 N Peoria St, Chicago, IL 60607]]></description>
        <styleUrl>#icon-1899-F57C00</styleUrl>
        <ExtendedData>
          <Data name="Type">
            <value>Cafe</value>
          </Data>
          <Data name="Neighborhood">
            <value>West Loop</value>
          </Data>
          <Data name="Reviews">
            <value/>
          </Data>
          <Data name="Address">
            <value>216 N Peoria St, Chicago, IL 60607</value>
          </Data>
        </ExtendedData>
      </Placemark>
      <Placemark>
        <name>Matcha Cita</name>
        <address>1017 W Lake St, Chicago, IL 60607</address>
        <description><![CDATA[Type: Cafe<br>Neighborhood: West Loop<br>Reviews: <br>Address: 1017 W Lake St, Chicago, IL 60607]]></description>
        <styleUrl>#icon-1899-F57C00</styleUrl>
        <ExtendedData>
          <Data name="Type">
            <value>Cafe</value>
          </Data>
          <Data name="Neighborhood">
            <value>West Loop</value>
          </Data>
          <Data name="Reviews">
            <value/>
          </Data>
          <Data name="Address">
            <value>1017 W Lake St, Chicago, IL 60607</value>
          </Data>
        </ExtendedData>
      </Placemark>
      <Placemark>
        <name>The Allis</name>
        <address>113 N Green St, Chicago, IL 60607</address>
        <description><![CDATA[Type: Cafe<br>Neighborhood: West Loop<br>Reviews: <br>Address: 113 N Green St, Chicago, IL 60607]]></description>
        <styleUrl>#icon-1899-F57C00</styleUrl>
        <ExtendedData>
          <Data name="Type">
            <value>Cafe</value>
          </Data>
          <Data name="Neighborhood">
            <value>West Loop</value>
          </Data>
          <Data name="Reviews">
            <value/>
          </Data>
          <Data name="Address">
            <value>113 N Green St, Chicago, IL 60607</value>
          </Data>
        </ExtendedData>
      </Placemark>
      <Placemark>
        <name>Blind Barber</name>
        <address>948 W Fulton St, Chicago, IL 60607</address>
        <description><![CDATA[Type: Club<br>Neighborhood: West Loop<br>Reviews: 70s-themed bar<br>Hidden entrance speakeasy<br>rec'd by multiple people<br>I (Allen) like it<br>Address: 948 W Fulton St, Chicago, IL 60607]]></description>
        <styleUrl>#icon-1899-F57C00</styleUrl>
        <ExtendedData>
          <Data name="Type">
            <value>Club</value>
          </Data>
          <Data name="Neighborhood">
            <value>West Loop</value>
          </Data>
          <Data name="Reviews">
            <value><![CDATA[70s-themed bar
Hidden entrance speakeasy
rec'd by multiple people
I (Allen) like it]]></value>
          </Data>
          <Data name="Address">
            <value>948 W Fulton St, Chicago, IL 60607</value>
          </Data>
        </ExtendedData>
      </Placemark>
      <Placemark>
        <name>Esco Bar</name>
        <address>738 W Couch Place, Chicago, IL 60661</address>
        <description><![CDATA[Type: Club<br>Neighborhood: West Loop<br>Reviews: <br>Address: 738 W Couch Place, Chicago, IL 60661]]></description>
        <styleUrl>#icon-1899-F57C00</styleUrl>
        <ExtendedData>
          <Data name="Type">
            <value>Club</value>
          </Data>
          <Data name="Neighborhood">
            <value>West Loop</value>
          </Data>
          <Data name="Reviews">
            <value/>
          </Data>
          <Data name="Address">
            <value>738 W Couch Place, Chicago, IL 60661</value>
          </Data>
        </ExtendedData>
      </Placemark>
      <Placemark>
        <name>Good Night John Boy</name>
        <address>905 W Randolph St, Chicago, IL 60607</address>
        <description><![CDATA[Type: Club<br>Neighborhood: West Loop<br>Reviews: $20 cover fee for men<br>Address: 905 W Randolph St, Chicago, IL 60607]]></description>
        <styleUrl>#icon-1899-F57C00</styleUrl>
        <ExtendedData>
          <Data name="Type">
            <value>Club</value>
          </Data>
          <Data name="Neighborhood">
            <value>West Loop</value>
          </Data>
          <Data name="Reviews">
            <value>$20 cover fee for men</value>
          </Data>
          <Data name="Address">
            <value>905 W Randolph St, Chicago, IL 60607</value>
          </Data>
        </ExtendedData>
      </Placemark>
      <Placemark>
        <name>WNDR Museum</name>
        <address>1130 W Monroe St, Chicago, IL 60607</address>
        <description><![CDATA[Type: Museum<br>Neighborhood: West Loop<br>Reviews: interactive museum<br>Address: 1130 W Monroe St, Chicago, IL 60607]]></description>
        <styleUrl>#icon-1899-F57C00</styleUrl>
        <ExtendedData>
          <Data name="Type">
            <value>Museum</value>
          </Data>
          <Data name="Neighborhood">
            <value>West Loop</value>
          </Data>
          <Data name="Reviews">
            <value>interactive museum</value>
          </Data>
          <Data name="Address">
            <value>1130 W Monroe St, Chicago, IL 60607</value>
          </Data>
        </ExtendedData>
      </Placemark>
      <Placemark>
        <name>Aba</name>
        <address>302 N Green St, Chicago, IL 60607</address>
        <description><![CDATA[Type: Restaurant<br>Neighborhood: West Loop<br>Reviews: Mediterranean food<br>Address: 302 N Green St, Chicago, IL 60607]]></description>
        <styleUrl>#icon-1899-F57C00</styleUrl>
        <ExtendedData>
          <Data name="Type">
            <value>Restaurant</value>
          </Data>
          <Data name="Neighborhood">
            <value>West Loop</value>
          </Data>
          <Data name="Reviews">
            <value>Mediterranean food</value>
          </Data>
          <Data name="Address">
            <value>302 N Green St, Chicago, IL 60607</value>
          </Data>
        </ExtendedData>
      </Placemark>
      <Placemark>
        <name>Alla Vita</name>
        <address>564 W Randolph St, Chicago, IL 60661</address>
        <description><![CDATA[Type: Restaurant<br>Neighborhood: West Loop<br>Reviews: <br>Address: 564 W Randolph St, Chicago, IL 60661]]></description>
        <styleUrl>#icon-1899-F57C00</styleUrl>
        <ExtendedData>
          <Data name="Type">
            <value>Restaurant</value>
          </Data>
          <Data name="Neighborhood">
            <value>West Loop</value>
          </Data>
          <Data name="Reviews">
            <value/>
          </Data>
          <Data name="Address">
            <value>564 W Randolph St, Chicago, IL 60661</value>
          </Data>
        </ExtendedData>
      </Placemark>
      <Placemark>
        <name>Athena</name>
        <address>212 S Halsted St, Chicago, IL 60661</address>
        <description><![CDATA[Type: Restaurant<br>Neighborhood: West Loop<br>Reviews: <br>Address: 212 S Halsted St, Chicago, IL 60661]]></description>
        <styleUrl>#icon-1899-F57C00</styleUrl>
        <ExtendedData>
          <Data name="Type">
            <value>Restaurant</value>
          </Data>
          <Data name="Neighborhood">
            <value>West Loop</value>
          </Data>
          <Data name="Reviews">
            <value/>
          </Data>
          <Data name="Address">
            <value>212 S Halsted St, Chicago, IL 60661</value>
          </Data>
        </ExtendedData>
      </Placemark>
      <Placemark>
        <name>Avec</name>
        <address>615 W Randolph St, Chicago, IL 60661</address>
        <description><![CDATA[Type: Restaurant<br>Neighborhood: West Loop<br>Reviews: rec'd by multiple people<br>Address: 615 W Randolph St, Chicago, IL 60661]]></description>
        <styleUrl>#icon-1899-F57C00</styleUrl>
        <ExtendedData>
          <Data name="Type">
            <value>Restaurant</value>
          </Data>
          <Data name="Neighborhood">
            <value>West Loop</value>
          </Data>
          <Data name="Reviews">
            <value><![CDATA[rec'd by multiple people]]></value>
          </Data>
          <Data name="Address">
            <value>615 W Randolph St, Chicago, IL 60661</value>
          </Data>
        </ExtendedData>
      </Placemark>
      <Placemark>
        <name>Bar Siena</name>
        <address>832 W Randolph St, Chicago, IL 60607</address>
        <description><![CDATA[Type: Restaurant<br>Neighborhood: West Loop<br>Reviews: <br>Address: 832 W Randolph St, Chicago, IL 60607]]></description>
        <styleUrl>#icon-1899-F57C00</styleUrl>
        <ExtendedData>
          <Data name="Type">
            <value>Restaurant</value>
          </Data>
          <Data name="Neighborhood">
            <value>West Loop</value>
          </Data>
          <Data name="Reviews">
            <value/>
          </Data>
          <Data name="Address">
            <value>832 W Randolph St, Chicago, IL 60607</value>
          </Data>
        </ExtendedData>
      </Placemark>
      <Placemark>
        <name>Butterfly Sushi</name>
        <address>1139 W Grand Ave, Chicago, IL 60642</address>
        <description><![CDATA[Type: Restaurant<br>Neighborhood: West Loop<br>Reviews: <br>Address: 1139 W Grand Ave, Chicago, IL 60642]]></description>
        <styleUrl>#icon-1899-F57C00</styleUrl>
        <ExtendedData>
          <Data name="Type">
            <value>Restaurant</value>
          </Data>
          <Data name="Neighborhood">
            <value>West Loop</value>
          </Data>
          <Data name="Reviews">
            <value/>
          </Data>
          <Data name="Address">
            <value>1139 W Grand Ave, Chicago, IL 60642</value>
          </Data>
        </ExtendedData>
      </Placemark>
      <Placemark>
        <name>Cabra</name>
        <address>200 N Green St, Chicago, IL 60607</address>
        <description><![CDATA[Type: Restaurant<br>Neighborhood: West Loop<br>Reviews: good peruvian food<br>Address: 200 N Green St, Chicago, IL 60607]]></description>
        <styleUrl>#icon-1899-F57C00</styleUrl>
        <ExtendedData>
          <Data name="Type">
            <value>Restaurant</value>
          </Data>
          <Data name="Neighborhood">
            <value>West Loop</value>
          </Data>
          <Data name="Reviews">
            <value>good peruvian food</value>
          </Data>
          <Data name="Address">
            <value>200 N Green St, Chicago, IL 60607</value>
          </Data>
        </ExtendedData>
      </Placemark>
      <Placemark>
        <name>Cira</name>
        <address>200 N Green St, Chicago, IL 60607</address>
        <description><![CDATA[Type: Restaurant<br>Neighborhood: West Loop<br>Reviews: Mediterranean place<br>Address: 200 N Green St, Chicago, IL 60607]]></description>
        <styleUrl>#icon-1899-F57C00</styleUrl>
        <ExtendedData>
          <Data name="Type">
            <value>Restaurant</value>
          </Data>
          <Data name="Neighborhood">
            <value>West Loop</value>
          </Data>
          <Data name="Reviews">
            <value>Mediterranean place</value>
          </Data>
          <Data name="Address">
            <value>200 N Green St, Chicago, IL 60607</value>
          </Data>
        </ExtendedData>
      </Placemark>
      <Placemark>
        <name><![CDATA[D'Amato's Bakery]]></name>
        <address>1124 W Grand Ave, Chicago, IL 60642</address>
        <description><![CDATA[Type: Restaurant<br>Neighborhood: West Loop<br>Reviews: <br>Address: 1124 W Grand Ave, Chicago, IL 60642]]></description>
        <styleUrl>#icon-1899-F57C00</styleUrl>
        <ExtendedData>
          <Data name="Type">
            <value>Restaurant</value>
          </Data>
          <Data name="Neighborhood">
            <value>West Loop</value>
          </Data>
          <Data name="Reviews">
            <value/>
          </Data>
          <Data name="Address">
            <value>1124 W Grand Ave, Chicago, IL 60642</value>
          </Data>
        </ExtendedData>
      </Placemark>
      <Placemark>
        <name>Diego Chicago Restaurant</name>
        <address>459 N Ogden Ave, Chicago, IL 60642</address>
        <description><![CDATA[Type: Restaurant<br>Neighborhood: West Loop<br>Reviews: good tostadas and cocktails<br>Address: 459 N Ogden Ave, Chicago, IL 60642]]></description>
        <styleUrl>#icon-1899-F57C00</styleUrl>
        <ExtendedData>
          <Data name="Type">
            <value>Restaurant</value>
          </Data>
          <Data name="Neighborhood">
            <value>West Loop</value>
          </Data>
          <Data name="Reviews">
            <value>good tostadas and cocktails</value>
          </Data>
          <Data name="Address">
            <value>459 N Ogden Ave, Chicago, IL 60642</value>
          </Data>
        </ExtendedData>
      </Placemark>
      <Placemark>
        <name>Duck Duck Goat</name>
        <address>857 W Fulton St, Chicago, IL 60607</address>
        <description><![CDATA[Type: Restaurant<br>Neighborhood: West Loop<br>Reviews: chinese food<br>Address: 857 W Fulton St, Chicago, IL 60607]]></description>
        <styleUrl>#icon-1899-F57C00</styleUrl>
        <ExtendedData>
          <Data name="Type">
            <value>Restaurant</value>
          </Data>
          <Data name="Neighborhood">
            <value>West Loop</value>
          </Data>
          <Data name="Reviews">
            <value>chinese food</value>
          </Data>
          <Data name="Address">
            <value>857 W Fulton St, Chicago, IL 60607</value>
          </Data>
        </ExtendedData>
      </Placemark>
      <Placemark>
        <name><![CDATA[El Che Steakhouse & Bar]]></name>
        <address>845 W Washington Blvd, Chicago, IL 60607</address>
        <description><![CDATA[Type: Restaurant<br>Neighborhood: West Loop<br>Reviews: argentinan steakhouse<br>Address: 845 W Washington Blvd, Chicago, IL 60607]]></description>
        <styleUrl>#icon-1899-F57C00</styleUrl>
        <ExtendedData>
          <Data name="Type">
            <value>Restaurant</value>
          </Data>
          <Data name="Neighborhood">
            <value>West Loop</value>
          </Data>
          <Data name="Reviews">
            <value>argentinan steakhouse</value>
          </Data>
          <Data name="Address">
            <value>845 W Washington Blvd, Chicago, IL 60607</value>
          </Data>
        </ExtendedData>
      </Placemark>
      <Placemark>
        <name><![CDATA[Girl & The Goat]]></name>
        <address>809 W Randolph St, Chicago, IL 60607</address>
        <description><![CDATA[Type: Restaurant<br>Neighborhood: West Loop<br>Reviews: <br>Address: 809 W Randolph St, Chicago, IL 60607]]></description>
        <styleUrl>#icon-1899-F57C00</styleUrl>
        <ExtendedData>
          <Data name="Type">
            <value>Restaurant</value>
          </Data>
          <Data name="Neighborhood">
            <value>West Loop</value>
          </Data>
          <Data name="Reviews">
            <value/>
          </Data>
          <Data name="Address">
            <value>809 W Randolph St, Chicago, IL 60607</value>
          </Data>
        </ExtendedData>
      </Placemark>
      <Placemark>
        <name>Green Street Smoked Meats</name>
        <address>112 N Green St, Chicago, IL 60607</address>
        <description><![CDATA[Type: Restaurant<br>Neighborhood: West Loop<br>Reviews: Becca rec'd<br>Address: 112 N Green St, Chicago, IL 60607]]></description>
        <styleUrl>#icon-1899-F57C00</styleUrl>
        <ExtendedData>
          <Data name="Type">
            <value>Restaurant</value>
          </Data>
          <Data name="Neighborhood">
            <value>West Loop</value>
          </Data>
          <Data name="Reviews">
            <value><![CDATA[Becca rec'd]]></value>
          </Data>
          <Data name="Address">
            <value>112 N Green St, Chicago, IL 60607</value>
          </Data>
        </ExtendedData>
      </Placemark>
      <Placemark>
        <name>Hide+Seek</name>
        <address>838 W Randolph St, Chicago, IL 60607</address>
        <description><![CDATA[Type: Restaurant<br>Neighborhood: West Loop<br>Reviews: <br>Address: 838 W Randolph St, Chicago, IL 60607]]></description>
        <styleUrl>#icon-1899-F57C00</styleUrl>
        <ExtendedData>
          <Data name="Type">
            <value>Restaurant</value>
          </Data>
          <Data name="Neighborhood">
            <value>West Loop</value>
          </Data>
          <Data name="Reviews">
            <value/>
          </Data>
          <Data name="Address">
            <value>838 W Randolph St, Chicago, IL 60607</value>
          </Data>
        </ExtendedData>
      </Placemark>
      <Placemark>
        <name>La Josie</name>
        <address>740 W Randolph St, Chicago, IL 60661</address>
        <description><![CDATA[Type: Restaurant<br>Neighborhood: West Loop<br>Reviews: Mexican place<br>Address: 740 W Randolph St, Chicago, IL 60661]]></description>
        <styleUrl>#icon-1899-F57C00</styleUrl>
        <ExtendedData>
          <Data name="Type">
            <value>Restaurant</value>
          </Data>
          <Data name="Neighborhood">
            <value>West Loop</value>
          </Data>
          <Data name="Reviews">
            <value>Mexican place</value>
          </Data>
          <Data name="Address">
            <value>740 W Randolph St, Chicago, IL 60661</value>
          </Data>
        </ExtendedData>
      </Placemark>
      <Placemark>
        <name>La Scarola</name>
        <address>721 W Grand Ave, Chicago, IL 60654</address>
        <description><![CDATA[Type: Restaurant<br>Neighborhood: West Loop<br>Reviews: <br>Address: 721 W Grand Ave, Chicago, IL 60654]]></description>
        <styleUrl>#icon-1899-F57C00</styleUrl>
        <ExtendedData>
          <Data name="Type">
            <value>Restaurant</value>
          </Data>
          <Data name="Neighborhood">
            <value>West Loop</value>
          </Data>
          <Data name="Reviews">
            <value/>
          </Data>
          <Data name="Address">
            <value>721 W Grand Ave, Chicago, IL 60654</value>
          </Data>
        </ExtendedData>
      </Placemark>
      <Placemark>
        <name>Lena Brava</name>
        <address>900 W Randolph St, Chicago, IL 60607</address>
        <description><![CDATA[Type: Restaurant<br>Neighborhood: West Loop<br>Reviews: <br>Address: 900 W Randolph St, Chicago, IL 60607]]></description>
        <styleUrl>#icon-1899-F57C00</styleUrl>
        <ExtendedData>
          <Data name="Type">
            <value>Restaurant</value>
          </Data>
          <Data name="Neighborhood">
            <value>West Loop</value>
          </Data>
          <Data name="Reviews">
            <value/>
          </Data>
          <Data name="Address">
            <value>900 W Randolph St, Chicago, IL 60607</value>
          </Data>
        </ExtendedData>
      </Placemark>
      <Placemark>
        <name>Nobu</name>
        <address>854 W Randolph St, Chicago, IL 60607</address>
        <description><![CDATA[Type: Restaurant<br>Neighborhood: West Loop<br>Reviews: <br>Address: 854 W Randolph St, Chicago, IL 60607]]></description>
        <styleUrl>#icon-1899-F57C00</styleUrl>
        <ExtendedData>
          <Data name="Type">
            <value>Restaurant</value>
          </Data>
          <Data name="Neighborhood">
            <value>West Loop</value>
          </Data>
          <Data name="Reviews">
            <value/>
          </Data>
          <Data name="Address">
            <value>854 W Randolph St, Chicago, IL 60607</value>
          </Data>
        </ExtendedData>
      </Placemark>
      <Placemark>
        <name><![CDATA[Nonna's Pizza]]></name>
        <address>925 W Randolph St, Chicago, IL 60607</address>
        <description><![CDATA[Type: Restaurant<br>Neighborhood: West Loop<br>Reviews: <br>Address: 925 W Randolph St, Chicago, IL 60607]]></description>
        <styleUrl>#icon-1899-F57C00</styleUrl>
        <ExtendedData>
          <Data name="Type">
            <value>Restaurant</value>
          </Data>
          <Data name="Neighborhood">
            <value>West Loop</value>
          </Data>
          <Data name="Reviews">
            <value/>
          </Data>
          <Data name="Address">
            <value>925 W Randolph St, Chicago, IL 60607</value>
          </Data>
        </ExtendedData>
      </Placemark>
      <Placemark>
        <name>Parlor Pizza</name>
        <address>108 N Green St, Chicago, IL 60607</address>
        <description><![CDATA[Type: Restaurant<br>Neighborhood: West Loop<br>Reviews: rec'd by multiple people<br>Address: 108 N Green St, Chicago, IL 60607]]></description>
        <styleUrl>#icon-1899-F57C00</styleUrl>
        <ExtendedData>
          <Data name="Type">
            <value>Restaurant</value>
          </Data>
          <Data name="Neighborhood">
            <value>West Loop</value>
          </Data>
          <Data name="Reviews">
            <value><![CDATA[rec'd by multiple people]]></value>
          </Data>
          <Data name="Address">
            <value>108 N Green St, Chicago, IL 60607</value>
          </Data>
        </ExtendedData>
      </Placemark>
      <Placemark>
        <name>Pasta Veneta</name>
        <address>1154 W Fulton St, Chicago, IL 60607</address>
        <description><![CDATA[Type: Restaurant<br>Neighborhood: West Loop<br>Reviews: <br>Address: 1154 W Fulton St, Chicago, IL 60607]]></description>
        <styleUrl>#icon-1899-F57C00</styleUrl>
        <ExtendedData>
          <Data name="Type">
            <value>Restaurant</value>
          </Data>
          <Data name="Neighborhood">
            <value>West Loop</value>
          </Data>
          <Data name="Reviews">
            <value/>
          </Data>
          <Data name="Address">
            <value>1154 W Fulton St, Chicago, IL 60607</value>
          </Data>
        </ExtendedData>
      </Placemark>
      <Placemark>
        <name><![CDATA[PIZZ'AMICI]]></name>
        <address>1215 W Grand Ave, Chicago, IL 60642</address>
        <description><![CDATA[Type: Restaurant<br>Neighborhood: West Loop<br>Reviews: <br>Address: 1215 W Grand Ave, Chicago, IL 60642]]></description>
        <styleUrl>#icon-1899-F57C00</styleUrl>
        <ExtendedData>
          <Data name="Type">
            <value>Restaurant</value>
          </Data>
          <Data name="Neighborhood">
            <value>West Loop</value>
          </Data>
          <Data name="Reviews">
            <value/>
          </Data>
          <Data name="Address">
            <value>1215 W Grand Ave, Chicago, IL 60642</value>
          </Data>
        </ExtendedData>
      </Placemark>
      <Placemark>
        <name>Ramen Wasabi </name>
        <address>819 W Fulton St, Chicago, IL 60607</address>
        <description><![CDATA[Type: Restaurant<br>Neighborhood: West Loop<br>Reviews: <br>Address: 819 W Fulton St, Chicago, IL 60607]]></description>
        <styleUrl>#icon-1899-F57C00</styleUrl>
        <ExtendedData>
          <Data name="Type">
            <value>Restaurant</value>
          </Data>
          <Data name="Neighborhood">
            <value>West Loop</value>
          </Data>
          <Data name="Reviews">
            <value/>
          </Data>
          <Data name="Address">
            <value>819 W Fulton St, Chicago, IL 60607</value>
          </Data>
        </ExtendedData>
      </Placemark>
      <Placemark>
        <name>Ranalli’s Pizza</name>
        <address>1326 W Madison St, Chicago, IL 60607</address>
        <description><![CDATA[Type: Restaurant<br>Neighborhood: West Loop<br>Reviews: <br>Address: 1326 W Madison St, Chicago, IL 60607]]></description>
        <styleUrl>#icon-1899-F57C00</styleUrl>
        <ExtendedData>
          <Data name="Type">
            <value>Restaurant</value>
          </Data>
          <Data name="Neighborhood">
            <value>West Loop</value>
          </Data>
          <Data name="Reviews">
            <value/>
          </Data>
          <Data name="Address">
            <value>1326 W Madison St, Chicago, IL 60607</value>
          </Data>
        </ExtendedData>
      </Placemark>
      <Placemark>
        <name><![CDATA[Robinson's No. 1 Ribs]]></name>
        <address>225 S Canal St, Chicago, IL 60606</address>
        <description><![CDATA[Type: Restaurant<br>Neighborhood: West Loop<br>Reviews: <br>Address: 225 S Canal St, Chicago, IL 60606]]></description>
        <styleUrl>#icon-1899-F57C00</styleUrl>
        <ExtendedData>
          <Data name="Type">
            <value>Restaurant</value>
          </Data>
          <Data name="Neighborhood">
            <value>West Loop</value>
          </Data>
          <Data name="Reviews">
            <value/>
          </Data>
          <Data name="Address">
            <value>225 S Canal St, Chicago, IL 60606</value>
          </Data>
        </ExtendedData>
      </Placemark>
      <Placemark>
        <name>ROOP</name>
        <address>736 W Randolph St, Chicago, IL 60661</address>
        <description><![CDATA[Type: Restaurant<br>Neighborhood: West Loop<br>Reviews: indian place<br>Address: 736 W Randolph St, Chicago, IL 60661]]></description>
        <styleUrl>#icon-1899-F57C00</styleUrl>
        <ExtendedData>
          <Data name="Type">
            <value>Restaurant</value>
          </Data>
          <Data name="Neighborhood">
            <value>West Loop</value>
          </Data>
          <Data name="Reviews">
            <value>indian place</value>
          </Data>
          <Data name="Address">
            <value>736 W Randolph St, Chicago, IL 60661</value>
          </Data>
        </ExtendedData>
      </Placemark>
      <Placemark>
        <name>SUNNYGUN</name>
        <address>664 W Lake St, Chicago, IL 60661</address>
        <description><![CDATA[Type: Restaurant<br>Neighborhood: West Loop<br>Reviews: <br>Address: 664 W Lake St, Chicago, IL 60661]]></description>
        <styleUrl>#icon-1899-F57C00</styleUrl>
        <ExtendedData>
          <Data name="Type">
            <value>Restaurant</value>
          </Data>
          <Data name="Neighborhood">
            <value>West Loop</value>
          </Data>
          <Data name="Reviews">
            <value/>
          </Data>
          <Data name="Address">
            <value>664 W Lake St, Chicago, IL 60661</value>
          </Data>
        </ExtendedData>
      </Placemark>
      <Placemark>
        <name>Sushi by Bou</name>
        <address>311 N Morgan St, Chicago, IL 60607</address>
        <description><![CDATA[Type: Restaurant<br>Neighborhood: West Loop<br>Reviews: <br>Address: 311 N Morgan St, Chicago, IL 60607]]></description>
        <styleUrl>#icon-1899-F57C00</styleUrl>
        <ExtendedData>
          <Data name="Type">
            <value>Restaurant</value>
          </Data>
          <Data name="Neighborhood">
            <value>West Loop</value>
          </Data>
          <Data name="Reviews">
            <value/>
          </Data>
          <Data name="Address">
            <value>311 N Morgan St, Chicago, IL 60607</value>
          </Data>
        </ExtendedData>
      </Placemark>
      <Placemark>
        <name>Taco Burrito King</name>
        <address>811 W Jackson Blvd, Chicago, IL 60607</address>
        <description><![CDATA[Type: Restaurant<br>Neighborhood: West Loop<br>Reviews: Trey's fav burrito<br>Address: 811 W Jackson Blvd, Chicago, IL 60607]]></description>
        <styleUrl>#icon-1899-F57C00</styleUrl>
        <ExtendedData>
          <Data name="Type">
            <value>Restaurant</value>
          </Data>
          <Data name="Neighborhood">
            <value>West Loop</value>
          </Data>
          <Data name="Reviews">
            <value><![CDATA[Trey's fav burrito]]></value>
          </Data>
          <Data name="Address">
            <value>811 W Jackson Blvd, Chicago, IL 60607</value>
          </Data>
        </ExtendedData>
      </Placemark>
      <Placemark>
        <name>Tacombi</name>
        <address>126 N Peoria St, Chicago, IL 60607</address>
        <description><![CDATA[Type: Restaurant<br>Neighborhood: West Loop<br>Reviews: amazing birria tacos<br>Address: 126 N Peoria St, Chicago, IL 60607]]></description>
        <styleUrl>#icon-1899-F57C00</styleUrl>
        <ExtendedData>
          <Data name="Type">
            <value>Restaurant</value>
          </Data>
          <Data name="Neighborhood">
            <value>West Loop</value>
          </Data>
          <Data name="Reviews">
            <value>amazing birria tacos</value>
          </Data>
          <Data name="Address">
            <value>126 N Peoria St, Chicago, IL 60607</value>
          </Data>
        </ExtendedData>
      </Placemark>
      <Placemark>
        <name>Primitive</name>
        <address>130 N Jefferson St, Chicago, IL 60661</address>
        <description><![CDATA[Type: Retail<br>Neighborhood: West Loop<br>Reviews: Cool antique store with artifacts in it<br>Address: 130 N Jefferson St, Chicago, IL 60661]]></description>
        <styleUrl>#icon-1899-F57C00</styleUrl>
        <ExtendedData>
          <Data name="Type">
            <value>Retail</value>
          </Data>
          <Data name="Neighborhood">
            <value>West Loop</value>
          </Data>
          <Data name="Reviews">
            <value>Cool antique store with artifacts in it</value>
          </Data>
          <Data name="Address">
            <value>130 N Jefferson St, Chicago, IL 60661</value>
          </Data>
        </ExtendedData>
      </Placemark>
      <Placemark>
        <name>Do-Rite</name>
        <address>181 N Morgan St, Chicago, IL 60607</address>
        <description><![CDATA[Type: Snack<br>Neighborhood: West Loop<br>Reviews: <br>Address: 181 N Morgan St, Chicago, IL 60607]]></description>
        <styleUrl>#icon-1899-F57C00</styleUrl>
        <ExtendedData>
          <Data name="Type">
            <value>Snack</value>
          </Data>
          <Data name="Neighborhood">
            <value>West Loop</value>
          </Data>
          <Data name="Reviews">
            <value/>
          </Data>
          <Data name="Address">
            <value>181 N Morgan St, Chicago, IL 60607</value>
          </Data>
        </ExtendedData>
      </Placemark>
      <Placemark>
        <name><![CDATA[Jeni's Splendid Ice Cream]]></name>
        <address>908 W Randolph St, Chicago, IL 60607</address>
        <description><![CDATA[Type: Snack<br>Neighborhood: West Loop<br>Reviews: rec'd by multiple people<br>Address: 908 W Randolph St, Chicago, IL 60607]]></description>
        <styleUrl>#icon-1899-F57C00</styleUrl>
        <ExtendedData>
          <Data name="Type">
            <value>Snack</value>
          </Data>
          <Data name="Neighborhood">
            <value>West Loop</value>
          </Data>
          <Data name="Reviews">
            <value><![CDATA[rec'd by multiple people]]></value>
          </Data>
          <Data name="Address">
            <value>908 W Randolph St, Chicago, IL 60607</value>
          </Data>
        </ExtendedData>
      </Placemark>
      <Placemark>
        <name>Asian Homecook</name>
        <address>2739 W Devon Ave, Chicago, IL 60659</address>
        <description><![CDATA[Type: Restaurant<br>Neighborhood: West Ridge<br>Reviews: really good rohingyan and malaysian food!<br>Address: 2739 W Devon Ave, Chicago, IL 60659]]></description>
        <styleUrl>#icon-1899-BDBDBD</styleUrl>
        <ExtendedData>
          <Data name="Type">
            <value>Restaurant</value>
          </Data>
          <Data name="Neighborhood">
            <value>West Ridge</value>
          </Data>
          <Data name="Reviews">
            <value>really good rohingyan and malaysian food!</value>
          </Data>
          <Data name="Address">
            <value>2739 W Devon Ave, Chicago, IL 60659</value>
          </Data>
        </ExtendedData>
      </Placemark>
      <Placemark>
        <name>Empty Bottle</name>
        <address>1035 N Western Ave, Chicago, IL 60622</address>
        <description><![CDATA[Type: Club<br>Neighborhood: West Town<br>Reviews: Plays indie music, punk, r&b sometimes, dive bar<br>Address: 1035 N Western Ave, Chicago, IL 60622]]></description>
        <styleUrl>#icon-1899-097138</styleUrl>
        <ExtendedData>
          <Data name="Type">
            <value>Club</value>
          </Data>
          <Data name="Neighborhood">
            <value>West Town</value>
          </Data>
          <Data name="Reviews">
            <value><![CDATA[Plays indie music, punk, r&b sometimes, dive bar]]></value>
          </Data>
          <Data name="Address">
            <value>1035 N Western Ave, Chicago, IL 60622</value>
          </Data>
        </ExtendedData>
      </Placemark>
      <Placemark>
        <name>Barcocina</name>
        <address>1814 W Chicago Ave, Chicago, IL 60622</address>
        <description><![CDATA[Type: Restaurant<br>Neighborhood: West Town<br>Reviews: <br>Address: 1814 W Chicago Ave, Chicago, IL 60622]]></description>
        <styleUrl>#icon-1899-097138</styleUrl>
        <ExtendedData>
          <Data name="Type">
            <value>Restaurant</value>
          </Data>
          <Data name="Neighborhood">
            <value>West Town</value>
          </Data>
          <Data name="Reviews">
            <value/>
          </Data>
          <Data name="Address">
            <value>1814 W Chicago Ave, Chicago, IL 60622</value>
          </Data>
        </ExtendedData>
      </Placemark>
      <Placemark>
        <name>JJ Thai Street Food</name>
        <address>1715 W Chicago Ave, Chicago, IL 60622</address>
        <description><![CDATA[Type: Restaurant<br>Neighborhood: West Town<br>Reviews: rec'd by a Thai person<br>Address: 1715 W Chicago Ave, Chicago, IL 60622]]></description>
        <styleUrl>#icon-1899-097138</styleUrl>
        <ExtendedData>
          <Data name="Type">
            <value>Restaurant</value>
          </Data>
          <Data name="Neighborhood">
            <value>West Town</value>
          </Data>
          <Data name="Reviews">
            <value><![CDATA[rec'd by a Thai person]]></value>
          </Data>
          <Data name="Address">
            <value>1715 W Chicago Ave, Chicago, IL 60622</value>
          </Data>
        </ExtendedData>
      </Placemark>
      <Placemark>
        <name>Kasama</name>
        <address>1001 N Winchester Ave, Chicago, IL 60622</address>
        <description><![CDATA[Type: Restaurant<br>Neighborhood: West Town<br>Reviews: filipino place<br>Address: 1001 N Winchester Ave, Chicago, IL 60622]]></description>
        <styleUrl>#icon-1899-097138</styleUrl>
        <ExtendedData>
          <Data name="Type">
            <value>Restaurant</value>
          </Data>
          <Data name="Neighborhood">
            <value>West Town</value>
          </Data>
          <Data name="Reviews">
            <value>filipino place</value>
          </Data>
          <Data name="Address">
            <value>1001 N Winchester Ave, Chicago, IL 60622</value>
          </Data>
        </ExtendedData>
      </Placemark>
      <Placemark>
        <name>Lao Peng You</name>
        <address>2020 W Chicago Ave, Chicago IL 60622</address>
        <description><![CDATA[Type: Restaurant<br>Neighborhood: West Town<br>Reviews: <br>Address: 2020 W Chicago Ave, Chicago IL 60622]]></description>
        <styleUrl>#icon-1899-097138</styleUrl>
        <ExtendedData>
          <Data name="Type">
            <value>Restaurant</value>
          </Data>
          <Data name="Neighborhood">
            <value>West Town</value>
          </Data>
          <Data name="Reviews">
            <value/>
          </Data>
          <Data name="Address">
            <value>2020 W Chicago Ave, Chicago IL 60622</value>
          </Data>
        </ExtendedData>
      </Placemark>
      <Placemark>
        <name>Nikko Sushi Izakaya</name>
        <address>2047 W Division St, Chicago, IL 60622</address>
        <description><![CDATA[Type: Restaurant<br>Neighborhood: West Town<br>Reviews: It’s incredible, all you can eat specialty rolls for $30 matcha ice cream is crazy good<br>Address: 2047 W Division St, Chicago, IL 60622]]></description>
        <styleUrl>#icon-1899-097138</styleUrl>
        <ExtendedData>
          <Data name="Type">
            <value>Restaurant</value>
          </Data>
          <Data name="Neighborhood">
            <value>West Town</value>
          </Data>
          <Data name="Reviews">
            <value>It’s incredible, all you can eat specialty rolls for $30 matcha ice cream is crazy good</value>
          </Data>
          <Data name="Address">
            <value>2047 W Division St, Chicago, IL 60622</value>
          </Data>
        </ExtendedData>
      </Placemark>
      <Placemark>
        <name><![CDATA[Uncle Mike's Place]]></name>
        <address>1700 W Grand Ave, Chicago, IL 60622</address>
        <description><![CDATA[Type: Restaurant<br>Neighborhood: West Town<br>Reviews: <br>Address: 1700 W Grand Ave, Chicago, IL 60622]]></description>
        <styleUrl>#icon-1899-097138</styleUrl>
        <ExtendedData>
          <Data name="Type">
            <value>Restaurant</value>
          </Data>
          <Data name="Neighborhood">
            <value>West Town</value>
          </Data>
          <Data name="Reviews">
            <value/>
          </Data>
          <Data name="Address">
            <value>1700 W Grand Ave, Chicago, IL 60622</value>
          </Data>
        </ExtendedData>
      </Placemark>
      <Placemark>
        <name>Yuzu</name>
        <address>1751 W Chicago Ave, Chicago, IL 60622</address>
        <description><![CDATA[Type: Restaurant<br>Neighborhood: West Town<br>Reviews: <br>Address: 1751 W Chicago Ave, Chicago, IL 60622]]></description>
        <styleUrl>#icon-1899-097138</styleUrl>
        <ExtendedData>
          <Data name="Type">
            <value>Restaurant</value>
          </Data>
          <Data name="Neighborhood">
            <value>West Town</value>
          </Data>
          <Data name="Reviews">
            <value/>
          </Data>
          <Data name="Address">
            <value>1751 W Chicago Ave, Chicago, IL 60622</value>
          </Data>
        </ExtendedData>
      </Placemark>
      <Placemark>
        <name>Black Dog Gelato</name>
        <address>859 N Damen Ave, Chicago, IL 60622</address>
        <description><![CDATA[Type: Snack<br>Neighborhood: West Town<br>Reviews: <br>Address: 859 N Damen Ave, Chicago, IL 60622]]></description>
        <styleUrl>#icon-1899-097138</styleUrl>
        <ExtendedData>
          <Data name="Type">
            <value>Snack</value>
          </Data>
          <Data name="Neighborhood">
            <value>West Town</value>
          </Data>
          <Data name="Reviews">
            <value/>
          </Data>
          <Data name="Address">
            <value>859 N Damen Ave, Chicago, IL 60622</value>
          </Data>
        </ExtendedData>
      </Placemark>
      <Placemark>
        <name><![CDATA[Dorian's]]></name>
        <address>1939 W North Ave, Chicago, IL 60622</address>
        <description><![CDATA[Type: Bar<br>Neighborhood: Wicker Park<br>Reviews: Hidden entrance speakeasy, jazz bands<br>rec'd by multiple people, Marissa too<br>Address: 1939 W North Ave, Chicago, IL 60622]]></description>
        <styleUrl>#icon-1899-9C27B0</styleUrl>
        <ExtendedData>
          <Data name="Type">
            <value>Bar</value>
          </Data>
          <Data name="Neighborhood">
            <value>Wicker Park</value>
          </Data>
          <Data name="Reviews">
            <value><![CDATA[Hidden entrance speakeasy, jazz bands
rec'd by multiple people, Marissa too]]></value>
          </Data>
          <Data name="Address">
            <value>1939 W North Ave, Chicago, IL 60622</value>
          </Data>
        </ExtendedData>
      </Placemark>
      <Placemark>
        <name>DSTRKT</name>
        <address>1540 N Milwaukee Ave, Chicago, IL 60622</address>
        <description><![CDATA[Type: Bar<br>Neighborhood: Wicker Park<br>Reviews: rec'd by multiple people<br>Address: 1540 N Milwaukee Ave, Chicago, IL 60622]]></description>
        <styleUrl>#icon-1899-9C27B0</styleUrl>
        <ExtendedData>
          <Data name="Type">
            <value>Bar</value>
          </Data>
          <Data name="Neighborhood">
            <value>Wicker Park</value>
          </Data>
          <Data name="Reviews">
            <value><![CDATA[rec'd by multiple people]]></value>
          </Data>
          <Data name="Address">
            <value>1540 N Milwaukee Ave, Chicago, IL 60622</value>
          </Data>
        </ExtendedData>
      </Placemark>
      <Placemark>
        <name>Easy Bar</name>
        <address>1944 W Division St, Chicago, IL 60622</address>
        <description><![CDATA[Type: Bar<br>Neighborhood: Wicker Park<br>Reviews: Cheap happy hours<br>Address: 1944 W Division St, Chicago, IL 60622]]></description>
        <styleUrl>#icon-1899-9C27B0</styleUrl>
        <ExtendedData>
          <Data name="Type">
            <value>Bar</value>
          </Data>
          <Data name="Neighborhood">
            <value>Wicker Park</value>
          </Data>
          <Data name="Reviews">
            <value>Cheap happy hours</value>
          </Data>
          <Data name="Address">
            <value>1944 W Division St, Chicago, IL 60622</value>
          </Data>
        </ExtendedData>
      </Placemark>
      <Placemark>
        <name>Emporium Arcade Bar</name>
        <address>1366 N Milwaukee Ave, Chicago, IL 60622</address>
        <description><![CDATA[Type: Bar<br>Neighborhood: Wicker Park<br>Reviews: <br>Address: 1366 N Milwaukee Ave, Chicago, IL 60622]]></description>
        <styleUrl>#icon-1899-9C27B0</styleUrl>
        <ExtendedData>
          <Data name="Type">
            <value>Bar</value>
          </Data>
          <Data name="Neighborhood">
            <value>Wicker Park</value>
          </Data>
          <Data name="Reviews">
            <value/>
          </Data>
          <Data name="Address">
            <value>1366 N Milwaukee Ave, Chicago, IL 60622</value>
          </Data>
        </ExtendedData>
      </Placemark>
      <Placemark>
        <name>Kennedy Rooftop</name>
        <address>1551 W North Ave Ashland, Chicago, IL 60622</address>
        <description><![CDATA[Type: Bar<br>Neighborhood: Wicker Park<br>Reviews: <br>Address: 1551 W North Ave Ashland, Chicago, IL 60622]]></description>
        <styleUrl>#icon-1899-9C27B0</styleUrl>
        <ExtendedData>
          <Data name="Type">
            <value>Bar</value>
          </Data>
          <Data name="Neighborhood">
            <value>Wicker Park</value>
          </Data>
          <Data name="Reviews">
            <value/>
          </Data>
          <Data name="Address">
            <value>1551 W North Ave Ashland, Chicago, IL 60622</value>
          </Data>
        </ExtendedData>
      </Placemark>
      <Placemark>
        <name><![CDATA[Louie's Pub]]></name>
        <address>1659 W North Ave, Chicago, IL 60622</address>
        <description><![CDATA[Type: Bar<br>Neighborhood: Wicker Park<br>Reviews: karaoke, free popcorn<br>Address: 1659 W North Ave, Chicago, IL 60622]]></description>
        <styleUrl>#icon-1899-9C27B0</styleUrl>
        <ExtendedData>
          <Data name="Type">
            <value>Bar</value>
          </Data>
          <Data name="Neighborhood">
            <value>Wicker Park</value>
          </Data>
          <Data name="Reviews">
            <value>karaoke, free popcorn</value>
          </Data>
          <Data name="Address">
            <value>1659 W North Ave, Chicago, IL 60622</value>
          </Data>
        </ExtendedData>
      </Placemark>
      <Placemark>
        <name>Remedy</name>
        <address>1910 N Milwaukee Ave, Chicago, IL 60647</address>
        <description><![CDATA[Type: Bar<br>Neighborhood: Wicker Park<br>Reviews: cozy vibes, candlelit tables<br>Address: 1910 N Milwaukee Ave, Chicago, IL 60647]]></description>
        <styleUrl>#icon-1899-9C27B0</styleUrl>
        <ExtendedData>
          <Data name="Type">
            <value>Bar</value>
          </Data>
          <Data name="Neighborhood">
            <value>Wicker Park</value>
          </Data>
          <Data name="Reviews">
            <value>cozy vibes, candlelit tables</value>
          </Data>
          <Data name="Address">
            <value>1910 N Milwaukee Ave, Chicago, IL 60647</value>
          </Data>
        </ExtendedData>
      </Placemark>
      <Placemark>
        <name>Revolver</name>
        <address>1270 N Milwaukee Ave, Chicago, IL 60622</address>
        <description><![CDATA[Type: Bar<br>Neighborhood: Wicker Park<br>Reviews: <br>Address: 1270 N Milwaukee Ave, Chicago, IL 60622]]></description>
        <styleUrl>#icon-1899-9C27B0</styleUrl>
        <ExtendedData>
          <Data name="Type">
            <value>Bar</value>
          </Data>
          <Data name="Neighborhood">
            <value>Wicker Park</value>
          </Data>
          <Data name="Reviews">
            <value/>
          </Data>
          <Data name="Address">
            <value>1270 N Milwaukee Ave, Chicago, IL 60622</value>
          </Data>
        </ExtendedData>
      </Placemark>
      <Placemark>
        <name>Barnes and Noble</name>
        <address>1601 N Milwaukee Ave, Chicago, IL 60647</address>
        <description><![CDATA[Type: Books<br>Neighborhood: Wicker Park<br>Reviews: rec'd by multiple people<br>Address: 1601 N Milwaukee Ave, Chicago, IL 60647]]></description>
        <styleUrl>#icon-1899-9C27B0</styleUrl>
        <ExtendedData>
          <Data name="Type">
            <value>Books</value>
          </Data>
          <Data name="Neighborhood">
            <value>Wicker Park</value>
          </Data>
          <Data name="Reviews">
            <value><![CDATA[rec'd by multiple people]]></value>
          </Data>
          <Data name="Address">
            <value>1601 N Milwaukee Ave, Chicago, IL 60647</value>
          </Data>
        </ExtendedData>
      </Placemark>
      <Placemark>
        <name>Challengers Comics</name>
        <address>1845 N Western Ave, Chicago, IL 60647</address>
        <description><![CDATA[Type: Books<br>Neighborhood: Wicker Park<br>Reviews: <br>Address: 1845 N Western Ave, Chicago, IL 60647]]></description>
        <styleUrl>#icon-1899-9C27B0</styleUrl>
        <ExtendedData>
          <Data name="Type">
            <value>Books</value>
          </Data>
          <Data name="Neighborhood">
            <value>Wicker Park</value>
          </Data>
          <Data name="Reviews">
            <value/>
          </Data>
          <Data name="Address">
            <value>1845 N Western Ave, Chicago, IL 60647</value>
          </Data>
        </ExtendedData>
      </Placemark>
      <Placemark>
        <name>Myopic Books</name>
        <address>1564 N Milwaukee Ave, Chicago, IL 60622</address>
        <description><![CDATA[Type: Books<br>Neighborhood: Wicker Park<br>Reviews: sell used books and comic books<br>Address: 1564 N Milwaukee Ave, Chicago, IL 60622]]></description>
        <styleUrl>#icon-1899-9C27B0</styleUrl>
        <ExtendedData>
          <Data name="Type">
            <value>Books</value>
          </Data>
          <Data name="Neighborhood">
            <value>Wicker Park</value>
          </Data>
          <Data name="Reviews">
            <value>sell used books and comic books</value>
          </Data>
          <Data name="Address">
            <value>1564 N Milwaukee Ave, Chicago, IL 60622</value>
          </Data>
        </ExtendedData>
      </Placemark>
      <Placemark>
        <name><![CDATA[Quimby's]]></name>
        <address>1854 W North Ave, Chicago, IL 60622</address>
        <description><![CDATA[Type: Books<br>Neighborhood: Wicker Park<br>Reviews: has local diy zines<br>Address: 1854 W North Ave, Chicago, IL 60622]]></description>
        <styleUrl>#icon-1899-9C27B0</styleUrl>
        <ExtendedData>
          <Data name="Type">
            <value>Books</value>
          </Data>
          <Data name="Neighborhood">
            <value>Wicker Park</value>
          </Data>
          <Data name="Reviews">
            <value>has local diy zines</value>
          </Data>
          <Data name="Address">
            <value>1854 W North Ave, Chicago, IL 60622</value>
          </Data>
        </ExtendedData>
      </Placemark>
      <Placemark>
        <name>Sheep Cult Comics</name>
        <address>1632 N Milwaukee Ave, Chicago, IL 60647</address>
        <description><![CDATA[Type: Books<br>Neighborhood: Wicker Park<br>Reviews: REALLY COOL decor and comics<br>Address: 1632 N Milwaukee Ave, Chicago, IL 60647]]></description>
        <styleUrl>#icon-1899-9C27B0</styleUrl>
        <ExtendedData>
          <Data name="Type">
            <value>Books</value>
          </Data>
          <Data name="Neighborhood">
            <value>Wicker Park</value>
          </Data>
          <Data name="Reviews">
            <value>REALLY COOL decor and comics</value>
          </Data>
          <Data name="Address">
            <value>1632 N Milwaukee Ave, Chicago, IL 60647</value>
          </Data>
        </ExtendedData>
      </Placemark>
      <Placemark>
        <name>Bongo Room</name>
        <address>1470 N Milwaukee Ave, Chicago, IL 60622</address>
        <description><![CDATA[Type: Brunch<br>Neighborhood: Wicker Park<br>Reviews: <br>Address: 1470 N Milwaukee Ave, Chicago, IL 60622]]></description>
        <styleUrl>#icon-1899-9C27B0</styleUrl>
        <ExtendedData>
          <Data name="Type">
            <value>Brunch</value>
          </Data>
          <Data name="Neighborhood">
            <value>Wicker Park</value>
          </Data>
          <Data name="Reviews">
            <value/>
          </Data>
          <Data name="Address">
            <value>1470 N Milwaukee Ave, Chicago, IL 60622</value>
          </Data>
        </ExtendedData>
      </Placemark>
      <Placemark>
        <name><![CDATA[Dove's Luncheonette]]></name>
        <address>1545 N Damen Ave, Chicago, IL 60622</address>
        <description><![CDATA[Type: Brunch<br>Neighborhood: Wicker Park<br>Reviews: Allen: nice little brunch place<br>Address: 1545 N Damen Ave, Chicago, IL 60622]]></description>
        <styleUrl>#icon-1899-9C27B0</styleUrl>
        <ExtendedData>
          <Data name="Type">
            <value>Brunch</value>
          </Data>
          <Data name="Neighborhood">
            <value>Wicker Park</value>
          </Data>
          <Data name="Reviews">
            <value>Allen: nice little brunch place</value>
          </Data>
          <Data name="Address">
            <value>1545 N Damen Ave, Chicago, IL 60622</value>
          </Data>
        </ExtendedData>
      </Placemark>
      <Placemark>
        <name>Le Café Station</name>
        <address>1901 N Western Ave, Chicago, IL 60647</address>
        <description><![CDATA[Type: Brunch<br>Neighborhood: Wicker Park<br>Reviews: Allen: good sandwiches and wraps<br>Address: 1901 N Western Ave, Chicago, IL 60647]]></description>
        <styleUrl>#icon-1899-9C27B0</styleUrl>
        <ExtendedData>
          <Data name="Type">
            <value>Brunch</value>
          </Data>
          <Data name="Neighborhood">
            <value>Wicker Park</value>
          </Data>
          <Data name="Reviews">
            <value>Allen: good sandwiches and wraps</value>
          </Data>
          <Data name="Address">
            <value>1901 N Western Ave, Chicago, IL 60647</value>
          </Data>
        </ExtendedData>
      </Placemark>
      <Placemark>
        <name>Ipsento 606</name>
        <address>1813 N Milwaukee Ave, Chicago, IL 60647</address>
        <description><![CDATA[Type: Cafe<br>Neighborhood: Wicker Park<br>Reviews: <br>Address: 1813 N Milwaukee Ave, Chicago, IL 60647]]></description>
        <styleUrl>#icon-1899-9C27B0</styleUrl>
        <ExtendedData>
          <Data name="Type">
            <value>Cafe</value>
          </Data>
          <Data name="Neighborhood">
            <value>Wicker Park</value>
          </Data>
          <Data name="Reviews">
            <value/>
          </Data>
          <Data name="Address">
            <value>1813 N Milwaukee Ave, Chicago, IL 60647</value>
          </Data>
        </ExtendedData>
      </Placemark>
      <Placemark>
        <name><![CDATA[Snakes & Lattes ]]></name>
        <address>1965 N Milwaukee Ave, Chicago, IL 60647</address>
        <description><![CDATA[Type: Cafe<br>Neighborhood: Wicker Park<br>Reviews: rec'd by multiple people, including tiktok<br>Address: 1965 N Milwaukee Ave, Chicago, IL 60647]]></description>
        <styleUrl>#icon-1899-9C27B0</styleUrl>
        <ExtendedData>
          <Data name="Type">
            <value>Cafe</value>
          </Data>
          <Data name="Neighborhood">
            <value>Wicker Park</value>
          </Data>
          <Data name="Reviews">
            <value><![CDATA[rec'd by multiple people, including tiktok]]></value>
          </Data>
          <Data name="Address">
            <value>1965 N Milwaukee Ave, Chicago, IL 60647</value>
          </Data>
        </ExtendedData>
      </Placemark>
      <Placemark>
        <name>Wormhole Coffee</name>
        <address>1462 N Milwaukee Ave, Chicago, IL 60622</address>
        <description><![CDATA[Type: Cafe<br>Neighborhood: Wicker Park<br>Reviews: <br>Address: 1462 N Milwaukee Ave, Chicago, IL 60622]]></description>
        <styleUrl>#icon-1899-9C27B0</styleUrl>
        <ExtendedData>
          <Data name="Type">
            <value>Cafe</value>
          </Data>
          <Data name="Neighborhood">
            <value>Wicker Park</value>
          </Data>
          <Data name="Reviews">
            <value/>
          </Data>
          <Data name="Address">
            <value>1462 N Milwaukee Ave, Chicago, IL 60622</value>
          </Data>
        </ExtendedData>
      </Placemark>
      <Placemark>
        <name><![CDATA[Arturo's Tacos]]></name>
        <address>2001 N Western Ave, Chicago, IL 60647</address>
        <description><![CDATA[Type: Restaurant<br>Neighborhood: Wicker Park<br>Reviews: <br>Address: 2001 N Western Ave, Chicago, IL 60647]]></description>
        <styleUrl>#icon-1899-9C27B0</styleUrl>
        <ExtendedData>
          <Data name="Type">
            <value>Restaurant</value>
          </Data>
          <Data name="Neighborhood">
            <value>Wicker Park</value>
          </Data>
          <Data name="Reviews">
            <value/>
          </Data>
          <Data name="Address">
            <value>2001 N Western Ave, Chicago, IL 60647</value>
          </Data>
        </ExtendedData>
      </Placemark>
      <Placemark>
        <name>Club Lucky</name>
        <address>1824 W Wabansia Ave, Chicago, IL 60622</address>
        <description><![CDATA[Type: Restaurant<br>Neighborhood: Wicker Park<br>Reviews: <br>Address: 1824 W Wabansia Ave, Chicago, IL 60622]]></description>
        <styleUrl>#icon-1899-9C27B0</styleUrl>
        <ExtendedData>
          <Data name="Type">
            <value>Restaurant</value>
          </Data>
          <Data name="Neighborhood">
            <value>Wicker Park</value>
          </Data>
          <Data name="Reviews">
            <value/>
          </Data>
          <Data name="Address">
            <value>1824 W Wabansia Ave, Chicago, IL 60622</value>
          </Data>
        </ExtendedData>
      </Placemark>
      <Placemark>
        <name>Iron Age</name>
        <address>1265 N Milwaukee Ave, Chicago, IL 60622</address>
        <description><![CDATA[Type: Restaurant<br>Neighborhood: Wicker Park<br>Reviews: Korean bbq, Trey's fav restaurant<br>Address: 1265 N Milwaukee Ave, Chicago, IL 60622]]></description>
        <styleUrl>#icon-1899-9C27B0</styleUrl>
        <ExtendedData>
          <Data name="Type">
            <value>Restaurant</value>
          </Data>
          <Data name="Neighborhood">
            <value>Wicker Park</value>
          </Data>
          <Data name="Reviews">
            <value><![CDATA[Korean bbq, Trey's fav restaurant]]></value>
          </Data>
          <Data name="Address">
            <value>1265 N Milwaukee Ave, Chicago, IL 60622</value>
          </Data>
        </ExtendedData>
      </Placemark>
      <Placemark>
        <name>Manchamanteles</name>
        <address>2009 N Western Ave, Chicago, IL 60647</address>
        <description><![CDATA[Type: Restaurant<br>Neighborhood: Wicker Park<br>Reviews: <br>Address: 2009 N Western Ave, Chicago, IL 60647]]></description>
        <styleUrl>#icon-1899-9C27B0</styleUrl>
        <ExtendedData>
          <Data name="Type">
            <value>Restaurant</value>
          </Data>
          <Data name="Neighborhood">
            <value>Wicker Park</value>
          </Data>
          <Data name="Reviews">
            <value/>
          </Data>
          <Data name="Address">
            <value>2009 N Western Ave, Chicago, IL 60647</value>
          </Data>
        </ExtendedData>
      </Placemark>
      <Placemark>
        <name>Mott St</name>
        <address>1401 N Ashland Ave, Chicago, IL 60622</address>
        <description><![CDATA[Type: Restaurant<br>Neighborhood: Wicker Park<br>Reviews: Rec'd by Marissa<br>Address: 1401 N Ashland Ave, Chicago, IL 60622]]></description>
        <styleUrl>#icon-1899-9C27B0</styleUrl>
        <ExtendedData>
          <Data name="Type">
            <value>Restaurant</value>
          </Data>
          <Data name="Neighborhood">
            <value>Wicker Park</value>
          </Data>
          <Data name="Reviews">
            <value><![CDATA[Rec'd by Marissa]]></value>
          </Data>
          <Data name="Address">
            <value>1401 N Ashland Ave, Chicago, IL 60622</value>
          </Data>
        </ExtendedData>
      </Placemark>
      <Placemark>
        <name>Oiistar</name>
        <address>1385 N Milwaukee Ave, Chicago, IL 60622</address>
        <description><![CDATA[Type: Restaurant<br>Neighborhood: Wicker Park<br>Reviews: <br>Address: 1385 N Milwaukee Ave, Chicago, IL 60622]]></description>
        <styleUrl>#icon-1899-9C27B0</styleUrl>
        <ExtendedData>
          <Data name="Type">
            <value>Restaurant</value>
          </Data>
          <Data name="Neighborhood">
            <value>Wicker Park</value>
          </Data>
          <Data name="Reviews">
            <value/>
          </Data>
          <Data name="Address">
            <value>1385 N Milwaukee Ave, Chicago, IL 60622</value>
          </Data>
        </ExtendedData>
      </Placemark>
      <Placemark>
        <name>Paradise Park Pizza</name>
        <address>1913 W North Ave, Chicago, IL 60622</address>
        <description><![CDATA[Type: Restaurant<br>Neighborhood: Wicker Park<br>Reviews: Allen: Food's pretty good<br>Address: 1913 W North Ave, Chicago, IL 60622]]></description>
        <styleUrl>#icon-1899-9C27B0</styleUrl>
        <ExtendedData>
          <Data name="Type">
            <value>Restaurant</value>
          </Data>
          <Data name="Neighborhood">
            <value>Wicker Park</value>
          </Data>
          <Data name="Reviews">
            <value><![CDATA[Allen: Food's pretty good]]></value>
          </Data>
          <Data name="Address">
            <value>1913 W North Ave, Chicago, IL 60622</value>
          </Data>
        </ExtendedData>
      </Placemark>
      <Placemark>
        <name><![CDATA[Paulie Gee's Pizza]]></name>
        <address>1566 N Damen Ave, Chicago, IL 60622</address>
        <description><![CDATA[Type: Restaurant<br>Neighborhood: Wicker Park<br>Reviews: <br>Address: 1566 N Damen Ave, Chicago, IL 60622]]></description>
        <styleUrl>#icon-1899-9C27B0</styleUrl>
        <ExtendedData>
          <Data name="Type">
            <value>Restaurant</value>
          </Data>
          <Data name="Neighborhood">
            <value>Wicker Park</value>
          </Data>
          <Data name="Reviews">
            <value/>
          </Data>
          <Data name="Address">
            <value>1566 N Damen Ave, Chicago, IL 60622</value>
          </Data>
        </ExtendedData>
      </Placemark>
      <Placemark>
        <name>Redhot Ranch</name>
        <address>2449 W Armitage Ave, Chicago, IL 60647</address>
        <description><![CDATA[Type: Restaurant<br>Neighborhood: Wicker Park<br>Reviews: <br>Address: 2449 W Armitage Ave, Chicago, IL 60647]]></description>
        <styleUrl>#icon-1899-9C27B0</styleUrl>
        <ExtendedData>
          <Data name="Type">
            <value>Restaurant</value>
          </Data>
          <Data name="Neighborhood">
            <value>Wicker Park</value>
          </Data>
          <Data name="Reviews">
            <value/>
          </Data>
          <Data name="Address">
            <value>2449 W Armitage Ave, Chicago, IL 60647</value>
          </Data>
        </ExtendedData>
      </Placemark>
      <Placemark>
        <name>Sushi Taku</name>
        <address>1904 W Division St, Chicago, IL 60622</address>
        <description><![CDATA[Type: Restaurant<br>Neighborhood: Wicker Park<br>Reviews: <br>Address: 1904 W Division St, Chicago, IL 60622]]></description>
        <styleUrl>#icon-1899-9C27B0</styleUrl>
        <ExtendedData>
          <Data name="Type">
            <value>Restaurant</value>
          </Data>
          <Data name="Neighborhood">
            <value>Wicker Park</value>
          </Data>
          <Data name="Reviews">
            <value/>
          </Data>
          <Data name="Address">
            <value>1904 W Division St, Chicago, IL 60622</value>
          </Data>
        </ExtendedData>
      </Placemark>
      <Placemark>
        <name>Sweet Rice</name>
        <address>1904 N Western Ave, Chicago, IL 60647</address>
        <description><![CDATA[Type: Restaurant<br>Neighborhood: Wicker Park<br>Reviews: Allen: good Korean and Thai food<br>Address: 1904 N Western Ave, Chicago, IL 60647]]></description>
        <styleUrl>#icon-1899-9C27B0</styleUrl>
        <ExtendedData>
          <Data name="Type">
            <value>Restaurant</value>
          </Data>
          <Data name="Neighborhood">
            <value>Wicker Park</value>
          </Data>
          <Data name="Reviews">
            <value>Allen: good Korean and Thai food</value>
          </Data>
          <Data name="Address">
            <value>1904 N Western Ave, Chicago, IL 60647</value>
          </Data>
        </ExtendedData>
      </Placemark>
      <Placemark>
        <name>Taxim</name>
        <address>1558 N Milwaukee Ave, Chicago, IL 60622</address>
        <description><![CDATA[Type: Restaurant<br>Neighborhood: Wicker Park<br>Reviews: <br>Address: 1558 N Milwaukee Ave, Chicago, IL 60622]]></description>
        <styleUrl>#icon-1899-9C27B0</styleUrl>
        <ExtendedData>
          <Data name="Type">
            <value>Restaurant</value>
          </Data>
          <Data name="Neighborhood">
            <value>Wicker Park</value>
          </Data>
          <Data name="Reviews">
            <value/>
          </Data>
          <Data name="Address">
            <value>1558 N Milwaukee Ave, Chicago, IL 60622</value>
          </Data>
        </ExtendedData>
      </Placemark>
      <Placemark>
        <name>Happy Belated Clothing</name>
        <address>2025 W North Ave, Chicago, IL 60647</address>
        <description><![CDATA[Type: Retail<br>Neighborhood: Wicker Park<br>Reviews: secondhand japan clothes, $10/lb<br>Address: 2025 W North Ave, Chicago, IL 60647]]></description>
        <styleUrl>#icon-1899-9C27B0</styleUrl>
        <ExtendedData>
          <Data name="Type">
            <value>Retail</value>
          </Data>
          <Data name="Neighborhood">
            <value>Wicker Park</value>
          </Data>
          <Data name="Reviews">
            <value>secondhand japan clothes, $10/lb</value>
          </Data>
          <Data name="Address">
            <value>2025 W North Ave, Chicago, IL 60647</value>
          </Data>
        </ExtendedData>
      </Placemark>
      <Placemark>
        <name>Layers Chicago</name>
        <address>1437 N Milwaukee Ave, Chicago, IL 60622</address>
        <description><![CDATA[Type: Retail<br>Neighborhood: Wicker Park<br>Reviews: has jerseys and jackets<br>Address: 1437 N Milwaukee Ave, Chicago, IL 60622]]></description>
        <styleUrl>#icon-1899-9C27B0</styleUrl>
        <ExtendedData>
          <Data name="Type">
            <value>Retail</value>
          </Data>
          <Data name="Neighborhood">
            <value>Wicker Park</value>
          </Data>
          <Data name="Reviews">
            <value>has jerseys and jackets</value>
          </Data>
          <Data name="Address">
            <value>1437 N Milwaukee Ave, Chicago, IL 60622</value>
          </Data>
        </ExtendedData>
      </Placemark>
      <Placemark>
        <name><![CDATA[Una Mae's]]></name>
        <address>1528 N Milwaukee Ave, Chicago, IL 60622</address>
        <description><![CDATA[Type: Retail<br>Neighborhood: Wicker Park<br>Reviews: has vintage clothes<br>Address: 1528 N Milwaukee Ave, Chicago, IL 60622]]></description>
        <styleUrl>#icon-1899-9C27B0</styleUrl>
        <ExtendedData>
          <Data name="Type">
            <value>Retail</value>
          </Data>
          <Data name="Neighborhood">
            <value>Wicker Park</value>
          </Data>
          <Data name="Reviews">
            <value>has vintage clothes</value>
          </Data>
          <Data name="Address">
            <value>1528 N Milwaukee Ave, Chicago, IL 60622</value>
          </Data>
        </ExtendedData>
      </Placemark>
      <Placemark>
        <name>Vlillage Discount Outlet</name>
        <address>2032 N Milwaukee Ave, Chicago, IL 60647, United States</address>
        <description><![CDATA[Type: Retail<br>Neighborhood: Wicker Park<br>Reviews: good sports clothes finds<br>Address: 2032 N Milwaukee Ave, Chicago, IL 60647, United States]]></description>
        <styleUrl>#icon-1899-9C27B0</styleUrl>
        <ExtendedData>
          <Data name="Type">
            <value>Retail</value>
          </Data>
          <Data name="Neighborhood">
            <value>Wicker Park</value>
          </Data>
          <Data name="Reviews">
            <value>good sports clothes finds</value>
          </Data>
          <Data name="Address">
            <value>2032 N Milwaukee Ave, Chicago, IL 60647, United States</value>
          </Data>
        </ExtendedData>
      </Placemark>
      <Placemark>
        <name>Wanna Vintage</name>
        <address>1555 N Milwaukee Ave, Chicago, IL 60622</address>
        <description><![CDATA[Type: Retail<br>Neighborhood: Wicker Park<br>Reviews: y2k clothes<br>Address: 1555 N Milwaukee Ave, Chicago, IL 60622]]></description>
        <styleUrl>#icon-1899-9C27B0</styleUrl>
        <ExtendedData>
          <Data name="Type">
            <value>Retail</value>
          </Data>
          <Data name="Neighborhood">
            <value>Wicker Park</value>
          </Data>
          <Data name="Reviews">
            <value>y2k clothes</value>
          </Data>
          <Data name="Address">
            <value>1555 N Milwaukee Ave, Chicago, IL 60622</value>
          </Data>
        </ExtendedData>
      </Placemark>
      <Placemark>
        <name><![CDATA[Margie's Candies]]></name>
        <address>1960 N Western Ave, Chicago, IL 60647</address>
        <description><![CDATA[Type: Snack<br>Neighborhood: Wicker Park<br>Reviews: <br>Address: 1960 N Western Ave, Chicago, IL 60647]]></description>
        <styleUrl>#icon-1899-9C27B0</styleUrl>
        <ExtendedData>
          <Data name="Type">
            <value>Snack</value>
          </Data>
          <Data name="Neighborhood">
            <value>Wicker Park</value>
          </Data>
          <Data name="Reviews">
            <value/>
          </Data>
          <Data name="Address">
            <value>1960 N Western Ave, Chicago, IL 60647</value>
          </Data>
        </ExtendedData>
      </Placemark>
      <Placemark>
        <name><![CDATA[Baha'i House of Worship]]></name>
        <address>100 Linden Ave, Wilmette, IL 60091</address>
        <description><![CDATA[Type: Landmark<br>Neighborhood: Wilmette<br>Reviews: <br>Address: 100 Linden Ave, Wilmette, IL 60091]]></description>
        <styleUrl>#icon-1899-BDBDBD</styleUrl>
        <ExtendedData>
          <Data name="Type">
            <value>Landmark</value>
          </Data>
          <Data name="Neighborhood">
            <value>Wilmette</value>
          </Data>
          <Data name="Reviews">
            <value/>
          </Data>
          <Data name="Address">
            <value>100 Linden Ave, Wilmette, IL 60091</value>
          </Data>
        </ExtendedData>
      </Placemark>
      <Placemark>
        <name>Guthries</name>
        <address>1300 W Addison St, Chicago, IL 60613</address>
        <description><![CDATA[Type: Bar<br>Neighborhood: Wrigleyville<br>Reviews: board game bar, trivia nights<br>Address: 1300 W Addison St, Chicago, IL 60613]]></description>
        <styleUrl>#icon-1899-FF5252</styleUrl>
        <ExtendedData>
          <Data name="Type">
            <value>Bar</value>
          </Data>
          <Data name="Neighborhood">
            <value>Wrigleyville</value>
          </Data>
          <Data name="Reviews">
            <value>board game bar, trivia nights</value>
          </Data>
          <Data name="Address">
            <value>1300 W Addison St, Chicago, IL 60613</value>
          </Data>
        </ExtendedData>
      </Placemark>
      <Placemark>
        <name>Cafe Tola</name>
        <address>3612 N Southport Ave, Chicago, IL 60613</address>
        <description><![CDATA[Type: Cafe<br>Neighborhood: Wrigleyville<br>Reviews: <br>Address: 3612 N Southport Ave, Chicago, IL 60613]]></description>
        <styleUrl>#icon-1899-FF5252</styleUrl>
        <ExtendedData>
          <Data name="Type">
            <value>Cafe</value>
          </Data>
          <Data name="Neighborhood">
            <value>Wrigleyville</value>
          </Data>
          <Data name="Reviews">
            <value/>
          </Data>
          <Data name="Address">
            <value>3612 N Southport Ave, Chicago, IL 60613</value>
          </Data>
        </ExtendedData>
      </Placemark>
      <Placemark>
        <name>smartbar</name>
        <address>3730 N Clark St, Chicago, IL 60613</address>
        <description><![CDATA[Type: Club<br>Neighborhood: Wrigleyville<br>Reviews: techno/house music, open until 4am on weekends<br>Address: 3730 N Clark St, Chicago, IL 60613]]></description>
        <styleUrl>#icon-1899-FF5252</styleUrl>
        <ExtendedData>
          <Data name="Type">
            <value>Club</value>
          </Data>
          <Data name="Neighborhood">
            <value>Wrigleyville</value>
          </Data>
          <Data name="Reviews">
            <value>techno/house music, open until 4am on weekends</value>
          </Data>
          <Data name="Address">
            <value>3730 N Clark St, Chicago, IL 60613</value>
          </Data>
        </ExtendedData>
      </Placemark>
      <Placemark>
        <name>Tin Roof</name>
        <address>3519 N Clark St, Chicago, IL 60657</address>
        <description><![CDATA[Type: Club<br>Neighborhood: Wrigleyville<br>Reviews: Allen: Lively bar, good dj and dance floor<br>Address: 3519 N Clark St, Chicago, IL 60657]]></description>
        <styleUrl>#icon-1899-FF5252</styleUrl>
        <ExtendedData>
          <Data name="Type">
            <value>Club</value>
          </Data>
          <Data name="Neighborhood">
            <value>Wrigleyville</value>
          </Data>
          <Data name="Reviews">
            <value>Allen: Lively bar, good dj and dance floor</value>
          </Data>
          <Data name="Address">
            <value>3519 N Clark St, Chicago, IL 60657</value>
          </Data>
        </ExtendedData>
      </Placemark>
      <Placemark>
        <name>Underground Lounge</name>
        <address>952 W Newport Ave, Chicago, IL 60657</address>
        <description><![CDATA[Type: Club<br>Neighborhood: Wrigleyville<br>Reviews: <br>Address: 952 W Newport Ave, Chicago, IL 60657]]></description>
        <styleUrl>#icon-1899-FF5252</styleUrl>
        <ExtendedData>
          <Data name="Type">
            <value>Club</value>
          </Data>
          <Data name="Neighborhood">
            <value>Wrigleyville</value>
          </Data>
          <Data name="Reviews">
            <value/>
          </Data>
          <Data name="Address">
            <value>952 W Newport Ave, Chicago, IL 60657</value>
          </Data>
        </ExtendedData>
      </Placemark>
      <Placemark>
        <name>Music Box Theatre</name>
        <address>3733 N Southport Ave, Chicago, IL 60613</address>
        <description><![CDATA[Type: Landmark<br>Neighborhood: Wrigleyville<br>Reviews: <br>Address: 3733 N Southport Ave, Chicago, IL 60613]]></description>
        <styleUrl>#icon-1899-FF5252</styleUrl>
        <ExtendedData>
          <Data name="Type">
            <value>Landmark</value>
          </Data>
          <Data name="Neighborhood">
            <value>Wrigleyville</value>
          </Data>
          <Data name="Reviews">
            <value/>
          </Data>
          <Data name="Address">
            <value>3733 N Southport Ave, Chicago, IL 60613</value>
          </Data>
        </ExtendedData>
      </Placemark>
      <Placemark>
        <name>Happy Camper</name>
        <address>3458 N Clark St, Chicago, IL 60657</address>
        <description><![CDATA[Type: Restaurant<br>Neighborhood: Wrigleyville<br>Reviews: <br>Address: 3458 N Clark St, Chicago, IL 60657]]></description>
        <styleUrl>#icon-1899-FF5252</styleUrl>
        <ExtendedData>
          <Data name="Type">
            <value>Restaurant</value>
          </Data>
          <Data name="Neighborhood">
            <value>Wrigleyville</value>
          </Data>
          <Data name="Reviews">
            <value/>
          </Data>
          <Data name="Address">
            <value>3458 N Clark St, Chicago, IL 60657</value>
          </Data>
        </ExtendedData>
      </Placemark>
      <Placemark>
        <name><![CDATA[Hattie B's]]></name>
        <address>3649 N Clark St, Chicago, IL 60613</address>
        <description><![CDATA[Type: Restaurant<br>Neighborhood: Wrigleyville<br>Reviews: <br>Address: 3649 N Clark St, Chicago, IL 60613]]></description>
        <styleUrl>#icon-1899-FF5252</styleUrl>
        <ExtendedData>
          <Data name="Type">
            <value>Restaurant</value>
          </Data>
          <Data name="Neighborhood">
            <value>Wrigleyville</value>
          </Data>
          <Data name="Reviews">
            <value/>
          </Data>
          <Data name="Address">
            <value>3649 N Clark St, Chicago, IL 60613</value>
          </Data>
        </ExtendedData>
      </Placemark>
      <Placemark>
        <name>Do-Rite</name>
        <address>1027 W Addison St, Chicago, IL 60613</address>
        <description><![CDATA[Type: Snack<br>Neighborhood: Wrigleyville<br>Reviews: <br>Address: 1027 W Addison St, Chicago, IL 60613]]></description>
        <styleUrl>#icon-1899-FF5252</styleUrl>
        <ExtendedData>
          <Data name="Type">
            <value>Snack</value>
          </Data>
          <Data name="Neighborhood">
            <value>Wrigleyville</value>
          </Data>
          <Data name="Reviews">
            <value/>
          </Data>
          <Data name="Address">
            <value>1027 W Addison St, Chicago, IL 60613</value>
          </Data>
        </ExtendedData>
      </Placemark>
    </Folder>
    <Folder>
      <name>Food Spots</name>
      <Placemark>
        <name>Meeting House</name>
        <address>Meeting House Bar Andersonville shuffleboard, billards, arcade games, popcorn 5025 N Clark St, Chicago, IL 60640</address>
        <description><![CDATA[Type: Bar<br>Neighborhood: Andersonville<br>Reviews: shuffleboard, billards, arcade games, popcorn<br>Address: 5025 N Clark St, Chicago, IL 60640]]></description>
        <styleUrl>#icon-1899-AFB42B</styleUrl>
        <ExtendedData>
          <Data name="Type">
            <value>Bar</value>
          </Data>
          <Data name="Neighborhood">
            <value>Andersonville</value>
          </Data>
          <Data name="Reviews">
            <value>shuffleboard, billards, arcade games, popcorn</value>
          </Data>
          <Data name="Address">
            <value>5025 N Clark St, Chicago, IL 60640</value>
          </Data>
        </ExtendedData>
      </Placemark>
      <Placemark>
        <name>Little Bad Wolf</name>
        <address>Little Bad Wolf Restaurant Andersonville 1541 W Bryn Mawr Ave, Chicago, IL 60660</address>
        <description><![CDATA[Type: Restaurant<br>Neighborhood: Andersonville<br>Reviews: <br>Address: 1541 W Bryn Mawr Ave, Chicago, IL 60660]]></description>
        <styleUrl>#icon-1899-AFB42B</styleUrl>
        <ExtendedData>
          <Data name="Type">
            <value>Restaurant</value>
          </Data>
          <Data name="Neighborhood">
            <value>Andersonville</value>
          </Data>
          <Data name="Reviews">
            <value/>
          </Data>
          <Data name="Address">
            <value>1541 W Bryn Mawr Ave, Chicago, IL 60660</value>
          </Data>
        </ExtendedData>
      </Placemark>
      <Placemark>
        <name>Pizza Lobo</name>
        <address>Pizza Lobo Restaurant Andersonville 5457 N Clark St, Chicago, IL 60640</address>
        <description><![CDATA[Type: Restaurant<br>Neighborhood: Andersonville<br>Reviews: <br>Address: 5457 N Clark St, Chicago, IL 60640]]></description>
        <styleUrl>#icon-1899-AFB42B</styleUrl>
        <ExtendedData>
          <Data name="Type">
            <value>Restaurant</value>
          </Data>
          <Data name="Neighborhood">
            <value>Andersonville</value>
          </Data>
          <Data name="Reviews">
            <value/>
          </Data>
          <Data name="Address">
            <value>5457 N Clark St, Chicago, IL 60640</value>
          </Data>
        </ExtendedData>
      </Placemark>
      <Placemark>
        <name>Ranalli’s Pizza</name>
        <address>Ranalli’s Pizza Restaurant Andersonville 1512 W Berwyn Ave, Chicago, IL 60640</address>
        <description><![CDATA[Type: Restaurant<br>Neighborhood: Andersonville<br>Reviews: <br>Address: 1512 W Berwyn Ave, Chicago, IL 60640]]></description>
        <styleUrl>#icon-1899-AFB42B</styleUrl>
        <ExtendedData>
          <Data name="Type">
            <value>Restaurant</value>
          </Data>
          <Data name="Neighborhood">
            <value>Andersonville</value>
          </Data>
          <Data name="Reviews">
            <value/>
          </Data>
          <Data name="Address">
            <value>1512 W Berwyn Ave, Chicago, IL 60640</value>
          </Data>
        </ExtendedData>
      </Placemark>
      <Placemark>
        <name>Tala House</name>
        <address>Tala House Restaurant Andersonville 5022 N Clark St, Chicago, IL 60640</address>
        <description><![CDATA[Type: Restaurant<br>Neighborhood: Andersonville<br>Reviews: <br>Address: 5022 N Clark St, Chicago, IL 60640]]></description>
        <styleUrl>#icon-1899-AFB42B</styleUrl>
        <ExtendedData>
          <Data name="Type">
            <value>Restaurant</value>
          </Data>
          <Data name="Neighborhood">
            <value>Andersonville</value>
          </Data>
          <Data name="Reviews">
            <value/>
          </Data>
          <Data name="Address">
            <value>5022 N Clark St, Chicago, IL 60640</value>
          </Data>
        </ExtendedData>
      </Placemark>
      <Placemark>
        <name>SmallBar</name>
        <address>SmallBar Bar Avondale good smashburgers 2956 N Albany Ave, Chicago, IL 60618</address>
        <description><![CDATA[Type: Bar<br>Neighborhood: Avondale<br>Reviews: good smashburgers<br>Address: 2956 N Albany Ave, Chicago, IL 60618]]></description>
        <styleUrl>#icon-1899-BDBDBD</styleUrl>
        <ExtendedData>
          <Data name="Type">
            <value>Bar</value>
          </Data>
          <Data name="Neighborhood">
            <value>Avondale</value>
          </Data>
          <Data name="Reviews">
            <value>good smashburgers</value>
          </Data>
          <Data name="Address">
            <value>2956 N Albany Ave, Chicago, IL 60618</value>
          </Data>
        </ExtendedData>
      </Placemark>
      <Placemark>
        <name>Late Bar</name>
        <address>Late Bar Club Avondale goth club, open til 4am thurs-sat, cheap beer 3534 W Belmont Ave, Chicago, IL 60618</address>
        <description><![CDATA[Type: Club<br>Neighborhood: Avondale<br>Reviews: goth club, open til 4am thurs-sat, cheap beer<br>Address: 3534 W Belmont Ave, Chicago, IL 60618]]></description>
        <styleUrl>#icon-1899-BDBDBD</styleUrl>
        <ExtendedData>
          <Data name="Type">
            <value>Club</value>
          </Data>
          <Data name="Neighborhood">
            <value>Avondale</value>
          </Data>
          <Data name="Reviews">
            <value>goth club, open til 4am thurs-sat, cheap beer</value>
          </Data>
          <Data name="Address">
            <value>3534 W Belmont Ave, Chicago, IL 60618</value>
          </Data>
        </ExtendedData>
      </Placemark>
      <Placemark>
        <name>TriBecca’s Sandwich Shop</name>
        <address>TriBecca’s Sandwich Shop Restaurant Avondale 2949 W Belmont Ave, Chicago, IL 60618</address>
        <description><![CDATA[Type: Restaurant<br>Neighborhood: Avondale<br>Reviews: <br>Address: 2949 W Belmont Ave, Chicago, IL 60618]]></description>
        <styleUrl>#icon-1899-BDBDBD</styleUrl>
        <ExtendedData>
          <Data name="Type">
            <value>Restaurant</value>
          </Data>
          <Data name="Neighborhood">
            <value>Avondale</value>
          </Data>
          <Data name="Reviews">
            <value/>
          </Data>
          <Data name="Address">
            <value>2949 W Belmont Ave, Chicago, IL 60618</value>
          </Data>
        </ExtendedData>
      </Placemark>
      <Placemark>
        <name>Four Seasons Dumpling</name>
        <address>Four Seasons Dumpling Restaurant Bridgeport 3205 S Halsted St, Chicago, IL 60608</address>
        <description><![CDATA[Type: Restaurant<br>Neighborhood: Bridgeport<br>Reviews: <br>Address: 3205 S Halsted St, Chicago, IL 60608]]></description>
        <styleUrl>#icon-1899-BDBDBD</styleUrl>
        <ExtendedData>
          <Data name="Type">
            <value>Restaurant</value>
          </Data>
          <Data name="Neighborhood">
            <value>Bridgeport</value>
          </Data>
          <Data name="Reviews">
            <value/>
          </Data>
          <Data name="Address">
            <value>3205 S Halsted St, Chicago, IL 60608</value>
          </Data>
        </ExtendedData>
      </Placemark>
      <Placemark>
        <name>JM Seafood</name>
        <address>JM Seafood Restaurant Bridgeport 3312 S Halsted St, Chicago, IL 60608</address>
        <description><![CDATA[Type: Restaurant<br>Neighborhood: Bridgeport<br>Reviews: <br>Address: 3312 S Halsted St, Chicago, IL 60608]]></description>
        <styleUrl>#icon-1899-BDBDBD</styleUrl>
        <ExtendedData>
          <Data name="Type">
            <value>Restaurant</value>
          </Data>
          <Data name="Neighborhood">
            <value>Bridgeport</value>
          </Data>
          <Data name="Reviews">
            <value/>
          </Data>
          <Data name="Address">
            <value>3312 S Halsted St, Chicago, IL 60608</value>
          </Data>
        </ExtendedData>
      </Placemark>
      <Placemark>
        <name>Martinez</name>
        <address>Martinez Restaurant Bridgeport 3301 S Morgan St, Chicago, IL 60608</address>
        <description><![CDATA[Type: Restaurant<br>Neighborhood: Bridgeport<br>Reviews: <br>Address: 3301 S Morgan St, Chicago, IL 60608]]></description>
        <styleUrl>#icon-1899-BDBDBD</styleUrl>
        <ExtendedData>
          <Data name="Type">
            <value>Restaurant</value>
          </Data>
          <Data name="Neighborhood">
            <value>Bridgeport</value>
          </Data>
          <Data name="Reviews">
            <value/>
          </Data>
          <Data name="Address">
            <value>3301 S Morgan St, Chicago, IL 60608</value>
          </Data>
        </ExtendedData>
      </Placemark>
      <Placemark>
        <name>Peach’s</name>
        <address>Peach’s Brunch Bronzeville 4652 S King Dr, Chicago, IL 60653</address>
        <description><![CDATA[Type: Brunch<br>Neighborhood: Bronzeville<br>Reviews: <br>Address: 4652 S King Dr, Chicago, IL 60653]]></description>
        <styleUrl>#icon-1899-0097A7</styleUrl>
        <ExtendedData>
          <Data name="Type">
            <value>Brunch</value>
          </Data>
          <Data name="Neighborhood">
            <value>Bronzeville</value>
          </Data>
          <Data name="Reviews">
            <value/>
          </Data>
          <Data name="Address">
            <value>4652 S King Dr, Chicago, IL 60653</value>
          </Data>
        </ExtendedData>
      </Placemark>
      <Placemark>
        <name>Truth</name>
        <address>Truth Brunch Bronzeville 56 E Pershing Rd, Chicago, IL 60653</address>
        <description><![CDATA[Type: Brunch<br>Neighborhood: Bronzeville<br>Reviews: <br>Address: 56 E Pershing Rd, Chicago, IL 60653]]></description>
        <styleUrl>#icon-1899-0097A7</styleUrl>
        <ExtendedData>
          <Data name="Type">
            <value>Brunch</value>
          </Data>
          <Data name="Neighborhood">
            <value>Bronzeville</value>
          </Data>
          <Data name="Reviews">
            <value/>
          </Data>
          <Data name="Address">
            <value>56 E Pershing Rd, Chicago, IL 60653</value>
          </Data>
        </ExtendedData>
      </Placemark>
      <Placemark>
        <name><![CDATA[Bronzeville Hoagie & Panini]]></name>
        <address><![CDATA[Bronzeville Hoagie & Panini Restaurant Bronzeville 238 E 35th St, Chicago, IL 60616]]></address>
        <description><![CDATA[Type: Restaurant<br>Neighborhood: Bronzeville<br>Reviews: <br>Address: 238 E 35th St, Chicago, IL 60616]]></description>
        <styleUrl>#icon-1899-0097A7</styleUrl>
        <ExtendedData>
          <Data name="Type">
            <value>Restaurant</value>
          </Data>
          <Data name="Neighborhood">
            <value>Bronzeville</value>
          </Data>
          <Data name="Reviews">
            <value/>
          </Data>
          <Data name="Address">
            <value>238 E 35th St, Chicago, IL 60616</value>
          </Data>
        </ExtendedData>
      </Placemark>
      <Placemark>
        <name><![CDATA[Cleo's Southern]]></name>
        <address><![CDATA[Cleo's Southern Restaurant Bronzeville 4248 S Cottage Grove Ave, Chicago, IL 60653]]></address>
        <description><![CDATA[Type: Restaurant<br>Neighborhood: Bronzeville<br>Reviews: <br>Address: 4248 S Cottage Grove Ave, Chicago, IL 60653]]></description>
        <styleUrl>#icon-1899-0097A7</styleUrl>
        <ExtendedData>
          <Data name="Type">
            <value>Restaurant</value>
          </Data>
          <Data name="Neighborhood">
            <value>Bronzeville</value>
          </Data>
          <Data name="Reviews">
            <value/>
          </Data>
          <Data name="Address">
            <value>4248 S Cottage Grove Ave, Chicago, IL 60653</value>
          </Data>
        </ExtendedData>
      </Placemark>
      <Placemark>
        <name>Two Fish</name>
        <address>Two Fish Restaurant Bronzeville 641 E 47th St, Chicago, IL 60653</address>
        <description><![CDATA[Type: Restaurant<br>Neighborhood: Bronzeville<br>Reviews: <br>Address: 641 E 47th St, Chicago, IL 60653]]></description>
        <styleUrl>#icon-1899-0097A7</styleUrl>
        <ExtendedData>
          <Data name="Type">
            <value>Restaurant</value>
          </Data>
          <Data name="Neighborhood">
            <value>Bronzeville</value>
          </Data>
          <Data name="Reviews">
            <value/>
          </Data>
          <Data name="Address">
            <value>641 E 47th St, Chicago, IL 60653</value>
          </Data>
        </ExtendedData>
      </Placemark>
      <Placemark>
        <name>Map Room</name>
        <address>Map Room Bar Bucktown good cocktail menu 1949 N Hoyne Ave, Chicago, IL 60647</address>
        <description><![CDATA[Type: Bar<br>Neighborhood: Bucktown<br>Reviews: good cocktail menu<br>Address: 1949 N Hoyne Ave, Chicago, IL 60647]]></description>
        <styleUrl>#icon-1899-BDBDBD</styleUrl>
        <ExtendedData>
          <Data name="Type">
            <value>Bar</value>
          </Data>
          <Data name="Neighborhood">
            <value>Bucktown</value>
          </Data>
          <Data name="Reviews">
            <value>good cocktail menu</value>
          </Data>
          <Data name="Address">
            <value>1949 N Hoyne Ave, Chicago, IL 60647</value>
          </Data>
        </ExtendedData>
      </Placemark>
      <Placemark>
        <name>The Charleston</name>
        <address>The Charleston Bar Bucktown candlelit tables 2076 N Hoyne Ave, Chicago, IL 60647</address>
        <description><![CDATA[Type: Bar<br>Neighborhood: Bucktown<br>Reviews: candlelit tables<br>Address: 2076 N Hoyne Ave, Chicago, IL 60647]]></description>
        <styleUrl>#icon-1899-BDBDBD</styleUrl>
        <ExtendedData>
          <Data name="Type">
            <value>Bar</value>
          </Data>
          <Data name="Neighborhood">
            <value>Bucktown</value>
          </Data>
          <Data name="Reviews">
            <value>candlelit tables</value>
          </Data>
          <Data name="Address">
            <value>2076 N Hoyne Ave, Chicago, IL 60647</value>
          </Data>
        </ExtendedData>
      </Placemark>
      <Placemark>
        <name>TRUCE</name>
        <address><![CDATA[TRUCE Bar Bucktown cozy place with coffee & cocktails 1935 N Damen Ave, Chicago, IL 60647]]></address>
        <description><![CDATA[Type: Bar<br>Neighborhood: Bucktown<br>Reviews: cozy place with coffee & cocktails<br>Address: 1935 N Damen Ave, Chicago, IL 60647]]></description>
        <styleUrl>#icon-1899-BDBDBD</styleUrl>
        <ExtendedData>
          <Data name="Type">
            <value>Bar</value>
          </Data>
          <Data name="Neighborhood">
            <value>Bucktown</value>
          </Data>
          <Data name="Reviews">
            <value><![CDATA[cozy place with coffee & cocktails]]></value>
          </Data>
          <Data name="Address">
            <value>1935 N Damen Ave, Chicago, IL 60647</value>
          </Data>
        </ExtendedData>
      </Placemark>
      <Placemark>
        <name>Bad Butter</name>
        <address>Bad Butter Restaurant Bucktown 1655 W Cortland St, Chicago, IL 60622, United States</address>
        <description><![CDATA[Type: Restaurant<br>Neighborhood: Bucktown<br>Reviews: <br>Address: 1655 W Cortland St, Chicago, IL 60622, United States]]></description>
        <styleUrl>#icon-1899-BDBDBD</styleUrl>
        <ExtendedData>
          <Data name="Type">
            <value>Restaurant</value>
          </Data>
          <Data name="Neighborhood">
            <value>Bucktown</value>
          </Data>
          <Data name="Reviews">
            <value/>
          </Data>
          <Data name="Address">
            <value>1655 W Cortland St, Chicago, IL 60622, United States</value>
          </Data>
        </ExtendedData>
      </Placemark>
      <Placemark>
        <name>Le Bouchon</name>
        <address>Le Bouchon Restaurant Bucktown 1958 N Damen Ave, Chicago, IL 60647</address>
        <description><![CDATA[Type: Restaurant<br>Neighborhood: Bucktown<br>Reviews: <br>Address: 1958 N Damen Ave, Chicago, IL 60647]]></description>
        <styleUrl>#icon-1899-BDBDBD</styleUrl>
        <ExtendedData>
          <Data name="Type">
            <value>Restaurant</value>
          </Data>
          <Data name="Neighborhood">
            <value>Bucktown</value>
          </Data>
          <Data name="Reviews">
            <value/>
          </Data>
          <Data name="Address">
            <value>1958 N Damen Ave, Chicago, IL 60647</value>
          </Data>
        </ExtendedData>
      </Placemark>
      <Placemark>
        <name>St. Bess Jerk</name>
        <address>St. Bess Jerk Restaurant Burbank 4838 W 79th St, Burbank, IL 60459</address>
        <description><![CDATA[Type: Restaurant<br>Neighborhood: Burbank<br>Reviews: <br>Address: 4838 W 79th St, Burbank, IL 60459]]></description>
        <styleUrl>#icon-1899-BDBDBD</styleUrl>
        <ExtendedData>
          <Data name="Type">
            <value>Restaurant</value>
          </Data>
          <Data name="Neighborhood">
            <value>Burbank</value>
          </Data>
          <Data name="Reviews">
            <value/>
          </Data>
          <Data name="Address">
            <value>4838 W 79th St, Burbank, IL 60459</value>
          </Data>
        </ExtendedData>
      </Placemark>
      <Placemark>
        <name>Garifuna Flava</name>
        <address><![CDATA[Garifuna Flava Restaurant Chicago Lawn best jerk chicken in Chicago
rec'd by multiple people 2518 W 63rd St, Chicago, IL 60629]]></address>
        <description><![CDATA[Type: Restaurant<br>Neighborhood: Chicago Lawn<br>Reviews: best jerk chicken in Chicago<br>rec'd by multiple people<br>Address: 2518 W 63rd St, Chicago, IL 60629]]></description>
        <styleUrl>#icon-1899-BDBDBD</styleUrl>
        <ExtendedData>
          <Data name="Type">
            <value>Restaurant</value>
          </Data>
          <Data name="Neighborhood">
            <value>Chicago Lawn</value>
          </Data>
          <Data name="Reviews">
            <value><![CDATA[best jerk chicken in Chicago
rec'd by multiple people]]></value>
          </Data>
          <Data name="Address">
            <value>2518 W 63rd St, Chicago, IL 60629</value>
          </Data>
        </ExtendedData>
      </Placemark>
      <Placemark>
        <name>No. 18 Karaoke</name>
        <address>No. 18 Karaoke Bar Chinatown 2201 S Wentworth Ave, Chicago, IL 60616</address>
        <description><![CDATA[Type: Bar<br>Neighborhood: Chinatown<br>Reviews: <br>Address: 2201 S Wentworth Ave, Chicago, IL 60616]]></description>
        <styleUrl>#icon-1899-F57C00</styleUrl>
        <ExtendedData>
          <Data name="Type">
            <value>Bar</value>
          </Data>
          <Data name="Neighborhood">
            <value>Chinatown</value>
          </Data>
          <Data name="Reviews">
            <value/>
          </Data>
          <Data name="Address">
            <value>2201 S Wentworth Ave, Chicago, IL 60616</value>
          </Data>
        </ExtendedData>
      </Placemark>
      <Placemark>
        <name>Molly Tea</name>
        <address>Molly Tea Cafe Chinatown 2227 S Wentworth Ave, Chicago, IL 60616</address>
        <description><![CDATA[Type: Cafe<br>Neighborhood: Chinatown<br>Reviews: <br>Address: 2227 S Wentworth Ave, Chicago, IL 60616]]></description>
        <styleUrl>#icon-1899-F57C00</styleUrl>
        <ExtendedData>
          <Data name="Type">
            <value>Cafe</value>
          </Data>
          <Data name="Neighborhood">
            <value>Chinatown</value>
          </Data>
          <Data name="Reviews">
            <value/>
          </Data>
          <Data name="Address">
            <value>2227 S Wentworth Ave, Chicago, IL 60616</value>
          </Data>
        </ExtendedData>
      </Placemark>
      <Placemark>
        <name><![CDATA[Connie's Pizza]]></name>
        <address><![CDATA[Connie's Pizza Restaurant Chinatown 2373 S Archer Ave, Chicago, IL 60616]]></address>
        <description><![CDATA[Type: Restaurant<br>Neighborhood: Chinatown<br>Reviews: <br>Address: 2373 S Archer Ave, Chicago, IL 60616]]></description>
        <styleUrl>#icon-1899-F57C00</styleUrl>
        <ExtendedData>
          <Data name="Type">
            <value>Restaurant</value>
          </Data>
          <Data name="Neighborhood">
            <value>Chinatown</value>
          </Data>
          <Data name="Reviews">
            <value/>
          </Data>
          <Data name="Address">
            <value>2373 S Archer Ave, Chicago, IL 60616</value>
          </Data>
        </ExtendedData>
      </Placemark>
      <Placemark>
        <name>DaiFuku Ramen</name>
        <address>DaiFuku Ramen Restaurant Chinatown 2155 S China Place, Chicago, IL 60616</address>
        <description><![CDATA[Type: Restaurant<br>Neighborhood: Chinatown<br>Reviews: <br>Address: 2155 S China Place, Chicago, IL 60616]]></description>
        <styleUrl>#icon-1899-F57C00</styleUrl>
        <ExtendedData>
          <Data name="Type">
            <value>Restaurant</value>
          </Data>
          <Data name="Neighborhood">
            <value>Chinatown</value>
          </Data>
          <Data name="Reviews">
            <value/>
          </Data>
          <Data name="Address">
            <value>2155 S China Place, Chicago, IL 60616</value>
          </Data>
        </ExtendedData>
      </Placemark>
      <Placemark>
        <name>Hing Kee</name>
        <address><![CDATA[Hing Kee Restaurant Chinatown rec'd by multiple people 2140 S Archer Ave, Chicago, IL 60616]]></address>
        <description><![CDATA[Type: Restaurant<br>Neighborhood: Chinatown<br>Reviews: rec'd by multiple people<br>Address: 2140 S Archer Ave, Chicago, IL 60616]]></description>
        <styleUrl>#icon-1899-F57C00</styleUrl>
        <ExtendedData>
          <Data name="Type">
            <value>Restaurant</value>
          </Data>
          <Data name="Neighborhood">
            <value>Chinatown</value>
          </Data>
          <Data name="Reviews">
            <value><![CDATA[rec'd by multiple people]]></value>
          </Data>
          <Data name="Address">
            <value>2140 S Archer Ave, Chicago, IL 60616</value>
          </Data>
        </ExtendedData>
      </Placemark>
      <Placemark>
        <name>May Flower </name>
        <address>May Flower  Restaurant Chinatown Get Taro Puffs 2225 S Wentworth Ave, Chicago, IL 60616</address>
        <description><![CDATA[Type: Restaurant<br>Neighborhood: Chinatown<br>Reviews: Get Taro Puffs<br>Address: 2225 S Wentworth Ave, Chicago, IL 60616]]></description>
        <styleUrl>#icon-1899-F57C00</styleUrl>
        <ExtendedData>
          <Data name="Type">
            <value>Restaurant</value>
          </Data>
          <Data name="Neighborhood">
            <value>Chinatown</value>
          </Data>
          <Data name="Reviews">
            <value>Get Taro Puffs</value>
          </Data>
          <Data name="Address">
            <value>2225 S Wentworth Ave, Chicago, IL 60616</value>
          </Data>
        </ExtendedData>
      </Placemark>
      <Placemark>
        <name>MCCB Chicago</name>
        <address>MCCB Chicago Restaurant Chinatown 2138 S Archer Ave, Chicago, IL 60616</address>
        <description><![CDATA[Type: Restaurant<br>Neighborhood: Chinatown<br>Reviews: <br>Address: 2138 S Archer Ave, Chicago, IL 60616]]></description>
        <styleUrl>#icon-1899-F57C00</styleUrl>
        <ExtendedData>
          <Data name="Type">
            <value>Restaurant</value>
          </Data>
          <Data name="Neighborhood">
            <value>Chinatown</value>
          </Data>
          <Data name="Reviews">
            <value/>
          </Data>
          <Data name="Address">
            <value>2138 S Archer Ave, Chicago, IL 60616</value>
          </Data>
        </ExtendedData>
      </Placemark>
      <Placemark>
        <name>Qiao Lin Hotpot</name>
        <address>Qiao Lin Hotpot Restaurant Chinatown 2105 S Jefferson St, Chicago, IL 60616</address>
        <description><![CDATA[Type: Restaurant<br>Neighborhood: Chinatown<br>Reviews: <br>Address: 2105 S Jefferson St, Chicago, IL 60616]]></description>
        <styleUrl>#icon-1899-F57C00</styleUrl>
        <ExtendedData>
          <Data name="Type">
            <value>Restaurant</value>
          </Data>
          <Data name="Neighborhood">
            <value>Chinatown</value>
          </Data>
          <Data name="Reviews">
            <value/>
          </Data>
          <Data name="Address">
            <value>2105 S Jefferson St, Chicago, IL 60616</value>
          </Data>
        </ExtendedData>
      </Placemark>
      <Placemark>
        <name>Qing Xiang Yuan Dumplings</name>
        <address>Qing Xiang Yuan Dumplings Restaurant Chinatown 2002 S Wentworth Ave, Chicago, IL 60616</address>
        <description><![CDATA[Type: Restaurant<br>Neighborhood: Chinatown<br>Reviews: <br>Address: 2002 S Wentworth Ave, Chicago, IL 60616]]></description>
        <styleUrl>#icon-1899-F57C00</styleUrl>
        <ExtendedData>
          <Data name="Type">
            <value>Restaurant</value>
          </Data>
          <Data name="Neighborhood">
            <value>Chinatown</value>
          </Data>
          <Data name="Reviews">
            <value/>
          </Data>
          <Data name="Address">
            <value>2002 S Wentworth Ave, Chicago, IL 60616</value>
          </Data>
        </ExtendedData>
      </Placemark>
      <Placemark>
        <name>Shinhwa Korean Steakhouse</name>
        <address>Shinhwa Korean Steakhouse Restaurant Chinatown 2407 S Wentworth Ave, Chicago, IL 60616, United States</address>
        <description><![CDATA[Type: Restaurant<br>Neighborhood: Chinatown<br>Reviews: <br>Address: 2407 S Wentworth Ave, Chicago, IL 60616, United States]]></description>
        <styleUrl>#icon-1899-F57C00</styleUrl>
        <ExtendedData>
          <Data name="Type">
            <value>Restaurant</value>
          </Data>
          <Data name="Neighborhood">
            <value>Chinatown</value>
          </Data>
          <Data name="Reviews">
            <value/>
          </Data>
          <Data name="Address">
            <value>2407 S Wentworth Ave, Chicago, IL 60616, United States</value>
          </Data>
        </ExtendedData>
      </Placemark>
      <Placemark>
        <name>Triple Crown</name>
        <address>Triple Crown Restaurant Chinatown 2217 S Wentworth Ave, Chicago, IL 60616</address>
        <description><![CDATA[Type: Restaurant<br>Neighborhood: Chinatown<br>Reviews: <br>Address: 2217 S Wentworth Ave, Chicago, IL 60616]]></description>
        <styleUrl>#icon-1899-F57C00</styleUrl>
        <ExtendedData>
          <Data name="Type">
            <value>Restaurant</value>
          </Data>
          <Data name="Neighborhood">
            <value>Chinatown</value>
          </Data>
          <Data name="Reviews">
            <value/>
          </Data>
          <Data name="Address">
            <value>2217 S Wentworth Ave, Chicago, IL 60616</value>
          </Data>
        </ExtendedData>
      </Placemark>
      <Placemark>
        <name>Mango Mango Dessert</name>
        <address>Mango Mango Dessert Snack Chinatown 2161 S China Place, Chicago, IL 60616</address>
        <description><![CDATA[Type: Snack<br>Neighborhood: Chinatown<br>Reviews: <br>Address: 2161 S China Place, Chicago, IL 60616]]></description>
        <styleUrl>#icon-1899-F57C00</styleUrl>
        <ExtendedData>
          <Data name="Type">
            <value>Snack</value>
          </Data>
          <Data name="Neighborhood">
            <value>Chinatown</value>
          </Data>
          <Data name="Reviews">
            <value/>
          </Data>
          <Data name="Address">
            <value>2161 S China Place, Chicago, IL 60616</value>
          </Data>
        </ExtendedData>
      </Placemark>
      <Placemark>
        <name><![CDATA[Hangry's]]></name>
        <address><![CDATA[Hangry's Restaurant Craigin 5000 W Fullerton Ave, Chicago, IL 60639]]></address>
        <description><![CDATA[Type: Restaurant<br>Neighborhood: Craigin<br>Reviews: <br>Address: 5000 W Fullerton Ave, Chicago, IL 60639]]></description>
        <styleUrl>#icon-1899-BDBDBD</styleUrl>
        <ExtendedData>
          <Data name="Type">
            <value>Restaurant</value>
          </Data>
          <Data name="Neighborhood">
            <value>Craigin</value>
          </Data>
          <Data name="Reviews">
            <value/>
          </Data>
          <Data name="Address">
            <value>5000 W Fullerton Ave, Chicago, IL 60639</value>
          </Data>
        </ExtendedData>
      </Placemark>
      <Placemark>
        <name><![CDATA[D’s Roti & Trini Cuisine]]></name>
        <address><![CDATA[D’s Roti & Trini Cuisine Restaurant Englewood 6239 S Ashland Ave, Chicago, IL 60636]]></address>
        <description><![CDATA[Type: Restaurant<br>Neighborhood: Englewood<br>Reviews: <br>Address: 6239 S Ashland Ave, Chicago, IL 60636]]></description>
        <styleUrl>#icon-1899-BDBDBD</styleUrl>
        <ExtendedData>
          <Data name="Type">
            <value>Restaurant</value>
          </Data>
          <Data name="Neighborhood">
            <value>Englewood</value>
          </Data>
          <Data name="Reviews">
            <value/>
          </Data>
          <Data name="Address">
            <value>6239 S Ashland Ave, Chicago, IL 60636</value>
          </Data>
        </ExtendedData>
      </Placemark>
      <Placemark>
        <name>Habibi In</name>
        <address>Habibi In Restaurant Evanston Mediterranean place 825 Church St, Evanston, IL 60201</address>
        <description><![CDATA[Type: Restaurant<br>Neighborhood: Evanston<br>Reviews: Mediterranean place<br>Address: 825 Church St, Evanston, IL 60201]]></description>
        <styleUrl>#icon-1899-BDBDBD</styleUrl>
        <ExtendedData>
          <Data name="Type">
            <value>Restaurant</value>
          </Data>
          <Data name="Neighborhood">
            <value>Evanston</value>
          </Data>
          <Data name="Reviews">
            <value>Mediterranean place</value>
          </Data>
          <Data name="Address">
            <value>825 Church St, Evanston, IL 60201</value>
          </Data>
        </ExtendedData>
      </Placemark>
      <Placemark>
        <name><![CDATA[Lior's Cafe]]></name>
        <address><![CDATA[Lior's Cafe Restaurant Fernwood Haitian restaurant 10500 S Halsted St, Chicago, IL 60628]]></address>
        <description><![CDATA[Type: Restaurant<br>Neighborhood: Fernwood<br>Reviews: Haitian restaurant<br>Address: 10500 S Halsted St, Chicago, IL 60628]]></description>
        <styleUrl>#icon-1899-BDBDBD</styleUrl>
        <ExtendedData>
          <Data name="Type">
            <value>Restaurant</value>
          </Data>
          <Data name="Neighborhood">
            <value>Fernwood</value>
          </Data>
          <Data name="Reviews">
            <value>Haitian restaurant</value>
          </Data>
          <Data name="Address">
            <value>10500 S Halsted St, Chicago, IL 60628</value>
          </Data>
        </ExtendedData>
      </Placemark>
      <Placemark>
        <name>Hacienda Memos</name>
        <address>Hacienda Memos Restaurant Galewood tiktok rec, food looks really good 6822 W North Ave, Chicago, IL 60707</address>
        <description><![CDATA[Type: Restaurant<br>Neighborhood: Galewood<br>Reviews: tiktok rec, food looks really good<br>Address: 6822 W North Ave, Chicago, IL 60707]]></description>
        <styleUrl>#icon-1899-BDBDBD</styleUrl>
        <ExtendedData>
          <Data name="Type">
            <value>Restaurant</value>
          </Data>
          <Data name="Neighborhood">
            <value>Galewood</value>
          </Data>
          <Data name="Reviews">
            <value>tiktok rec, food looks really good</value>
          </Data>
          <Data name="Address">
            <value>6822 W North Ave, Chicago, IL 60707</value>
          </Data>
        </ExtendedData>
      </Placemark>
      <Placemark>
        <name><![CDATA[Butch McGuire's]]></name>
        <address><![CDATA[Butch McGuire's Bar Gold Coast Nice xmas decorations 20 W Division St, Chicago, IL 60610]]></address>
        <description><![CDATA[Type: Bar<br>Neighborhood: Gold Coast<br>Reviews: Nice xmas decorations<br>Address: 20 W Division St, Chicago, IL 60610]]></description>
        <styleUrl>#icon-1899-006064</styleUrl>
        <ExtendedData>
          <Data name="Type">
            <value>Bar</value>
          </Data>
          <Data name="Neighborhood">
            <value>Gold Coast</value>
          </Data>
          <Data name="Reviews">
            <value>Nice xmas decorations</value>
          </Data>
          <Data name="Address">
            <value>20 W Division St, Chicago, IL 60610</value>
          </Data>
        </ExtendedData>
      </Placemark>
      <Placemark>
        <name><![CDATA[Coq d'Or]]></name>
        <address><![CDATA[Coq d'Or Bar Gold Coast 140 E Walton Pl, Chicago, IL 60611]]></address>
        <description><![CDATA[Type: Bar<br>Neighborhood: Gold Coast<br>Reviews: <br>Address: 140 E Walton Pl, Chicago, IL 60611]]></description>
        <styleUrl>#icon-1899-006064</styleUrl>
        <ExtendedData>
          <Data name="Type">
            <value>Bar</value>
          </Data>
          <Data name="Neighborhood">
            <value>Gold Coast</value>
          </Data>
          <Data name="Reviews">
            <value/>
          </Data>
          <Data name="Address">
            <value>140 E Walton Pl, Chicago, IL 60611</value>
          </Data>
        </ExtendedData>
      </Placemark>
      <Placemark>
        <name>Gold Coast Social</name>
        <address>Gold Coast Social Bar Gold Coast 7 W Division St, Chicago, IL 60610</address>
        <description><![CDATA[Type: Bar<br>Neighborhood: Gold Coast<br>Reviews: <br>Address: 7 W Division St, Chicago, IL 60610]]></description>
        <styleUrl>#icon-1899-006064</styleUrl>
        <ExtendedData>
          <Data name="Type">
            <value>Bar</value>
          </Data>
          <Data name="Neighborhood">
            <value>Gold Coast</value>
          </Data>
          <Data name="Reviews">
            <value/>
          </Data>
          <Data name="Address">
            <value>7 W Division St, Chicago, IL 60610</value>
          </Data>
        </ExtendedData>
      </Placemark>
      <Placemark>
        <name>Hugos Frog Bar</name>
        <address>Hugos Frog Bar Bar Gold Coast seafood place 1024 N Rush St, Chicago, IL 60611</address>
        <description><![CDATA[Type: Bar<br>Neighborhood: Gold Coast<br>Reviews: seafood place<br>Address: 1024 N Rush St, Chicago, IL 60611]]></description>
        <styleUrl>#icon-1899-006064</styleUrl>
        <ExtendedData>
          <Data name="Type">
            <value>Bar</value>
          </Data>
          <Data name="Neighborhood">
            <value>Gold Coast</value>
          </Data>
          <Data name="Reviews">
            <value>seafood place</value>
          </Data>
          <Data name="Address">
            <value>1024 N Rush St, Chicago, IL 60611</value>
          </Data>
        </ExtendedData>
      </Placemark>
      <Placemark>
        <name>Lodge Tavern</name>
        <address>Lodge Tavern Bar Gold Coast Old Irish bar 21 W Division St, Chicago, IL 60610</address>
        <description><![CDATA[Type: Bar<br>Neighborhood: Gold Coast<br>Reviews: Old Irish bar<br>Address: 21 W Division St, Chicago, IL 60610]]></description>
        <styleUrl>#icon-1899-006064</styleUrl>
        <ExtendedData>
          <Data name="Type">
            <value>Bar</value>
          </Data>
          <Data name="Neighborhood">
            <value>Gold Coast</value>
          </Data>
          <Data name="Reviews">
            <value>Old Irish bar</value>
          </Data>
          <Data name="Address">
            <value>21 W Division St, Chicago, IL 60610</value>
          </Data>
        </ExtendedData>
      </Placemark>
      <Placemark>
        <name>LUXBAR</name>
        <address>LUXBAR Bar Gold Coast 18 E Bellevue Place, Chicago, IL 60611</address>
        <description><![CDATA[Type: Bar<br>Neighborhood: Gold Coast<br>Reviews: <br>Address: 18 E Bellevue Place, Chicago, IL 60611]]></description>
        <styleUrl>#icon-1899-006064</styleUrl>
        <ExtendedData>
          <Data name="Type">
            <value>Bar</value>
          </Data>
          <Data name="Neighborhood">
            <value>Gold Coast</value>
          </Data>
          <Data name="Reviews">
            <value/>
          </Data>
          <Data name="Address">
            <value>18 E Bellevue Place, Chicago, IL 60611</value>
          </Data>
        </ExtendedData>
      </Placemark>
      <Placemark>
        <name>She-nannigans</name>
        <address>She-nannigans Bar Gold Coast Dance floor w/ beer pong 16 W Division St, Chicago, IL 60610</address>
        <description><![CDATA[Type: Bar<br>Neighborhood: Gold Coast<br>Reviews: Dance floor w/ beer pong<br>Address: 16 W Division St, Chicago, IL 60610]]></description>
        <styleUrl>#icon-1899-006064</styleUrl>
        <ExtendedData>
          <Data name="Type">
            <value>Bar</value>
          </Data>
          <Data name="Neighborhood">
            <value>Gold Coast</value>
          </Data>
          <Data name="Reviews">
            <value>Dance floor w/ beer pong</value>
          </Data>
          <Data name="Address">
            <value>16 W Division St, Chicago, IL 60610</value>
          </Data>
        </ExtendedData>
      </Placemark>
      <Placemark>
        <name>Sparrow</name>
        <address>Sparrow Bar Gold Coast Nice cocktail bar 12 W Elm St, Chicago, IL 60610</address>
        <description><![CDATA[Type: Bar<br>Neighborhood: Gold Coast<br>Reviews: Nice cocktail bar<br>Address: 12 W Elm St, Chicago, IL 60610]]></description>
        <styleUrl>#icon-1899-006064</styleUrl>
        <ExtendedData>
          <Data name="Type">
            <value>Bar</value>
          </Data>
          <Data name="Neighborhood">
            <value>Gold Coast</value>
          </Data>
          <Data name="Reviews">
            <value>Nice cocktail bar</value>
          </Data>
          <Data name="Address">
            <value>12 W Elm St, Chicago, IL 60610</value>
          </Data>
        </ExtendedData>
      </Placemark>
      <Placemark>
        <name>Whispers</name>
        <address>Whispers Bar Gold Coast On Oak St Beach 1031 N State St, Chicago, IL 60610</address>
        <description><![CDATA[Type: Bar<br>Neighborhood: Gold Coast<br>Reviews: On Oak St Beach<br>Address: 1031 N State St, Chicago, IL 60610]]></description>
        <styleUrl>#icon-1899-006064</styleUrl>
        <ExtendedData>
          <Data name="Type">
            <value>Bar</value>
          </Data>
          <Data name="Neighborhood">
            <value>Gold Coast</value>
          </Data>
          <Data name="Reviews">
            <value>On Oak St Beach</value>
          </Data>
          <Data name="Address">
            <value>1031 N State St, Chicago, IL 60610</value>
          </Data>
        </ExtendedData>
      </Placemark>
      <Placemark>
        <name>3 Arts Club Cafe</name>
        <address>3 Arts Club Cafe Cafe Gold Coast 1300 N Dearborn St, Chicago, IL 60610</address>
        <description><![CDATA[Type: Cafe<br>Neighborhood: Gold Coast<br>Reviews: <br>Address: 1300 N Dearborn St, Chicago, IL 60610]]></description>
        <styleUrl>#icon-1899-006064</styleUrl>
        <ExtendedData>
          <Data name="Type">
            <value>Cafe</value>
          </Data>
          <Data name="Neighborhood">
            <value>Gold Coast</value>
          </Data>
          <Data name="Reviews">
            <value/>
          </Data>
          <Data name="Address">
            <value>1300 N Dearborn St, Chicago, IL 60610</value>
          </Data>
        </ExtendedData>
      </Placemark>
      <Placemark>
        <name><![CDATA[PiniPico Coffee & Empanadas]]></name>
        <address><![CDATA[PiniPico Coffee & Empanadas Cafe Gold Coast 1538 N Clark St, Chicago, IL 60610]]></address>
        <description><![CDATA[Type: Cafe<br>Neighborhood: Gold Coast<br>Reviews: <br>Address: 1538 N Clark St, Chicago, IL 60610]]></description>
        <styleUrl>#icon-1899-006064</styleUrl>
        <ExtendedData>
          <Data name="Type">
            <value>Cafe</value>
          </Data>
          <Data name="Neighborhood">
            <value>Gold Coast</value>
          </Data>
          <Data name="Reviews">
            <value/>
          </Data>
          <Data name="Address">
            <value>1538 N Clark St, Chicago, IL 60610</value>
          </Data>
        </ExtendedData>
      </Placemark>
      <Placemark>
        <name>The Hangge-Uppe</name>
        <address>The Hangge-Uppe Club Gold Coast Lit, lots of dancing 14 W Elm St, Chicago, IL 60610</address>
        <description><![CDATA[Type: Club<br>Neighborhood: Gold Coast<br>Reviews: Lit, lots of dancing<br>Address: 14 W Elm St, Chicago, IL 60610]]></description>
        <styleUrl>#icon-1899-006064</styleUrl>
        <ExtendedData>
          <Data name="Type">
            <value>Club</value>
          </Data>
          <Data name="Neighborhood">
            <value>Gold Coast</value>
          </Data>
          <Data name="Reviews">
            <value>Lit, lots of dancing</value>
          </Data>
          <Data name="Address">
            <value>14 W Elm St, Chicago, IL 60610</value>
          </Data>
        </ExtendedData>
      </Placemark>
      <Placemark>
        <name><![CDATA[The Original Mother's]]></name>
        <address><![CDATA[The Original Mother's Club Gold Coast 26 W Division St, Chicago, IL 60610]]></address>
        <description><![CDATA[Type: Club<br>Neighborhood: Gold Coast<br>Reviews: <br>Address: 26 W Division St, Chicago, IL 60610]]></description>
        <styleUrl>#icon-1899-006064</styleUrl>
        <ExtendedData>
          <Data name="Type">
            <value>Club</value>
          </Data>
          <Data name="Neighborhood">
            <value>Gold Coast</value>
          </Data>
          <Data name="Reviews">
            <value/>
          </Data>
          <Data name="Address">
            <value>26 W Division St, Chicago, IL 60610</value>
          </Data>
        </ExtendedData>
      </Placemark>
      <Placemark>
        <name>Aster Hall</name>
        <address>Aster Hall Market Gold Coast 900 N Michigan Ave, Chicago, IL 60611</address>
        <description><![CDATA[Type: Market<br>Neighborhood: Gold Coast<br>Reviews: <br>Address: 900 N Michigan Ave, Chicago, IL 60611]]></description>
        <styleUrl>#icon-1899-006064</styleUrl>
        <ExtendedData>
          <Data name="Type">
            <value>Market</value>
          </Data>
          <Data name="Neighborhood">
            <value>Gold Coast</value>
          </Data>
          <Data name="Reviews">
            <value/>
          </Data>
          <Data name="Address">
            <value>900 N Michigan Ave, Chicago, IL 60611</value>
          </Data>
        </ExtendedData>
      </Placemark>
      <Placemark>
        <name>Alpana</name>
        <address>Alpana Restaurant Gold Coast 831 N State St, Chicago, IL 60610</address>
        <description><![CDATA[Type: Restaurant<br>Neighborhood: Gold Coast<br>Reviews: <br>Address: 831 N State St, Chicago, IL 60610]]></description>
        <styleUrl>#icon-1899-006064</styleUrl>
        <ExtendedData>
          <Data name="Type">
            <value>Restaurant</value>
          </Data>
          <Data name="Neighborhood">
            <value>Gold Coast</value>
          </Data>
          <Data name="Reviews">
            <value/>
          </Data>
          <Data name="Address">
            <value>831 N State St, Chicago, IL 60610</value>
          </Data>
        </ExtendedData>
      </Placemark>
      <Placemark>
        <name>La Storia</name>
        <address>La Storia Restaurant Gold Coast 1154 N Dearborn St, Chicago, IL 60610</address>
        <description><![CDATA[Type: Restaurant<br>Neighborhood: Gold Coast<br>Reviews: <br>Address: 1154 N Dearborn St, Chicago, IL 60610]]></description>
        <styleUrl>#icon-1899-006064</styleUrl>
        <ExtendedData>
          <Data name="Type">
            <value>Restaurant</value>
          </Data>
          <Data name="Neighborhood">
            <value>Gold Coast</value>
          </Data>
          <Data name="Reviews">
            <value/>
          </Data>
          <Data name="Address">
            <value>1154 N Dearborn St, Chicago, IL 60610</value>
          </Data>
        </ExtendedData>
      </Placemark>
      <Placemark>
        <name>Le Colonial</name>
        <address>Le Colonial Restaurant Gold Coast Upscale, French-Vietnamese fusion 57 E Oak St, Chicago, IL 60611</address>
        <description><![CDATA[Type: Restaurant<br>Neighborhood: Gold Coast<br>Reviews: Upscale, French-Vietnamese fusion<br>Address: 57 E Oak St, Chicago, IL 60611]]></description>
        <styleUrl>#icon-1899-006064</styleUrl>
        <ExtendedData>
          <Data name="Type">
            <value>Restaurant</value>
          </Data>
          <Data name="Neighborhood">
            <value>Gold Coast</value>
          </Data>
          <Data name="Reviews">
            <value>Upscale, French-Vietnamese fusion</value>
          </Data>
          <Data name="Address">
            <value>57 E Oak St, Chicago, IL 60611</value>
          </Data>
        </ExtendedData>
      </Placemark>
      <Placemark>
        <name>Maple And Ash</name>
        <address>Maple And Ash Restaurant Gold Coast 8 W Maple St, Chicago, IL 60610</address>
        <description><![CDATA[Type: Restaurant<br>Neighborhood: Gold Coast<br>Reviews: <br>Address: 8 W Maple St, Chicago, IL 60610]]></description>
        <styleUrl>#icon-1899-006064</styleUrl>
        <ExtendedData>
          <Data name="Type">
            <value>Restaurant</value>
          </Data>
          <Data name="Neighborhood">
            <value>Gold Coast</value>
          </Data>
          <Data name="Reviews">
            <value/>
          </Data>
          <Data name="Address">
            <value>8 W Maple St, Chicago, IL 60610</value>
          </Data>
        </ExtendedData>
      </Placemark>
      <Placemark>
        <name>Sushi by Bou</name>
        <address>Sushi by Bou Restaurant Gold Coast 1244 N Dearborn Pkwy, Chicago, IL 60610</address>
        <description><![CDATA[Type: Restaurant<br>Neighborhood: Gold Coast<br>Reviews: <br>Address: 1244 N Dearborn Pkwy, Chicago, IL 60610]]></description>
        <styleUrl>#icon-1899-006064</styleUrl>
        <ExtendedData>
          <Data name="Type">
            <value>Restaurant</value>
          </Data>
          <Data name="Neighborhood">
            <value>Gold Coast</value>
          </Data>
          <Data name="Reviews">
            <value/>
          </Data>
          <Data name="Address">
            <value>1244 N Dearborn Pkwy, Chicago, IL 60610</value>
          </Data>
        </ExtendedData>
      </Placemark>
      <Placemark>
        <name>Tavern on Rush</name>
        <address>Tavern on Rush Restaurant Gold Coast Steakhouse, complimentary champagne 1015 N Rush St, Chicago, IL 60611</address>
        <description><![CDATA[Type: Restaurant<br>Neighborhood: Gold Coast<br>Reviews: Steakhouse, complimentary champagne<br>Address: 1015 N Rush St, Chicago, IL 60611]]></description>
        <styleUrl>#icon-1899-006064</styleUrl>
        <ExtendedData>
          <Data name="Type">
            <value>Restaurant</value>
          </Data>
          <Data name="Neighborhood">
            <value>Gold Coast</value>
          </Data>
          <Data name="Reviews">
            <value>Steakhouse, complimentary champagne</value>
          </Data>
          <Data name="Address">
            <value>1015 N Rush St, Chicago, IL 60611</value>
          </Data>
        </ExtendedData>
      </Placemark>
      <Placemark>
        <name>The Bellevue Chicago</name>
        <address>The Bellevue Chicago Restaurant Gold Coast Nice patio and cocktails 1031 N Rush St, Chicago, IL 60610</address>
        <description><![CDATA[Type: Restaurant<br>Neighborhood: Gold Coast<br>Reviews: Nice patio and cocktails<br>Address: 1031 N Rush St, Chicago, IL 60610]]></description>
        <styleUrl>#icon-1899-006064</styleUrl>
        <ExtendedData>
          <Data name="Type">
            <value>Restaurant</value>
          </Data>
          <Data name="Neighborhood">
            <value>Gold Coast</value>
          </Data>
          <Data name="Reviews">
            <value>Nice patio and cocktails</value>
          </Data>
          <Data name="Address">
            <value>1031 N Rush St, Chicago, IL 60610</value>
          </Data>
        </ExtendedData>
      </Placemark>
      <Placemark>
        <name>Waldorf Astoria</name>
        <address>Waldorf Astoria Restaurant Gold Coast 11 E Walton St, Chicago, IL 60611</address>
        <description><![CDATA[Type: Restaurant<br>Neighborhood: Gold Coast<br>Reviews: <br>Address: 11 E Walton St, Chicago, IL 60611]]></description>
        <styleUrl>#icon-1899-006064</styleUrl>
        <ExtendedData>
          <Data name="Type">
            <value>Restaurant</value>
          </Data>
          <Data name="Neighborhood">
            <value>Gold Coast</value>
          </Data>
          <Data name="Reviews">
            <value/>
          </Data>
          <Data name="Address">
            <value>11 E Walton St, Chicago, IL 60611</value>
          </Data>
        </ExtendedData>
      </Placemark>
      <Placemark>
        <name><![CDATA[Lem's Bar B-Q ]]></name>
        <address><![CDATA[Lem's Bar B-Q  Restaurant Grand Crossing "Best ribs in Chicago" 311 E 75th St, Chicago, IL 60619]]></address>
        <description><![CDATA[Type: Restaurant<br>Neighborhood: Grand Crossing<br>Reviews: "Best ribs in Chicago"<br>Address: 311 E 75th St, Chicago, IL 60619]]></description>
        <styleUrl>#icon-1899-BDBDBD</styleUrl>
        <ExtendedData>
          <Data name="Type">
            <value>Restaurant</value>
          </Data>
          <Data name="Neighborhood">
            <value>Grand Crossing</value>
          </Data>
          <Data name="Reviews">
            <value><![CDATA["Best ribs in Chicago"]]></value>
          </Data>
          <Data name="Address">
            <value>311 E 75th St, Chicago, IL 60619</value>
          </Data>
        </ExtendedData>
      </Placemark>
      <Placemark>
        <name>Soul Veg City</name>
        <address>Soul Veg City Restaurant Grand Crossing Best vegatarian food in Chicago 203 E 75th St, Chicago, IL 60619</address>
        <description><![CDATA[Type: Restaurant<br>Neighborhood: Grand Crossing<br>Reviews: Best vegatarian food in Chicago<br>Address: 203 E 75th St, Chicago, IL 60619]]></description>
        <styleUrl>#icon-1899-BDBDBD</styleUrl>
        <ExtendedData>
          <Data name="Type">
            <value>Restaurant</value>
          </Data>
          <Data name="Neighborhood">
            <value>Grand Crossing</value>
          </Data>
          <Data name="Reviews">
            <value>Best vegatarian food in Chicago</value>
          </Data>
          <Data name="Address">
            <value>203 E 75th St, Chicago, IL 60619</value>
          </Data>
        </ExtendedData>
      </Placemark>
      <Placemark>
        <name>Bacchanalia</name>
        <address>Bacchanalia Restaurant Heart of Italy 2413 S Oakley Ave, Chicago, IL 60608</address>
        <description><![CDATA[Type: Restaurant<br>Neighborhood: Heart of Italy<br>Reviews: <br>Address: 2413 S Oakley Ave, Chicago, IL 60608]]></description>
        <styleUrl>#icon-1899-BDBDBD</styleUrl>
        <ExtendedData>
          <Data name="Type">
            <value>Restaurant</value>
          </Data>
          <Data name="Neighborhood">
            <value>Heart of Italy</value>
          </Data>
          <Data name="Reviews">
            <value/>
          </Data>
          <Data name="Address">
            <value>2413 S Oakley Ave, Chicago, IL 60608</value>
          </Data>
        </ExtendedData>
      </Placemark>
      <Placemark>
        <name>Tacotlan</name>
        <address>Tacotlan Restaurant Hermosa tiktok rec, food looks really good 4312 W Fullerton Ave, Chicago, IL 60639</address>
        <description><![CDATA[Type: Restaurant<br>Neighborhood: Hermosa<br>Reviews: tiktok rec, food looks really good<br>Address: 4312 W Fullerton Ave, Chicago, IL 60639]]></description>
        <styleUrl>#icon-1899-BDBDBD</styleUrl>
        <ExtendedData>
          <Data name="Type">
            <value>Restaurant</value>
          </Data>
          <Data name="Neighborhood">
            <value>Hermosa</value>
          </Data>
          <Data name="Reviews">
            <value>tiktok rec, food looks really good</value>
          </Data>
          <Data name="Address">
            <value>4312 W Fullerton Ave, Chicago, IL 60639</value>
          </Data>
        </ExtendedData>
      </Placemark>
      <Placemark>
        <name>Esmeraldas Lounge</name>
        <address>Esmeraldas Lounge Bar Humboldt Park 2539 W Division St, Chicago, IL 60622</address>
        <description><![CDATA[Type: Bar<br>Neighborhood: Humboldt Park<br>Reviews: <br>Address: 2539 W Division St, Chicago, IL 60622]]></description>
        <styleUrl>#icon-1899-BDBDBD</styleUrl>
        <ExtendedData>
          <Data name="Type">
            <value>Bar</value>
          </Data>
          <Data name="Neighborhood">
            <value>Humboldt Park</value>
          </Data>
          <Data name="Reviews">
            <value/>
          </Data>
          <Data name="Address">
            <value>2539 W Division St, Chicago, IL 60622</value>
          </Data>
        </ExtendedData>
      </Placemark>
      <Placemark>
        <name>La Sandwichera Cafe</name>
        <address>La Sandwichera Cafe Restaurant Humboldt Park 2721 W Division St, Chicago, IL 60622</address>
        <description><![CDATA[Type: Restaurant<br>Neighborhood: Humboldt Park<br>Reviews: <br>Address: 2721 W Division St, Chicago, IL 60622]]></description>
        <styleUrl>#icon-1899-BDBDBD</styleUrl>
        <ExtendedData>
          <Data name="Type">
            <value>Restaurant</value>
          </Data>
          <Data name="Neighborhood">
            <value>Humboldt Park</value>
          </Data>
          <Data name="Reviews">
            <value/>
          </Data>
          <Data name="Address">
            <value>2721 W Division St, Chicago, IL 60622</value>
          </Data>
        </ExtendedData>
      </Placemark>
      <Placemark>
        <name>Cove Lounge</name>
        <address>Cove Lounge Bar Hyde Park David went here 1750 E 55th St, Chicago, IL 60615</address>
        <description><![CDATA[Type: Bar<br>Neighborhood: Hyde Park<br>Reviews: David went here<br>Address: 1750 E 55th St, Chicago, IL 60615]]></description>
        <styleUrl>#icon-1899-0F9D58</styleUrl>
        <ExtendedData>
          <Data name="Type">
            <value>Bar</value>
          </Data>
          <Data name="Neighborhood">
            <value>Hyde Park</value>
          </Data>
          <Data name="Reviews">
            <value>David went here</value>
          </Data>
          <Data name="Address">
            <value>1750 E 55th St, Chicago, IL 60615</value>
          </Data>
        </ExtendedData>
      </Placemark>
      <Placemark>
        <name>14 Parish</name>
        <address><![CDATA[14 Parish Restaurant Hyde Park rec'd by multiple people, 
one of the best in Hyde Park 1644 E 53rd St, Chicago, IL 60615]]></address>
        <description><![CDATA[Type: Restaurant<br>Neighborhood: Hyde Park<br>Reviews: rec'd by multiple people, <br>one of the best in Hyde Park<br>Address: 1644 E 53rd St, Chicago, IL 60615]]></description>
        <styleUrl>#icon-1899-0F9D58</styleUrl>
        <ExtendedData>
          <Data name="Type">
            <value>Restaurant</value>
          </Data>
          <Data name="Neighborhood">
            <value>Hyde Park</value>
          </Data>
          <Data name="Reviews">
            <value><![CDATA[rec'd by multiple people, 
one of the best in Hyde Park]]></value>
          </Data>
          <Data name="Address">
            <value>1644 E 53rd St, Chicago, IL 60615</value>
          </Data>
        </ExtendedData>
      </Placemark>
      <Placemark>
        <name>Chemistry</name>
        <address><![CDATA[Chemistry Restaurant Hyde Park rec'd by multiple people, 
one of the best in Hyde Park 5121 S Harper Ave, Chicago, IL 60615]]></address>
        <description><![CDATA[Type: Restaurant<br>Neighborhood: Hyde Park<br>Reviews: rec'd by multiple people, <br>one of the best in Hyde Park<br>Address: 5121 S Harper Ave, Chicago, IL 60615]]></description>
        <styleUrl>#icon-1899-0F9D58</styleUrl>
        <ExtendedData>
          <Data name="Type">
            <value>Restaurant</value>
          </Data>
          <Data name="Neighborhood">
            <value>Hyde Park</value>
          </Data>
          <Data name="Reviews">
            <value><![CDATA[rec'd by multiple people, 
one of the best in Hyde Park]]></value>
          </Data>
          <Data name="Address">
            <value>5121 S Harper Ave, Chicago, IL 60615</value>
          </Data>
        </ExtendedData>
      </Placemark>
      <Placemark>
        <name>Goree</name>
        <address>Goree Restaurant Hyde Park west african (senegalese) food 1126 E 47th St, Chicago, IL 60653</address>
        <description><![CDATA[Type: Restaurant<br>Neighborhood: Hyde Park<br>Reviews: west african (senegalese) food<br>Address: 1126 E 47th St, Chicago, IL 60653]]></description>
        <styleUrl>#icon-1899-0F9D58</styleUrl>
        <ExtendedData>
          <Data name="Type">
            <value>Restaurant</value>
          </Data>
          <Data name="Neighborhood">
            <value>Hyde Park</value>
          </Data>
          <Data name="Reviews">
            <value>west african (senegalese) food</value>
          </Data>
          <Data name="Address">
            <value>1126 E 47th St, Chicago, IL 60653</value>
          </Data>
        </ExtendedData>
      </Placemark>
      <Placemark>
        <name><![CDATA[Ja' Grill]]></name>
        <address><![CDATA[Ja' Grill Restaurant Hyde Park Allen: I liked their food and cocktails 1510 E Harper Ct, Chicago, IL 60615]]></address>
        <description><![CDATA[Type: Restaurant<br>Neighborhood: Hyde Park<br>Reviews: Allen: I liked their food and cocktails<br>Address: 1510 E Harper Ct, Chicago, IL 60615]]></description>
        <styleUrl>#icon-1899-0F9D58</styleUrl>
        <ExtendedData>
          <Data name="Type">
            <value>Restaurant</value>
          </Data>
          <Data name="Neighborhood">
            <value>Hyde Park</value>
          </Data>
          <Data name="Reviews">
            <value>Allen: I liked their food and cocktails</value>
          </Data>
          <Data name="Address">
            <value>1510 E Harper Ct, Chicago, IL 60615</value>
          </Data>
        </ExtendedData>
      </Placemark>
      <Placemark>
        <name>Mesler</name>
        <address>Mesler Restaurant Hyde Park 1411 E 53rd St, Chicago, IL 60615</address>
        <description><![CDATA[Type: Restaurant<br>Neighborhood: Hyde Park<br>Reviews: <br>Address: 1411 E 53rd St, Chicago, IL 60615]]></description>
        <styleUrl>#icon-1899-0F9D58</styleUrl>
        <ExtendedData>
          <Data name="Type">
            <value>Restaurant</value>
          </Data>
          <Data name="Neighborhood">
            <value>Hyde Park</value>
          </Data>
          <Data name="Reviews">
            <value/>
          </Data>
          <Data name="Address">
            <value>1411 E 53rd St, Chicago, IL 60615</value>
          </Data>
        </ExtendedData>
      </Placemark>
      <Placemark>
        <name>Roux</name>
        <address>Roux Restaurant Hyde Park 1055 E 55th St, Chicago, IL 60615</address>
        <description><![CDATA[Type: Restaurant<br>Neighborhood: Hyde Park<br>Reviews: <br>Address: 1055 E 55th St, Chicago, IL 60615]]></description>
        <styleUrl>#icon-1899-0F9D58</styleUrl>
        <ExtendedData>
          <Data name="Type">
            <value>Restaurant</value>
          </Data>
          <Data name="Neighborhood">
            <value>Hyde Park</value>
          </Data>
          <Data name="Reviews">
            <value/>
          </Data>
          <Data name="Address">
            <value>1055 E 55th St, Chicago, IL 60615</value>
          </Data>
        </ExtendedData>
      </Placemark>
      <Placemark>
        <name>Virtue</name>
        <address><![CDATA[Virtue Restaurant Hyde Park rec'd by multiple people, one of the best in Hyde Park 1462 E 53rd St, Chicago, IL 60615]]></address>
        <description><![CDATA[Type: Restaurant<br>Neighborhood: Hyde Park<br>Reviews: rec'd by multiple people, one of the best in Hyde Park<br>Address: 1462 E 53rd St, Chicago, IL 60615]]></description>
        <styleUrl>#icon-1899-0F9D58</styleUrl>
        <ExtendedData>
          <Data name="Type">
            <value>Restaurant</value>
          </Data>
          <Data name="Neighborhood">
            <value>Hyde Park</value>
          </Data>
          <Data name="Reviews">
            <value><![CDATA[rec'd by multiple people, one of the best in Hyde Park]]></value>
          </Data>
          <Data name="Address">
            <value>1462 E 53rd St, Chicago, IL 60615</value>
          </Data>
        </ExtendedData>
      </Placemark>
      <Placemark>
        <name>Philly Bros</name>
        <address>Philly Bros Restaurant Irving Park tiktok rec, food looks really good 3558 N Pulaski Rd, Chicago, IL 60641</address>
        <description><![CDATA[Type: Restaurant<br>Neighborhood: Irving Park<br>Reviews: tiktok rec, food looks really good<br>Address: 3558 N Pulaski Rd, Chicago, IL 60641]]></description>
        <styleUrl>#icon-1899-BDBDBD</styleUrl>
        <ExtendedData>
          <Data name="Type">
            <value>Restaurant</value>
          </Data>
          <Data name="Neighborhood">
            <value>Irving Park</value>
          </Data>
          <Data name="Reviews">
            <value>tiktok rec, food looks really good</value>
          </Data>
          <Data name="Address">
            <value>3558 N Pulaski Rd, Chicago, IL 60641</value>
          </Data>
        </ExtendedData>
      </Placemark>
      <Placemark>
        <name>Raisu</name>
        <address>Raisu Restaurant Irving Park 2958 W Irving Park Rd, Chicago, IL 60618</address>
        <description><![CDATA[Type: Restaurant<br>Neighborhood: Irving Park<br>Reviews: <br>Address: 2958 W Irving Park Rd, Chicago, IL 60618]]></description>
        <styleUrl>#icon-1899-BDBDBD</styleUrl>
        <ExtendedData>
          <Data name="Type">
            <value>Restaurant</value>
          </Data>
          <Data name="Neighborhood">
            <value>Irving Park</value>
          </Data>
          <Data name="Reviews">
            <value/>
          </Data>
          <Data name="Address">
            <value>2958 W Irving Park Rd, Chicago, IL 60618</value>
          </Data>
        </ExtendedData>
      </Placemark>
      <Placemark>
        <name>Stay and Play Game Cafe</name>
        <address>Stay and Play Game Cafe Restaurant Irving Park puerto rican food
$5 games (min $10 food) 3932 W Irving Park Rd, Chicago, IL 60618</address>
        <description><![CDATA[Type: Restaurant<br>Neighborhood: Irving Park<br>Reviews: puerto rican food<br>$5 games (min $10 food)<br>Address: 3932 W Irving Park Rd, Chicago, IL 60618]]></description>
        <styleUrl>#icon-1899-BDBDBD</styleUrl>
        <ExtendedData>
          <Data name="Type">
            <value>Restaurant</value>
          </Data>
          <Data name="Neighborhood">
            <value>Irving Park</value>
          </Data>
          <Data name="Reviews">
            <value>puerto rican food
$5 games (min $10 food)</value>
          </Data>
          <Data name="Address">
            <value>3932 W Irving Park Rd, Chicago, IL 60618</value>
          </Data>
        </ExtendedData>
      </Placemark>
      <Placemark>
        <name>Nighthawk</name>
        <address><![CDATA[Nighthawk Bar Kimball coffee in morning & cocktails at night 4744 N Kimball Ave, Chicago, IL 60625]]></address>
        <description><![CDATA[Type: Bar<br>Neighborhood: Kimball<br>Reviews: coffee in morning & cocktails at night<br>Address: 4744 N Kimball Ave, Chicago, IL 60625]]></description>
        <styleUrl>#icon-1899-BDBDBD</styleUrl>
        <ExtendedData>
          <Data name="Type">
            <value>Bar</value>
          </Data>
          <Data name="Neighborhood">
            <value>Kimball</value>
          </Data>
          <Data name="Reviews">
            <value><![CDATA[coffee in morning & cocktails at night]]></value>
          </Data>
          <Data name="Address">
            <value>4744 N Kimball Ave, Chicago, IL 60625</value>
          </Data>
        </ExtendedData>
      </Placemark>
      <Placemark>
        <name>Arzan Cafe</name>
        <address>Arzan Cafe Restaurant Kimball Central Asian food 4702 N Kimball Ave, Chicago, IL 60625</address>
        <description><![CDATA[Type: Restaurant<br>Neighborhood: Kimball<br>Reviews: Central Asian food<br>Address: 4702 N Kimball Ave, Chicago, IL 60625]]></description>
        <styleUrl>#icon-1899-BDBDBD</styleUrl>
        <ExtendedData>
          <Data name="Type">
            <value>Restaurant</value>
          </Data>
          <Data name="Neighborhood">
            <value>Kimball</value>
          </Data>
          <Data name="Reviews">
            <value>Central Asian food</value>
          </Data>
          <Data name="Address">
            <value>4702 N Kimball Ave, Chicago, IL 60625</value>
          </Data>
        </ExtendedData>
      </Placemark>
      <Placemark>
        <name>Kabobi</name>
        <address>Kabobi Restaurant Kimball Persian restaurant 3224 W Lawrence Ave, Chicago, IL 60625</address>
        <description><![CDATA[Type: Restaurant<br>Neighborhood: Kimball<br>Reviews: Persian restaurant<br>Address: 3224 W Lawrence Ave, Chicago, IL 60625]]></description>
        <styleUrl>#icon-1899-BDBDBD</styleUrl>
        <ExtendedData>
          <Data name="Type">
            <value>Restaurant</value>
          </Data>
          <Data name="Neighborhood">
            <value>Kimball</value>
          </Data>
          <Data name="Reviews">
            <value>Persian restaurant</value>
          </Data>
          <Data name="Address">
            <value>3224 W Lawrence Ave, Chicago, IL 60625</value>
          </Data>
        </ExtendedData>
      </Placemark>
      <Placemark>
        <name>Noon O Kabab</name>
        <address>Noon O Kabab Restaurant Kimball Persian restaurant 4701 N Kedzie Ave, Chicago, IL 60625</address>
        <description><![CDATA[Type: Restaurant<br>Neighborhood: Kimball<br>Reviews: Persian restaurant<br>Address: 4701 N Kedzie Ave, Chicago, IL 60625]]></description>
        <styleUrl>#icon-1899-BDBDBD</styleUrl>
        <ExtendedData>
          <Data name="Type">
            <value>Restaurant</value>
          </Data>
          <Data name="Neighborhood">
            <value>Kimball</value>
          </Data>
          <Data name="Reviews">
            <value>Persian restaurant</value>
          </Data>
          <Data name="Address">
            <value>4701 N Kedzie Ave, Chicago, IL 60625</value>
          </Data>
        </ExtendedData>
      </Placemark>
      <Placemark>
        <name>Peking Mandarin Restaurant</name>
        <address>Peking Mandarin Restaurant Restaurant Kimball 3459 W Lawrence Ave, Chicago, IL 60625</address>
        <description><![CDATA[Type: Restaurant<br>Neighborhood: Kimball<br>Reviews: <br>Address: 3459 W Lawrence Ave, Chicago, IL 60625]]></description>
        <styleUrl>#icon-1899-BDBDBD</styleUrl>
        <ExtendedData>
          <Data name="Type">
            <value>Restaurant</value>
          </Data>
          <Data name="Neighborhood">
            <value>Kimball</value>
          </Data>
          <Data name="Reviews">
            <value/>
          </Data>
          <Data name="Address">
            <value>3459 W Lawrence Ave, Chicago, IL 60625</value>
          </Data>
        </ExtendedData>
      </Placemark>
      <Placemark>
        <name>Friar Tuck</name>
        <address>Friar Tuck Bar Lakeview dive bar, cheap drinks, free popcorn, arcade games 3010 N Broadway, Chicago, IL 60657</address>
        <description><![CDATA[Type: Bar<br>Neighborhood: Lakeview<br>Reviews: dive bar, cheap drinks, free popcorn, arcade games<br>Address: 3010 N Broadway, Chicago, IL 60657]]></description>
        <styleUrl>#icon-1899-FF5252</styleUrl>
        <ExtendedData>
          <Data name="Type">
            <value>Bar</value>
          </Data>
          <Data name="Neighborhood">
            <value>Lakeview</value>
          </Data>
          <Data name="Reviews">
            <value>dive bar, cheap drinks, free popcorn, arcade games</value>
          </Data>
          <Data name="Address">
            <value>3010 N Broadway, Chicago, IL 60657</value>
          </Data>
        </ExtendedData>
      </Placemark>
      <Placemark>
        <name>Replay</name>
        <address>Replay Bar Lakeview arcade bar, games mostly free 2833 N Sheffield Ave, Chicago, IL 60657</address>
        <description><![CDATA[Type: Bar<br>Neighborhood: Lakeview<br>Reviews: arcade bar, games mostly free<br>Address: 2833 N Sheffield Ave, Chicago, IL 60657]]></description>
        <styleUrl>#icon-1899-FF5252</styleUrl>
        <ExtendedData>
          <Data name="Type">
            <value>Bar</value>
          </Data>
          <Data name="Neighborhood">
            <value>Lakeview</value>
          </Data>
          <Data name="Reviews">
            <value>arcade bar, games mostly free</value>
          </Data>
          <Data name="Address">
            <value>2833 N Sheffield Ave, Chicago, IL 60657</value>
          </Data>
        </ExtendedData>
      </Placemark>
      <Placemark>
        <name>Ann Sather</name>
        <address>Ann Sather Brunch Lakeview 3415 N Broadway, Chicago, IL 60657</address>
        <description><![CDATA[Type: Brunch<br>Neighborhood: Lakeview<br>Reviews: <br>Address: 3415 N Broadway, Chicago, IL 60657]]></description>
        <styleUrl>#icon-1899-FF5252</styleUrl>
        <ExtendedData>
          <Data name="Type">
            <value>Brunch</value>
          </Data>
          <Data name="Neighborhood">
            <value>Lakeview</value>
          </Data>
          <Data name="Reviews">
            <value/>
          </Data>
          <Data name="Address">
            <value>3415 N Broadway, Chicago, IL 60657</value>
          </Data>
        </ExtendedData>
      </Placemark>
      <Placemark>
        <name><![CDATA[Wake 'n Bacon]]></name>
        <address><![CDATA[Wake 'n Bacon Brunch Lakeview 420 W Belmont Ave, Chicago, IL 60657]]></address>
        <description><![CDATA[Type: Brunch<br>Neighborhood: Lakeview<br>Reviews: <br>Address: 420 W Belmont Ave, Chicago, IL 60657]]></description>
        <styleUrl>#icon-1899-FF5252</styleUrl>
        <ExtendedData>
          <Data name="Type">
            <value>Brunch</value>
          </Data>
          <Data name="Neighborhood">
            <value>Lakeview</value>
          </Data>
          <Data name="Reviews">
            <value/>
          </Data>
          <Data name="Address">
            <value>420 W Belmont Ave, Chicago, IL 60657</value>
          </Data>
        </ExtendedData>
      </Placemark>
      <Placemark>
        <name>2D Restaurant</name>
        <address>2D Restaurant Cafe Lakeview Inside of restaurant is 2D, looks like a dr seuss sketch 3155 N Halsted St, Chicago, IL 60657</address>
        <description><![CDATA[Type: Cafe<br>Neighborhood: Lakeview<br>Reviews: Inside of restaurant is 2D, looks like a dr seuss sketch<br>Address: 3155 N Halsted St, Chicago, IL 60657]]></description>
        <styleUrl>#icon-1899-FF5252</styleUrl>
        <ExtendedData>
          <Data name="Type">
            <value>Cafe</value>
          </Data>
          <Data name="Neighborhood">
            <value>Lakeview</value>
          </Data>
          <Data name="Reviews">
            <value>Inside of restaurant is 2D, looks like a dr seuss sketch</value>
          </Data>
          <Data name="Address">
            <value>3155 N Halsted St, Chicago, IL 60657</value>
          </Data>
        </ExtendedData>
      </Placemark>
      <Placemark>
        <name><![CDATA[Owen's Famous]]></name>
        <address><![CDATA[Owen's Famous Cafe Lakeview 2945 N Broadway, Chicago, IL 60657]]></address>
        <description><![CDATA[Type: Cafe<br>Neighborhood: Lakeview<br>Reviews: <br>Address: 2945 N Broadway, Chicago, IL 60657]]></description>
        <styleUrl>#icon-1899-FF5252</styleUrl>
        <ExtendedData>
          <Data name="Type">
            <value>Cafe</value>
          </Data>
          <Data name="Neighborhood">
            <value>Lakeview</value>
          </Data>
          <Data name="Reviews">
            <value/>
          </Data>
          <Data name="Address">
            <value>2945 N Broadway, Chicago, IL 60657</value>
          </Data>
        </ExtendedData>
      </Placemark>
      <Placemark>
        <name>Barcocina</name>
        <address>Barcocina Restaurant Lakeview 2901 N Sheffield Ave, Chicago, IL 60657</address>
        <description><![CDATA[Type: Restaurant<br>Neighborhood: Lakeview<br>Reviews: <br>Address: 2901 N Sheffield Ave, Chicago, IL 60657]]></description>
        <styleUrl>#icon-1899-FF5252</styleUrl>
        <ExtendedData>
          <Data name="Type">
            <value>Restaurant</value>
          </Data>
          <Data name="Neighborhood">
            <value>Lakeview</value>
          </Data>
          <Data name="Reviews">
            <value/>
          </Data>
          <Data name="Address">
            <value>2901 N Sheffield Ave, Chicago, IL 60657</value>
          </Data>
        </ExtendedData>
      </Placemark>
      <Placemark>
        <name><![CDATA[Cesar's Killer Margaritas]]></name>
        <address><![CDATA[Cesar's Killer Margaritas Restaurant Lakeview 2924 N Broadway, Chicago, IL 60657]]></address>
        <description><![CDATA[Type: Restaurant<br>Neighborhood: Lakeview<br>Reviews: <br>Address: 2924 N Broadway, Chicago, IL 60657]]></description>
        <styleUrl>#icon-1899-FF5252</styleUrl>
        <ExtendedData>
          <Data name="Type">
            <value>Restaurant</value>
          </Data>
          <Data name="Neighborhood">
            <value>Lakeview</value>
          </Data>
          <Data name="Reviews">
            <value/>
          </Data>
          <Data name="Address">
            <value>2924 N Broadway, Chicago, IL 60657</value>
          </Data>
        </ExtendedData>
      </Placemark>
      <Placemark>
        <name>Chilam Balam</name>
        <address>Chilam Balam Restaurant Lakeview 3023 N Broadway, Chicago, IL 60657</address>
        <description><![CDATA[Type: Restaurant<br>Neighborhood: Lakeview<br>Reviews: <br>Address: 3023 N Broadway, Chicago, IL 60657]]></description>
        <styleUrl>#icon-1899-FF5252</styleUrl>
        <ExtendedData>
          <Data name="Type">
            <value>Restaurant</value>
          </Data>
          <Data name="Neighborhood">
            <value>Lakeview</value>
          </Data>
          <Data name="Reviews">
            <value/>
          </Data>
          <Data name="Address">
            <value>3023 N Broadway, Chicago, IL 60657</value>
          </Data>
        </ExtendedData>
      </Placemark>
      <Placemark>
        <name><![CDATA[Cleo's Southern]]></name>
        <address><![CDATA[Cleo's Southern Restaurant Lakeview 2826 N Lincoln Ave, Chicago, IL 60657]]></address>
        <description><![CDATA[Type: Restaurant<br>Neighborhood: Lakeview<br>Reviews: <br>Address: 2826 N Lincoln Ave, Chicago, IL 60657]]></description>
        <styleUrl>#icon-1899-FF5252</styleUrl>
        <ExtendedData>
          <Data name="Type">
            <value>Restaurant</value>
          </Data>
          <Data name="Neighborhood">
            <value>Lakeview</value>
          </Data>
          <Data name="Reviews">
            <value/>
          </Data>
          <Data name="Address">
            <value>2826 N Lincoln Ave, Chicago, IL 60657</value>
          </Data>
        </ExtendedData>
      </Placemark>
      <Placemark>
        <name>Crisp</name>
        <address><![CDATA[Crisp Restaurant Lakeview try korean fried chicken
rec'd by multiple people 2940 N Broadway, Chicago, IL 60657]]></address>
        <description><![CDATA[Type: Restaurant<br>Neighborhood: Lakeview<br>Reviews: try korean fried chicken<br>rec'd by multiple people<br>Address: 2940 N Broadway, Chicago, IL 60657]]></description>
        <styleUrl>#icon-1899-FF5252</styleUrl>
        <ExtendedData>
          <Data name="Type">
            <value>Restaurant</value>
          </Data>
          <Data name="Neighborhood">
            <value>Lakeview</value>
          </Data>
          <Data name="Reviews">
            <value><![CDATA[try korean fried chicken
rec'd by multiple people]]></value>
          </Data>
          <Data name="Address">
            <value>2940 N Broadway, Chicago, IL 60657</value>
          </Data>
        </ExtendedData>
      </Placemark>
      <Placemark>
        <name><![CDATA[Golden Apple Grille & Breakfast House]]></name>
        <address><![CDATA[Golden Apple Grille & Breakfast House Restaurant Lakeview 2971 N Lincoln Ave, Chicago, IL 60657]]></address>
        <description><![CDATA[Type: Restaurant<br>Neighborhood: Lakeview<br>Reviews: <br>Address: 2971 N Lincoln Ave, Chicago, IL 60657]]></description>
        <styleUrl>#icon-1899-FF5252</styleUrl>
        <ExtendedData>
          <Data name="Type">
            <value>Restaurant</value>
          </Data>
          <Data name="Neighborhood">
            <value>Lakeview</value>
          </Data>
          <Data name="Reviews">
            <value/>
          </Data>
          <Data name="Address">
            <value>2971 N Lincoln Ave, Chicago, IL 60657</value>
          </Data>
        </ExtendedData>
      </Placemark>
      <Placemark>
        <name>Mia Francesca</name>
        <address>Mia Francesca Restaurant Lakeview 3311 N Clark St, Chicago, IL 60657</address>
        <description><![CDATA[Type: Restaurant<br>Neighborhood: Lakeview<br>Reviews: <br>Address: 3311 N Clark St, Chicago, IL 60657]]></description>
        <styleUrl>#icon-1899-FF5252</styleUrl>
        <ExtendedData>
          <Data name="Type">
            <value>Restaurant</value>
          </Data>
          <Data name="Neighborhood">
            <value>Lakeview</value>
          </Data>
          <Data name="Reviews">
            <value/>
          </Data>
          <Data name="Address">
            <value>3311 N Clark St, Chicago, IL 60657</value>
          </Data>
        </ExtendedData>
      </Placemark>
      <Placemark>
        <name>Que Rico</name>
        <address>Que Rico Restaurant Lakeview 2814 N Southport Ave, Chicago, IL 60657</address>
        <description><![CDATA[Type: Restaurant<br>Neighborhood: Lakeview<br>Reviews: <br>Address: 2814 N Southport Ave, Chicago, IL 60657]]></description>
        <styleUrl>#icon-1899-FF5252</styleUrl>
        <ExtendedData>
          <Data name="Type">
            <value>Restaurant</value>
          </Data>
          <Data name="Neighborhood">
            <value>Lakeview</value>
          </Data>
          <Data name="Reviews">
            <value/>
          </Data>
          <Data name="Address">
            <value>2814 N Southport Ave, Chicago, IL 60657</value>
          </Data>
        </ExtendedData>
      </Placemark>
      <Placemark>
        <name>Sunset Pho</name>
        <description><![CDATA[Type: Restaurant<br>Neighborhood: Lakeview<br>Reviews: viet food<br>Address: 2856 N Clark St, Chicago, IL 60657]]></description>
        <styleUrl>#icon-1899-FF5252</styleUrl>
        <ExtendedData>
          <Data name="Type">
            <value>Restaurant</value>
          </Data>
          <Data name="Neighborhood">
            <value>Lakeview</value>
          </Data>
          <Data name="Reviews">
            <value>viet food</value>
          </Data>
          <Data name="Address">
            <value>2856 N Clark St, Chicago, IL 60657</value>
          </Data>
        </ExtendedData>
        <Point>
          <coordinates>
            -87.646367,41.934256,0
          </coordinates>
        </Point>
      </Placemark>
      <Placemark>
        <name><![CDATA[Tanuki Sushi & Grill]]></name>
        <address><![CDATA[Tanuki Sushi & Grill Restaurant Lakeview 3006 N Sheffield Ave, Chicago, IL 60657]]></address>
        <description><![CDATA[Type: Restaurant<br>Neighborhood: Lakeview<br>Reviews: <br>Address: 3006 N Sheffield Ave, Chicago, IL 60657]]></description>
        <styleUrl>#icon-1899-FF5252</styleUrl>
        <ExtendedData>
          <Data name="Type">
            <value>Restaurant</value>
          </Data>
          <Data name="Neighborhood">
            <value>Lakeview</value>
          </Data>
          <Data name="Reviews">
            <value/>
          </Data>
          <Data name="Address">
            <value>3006 N Sheffield Ave, Chicago, IL 60657</value>
          </Data>
        </ExtendedData>
      </Placemark>
      <Placemark>
        <name>The Slice Shop</name>
        <address>The Slice Shop Restaurant Lakeview 928 W Belmont Ave, Chicago, IL 60657</address>
        <description><![CDATA[Type: Restaurant<br>Neighborhood: Lakeview<br>Reviews: <br>Address: 928 W Belmont Ave, Chicago, IL 60657]]></description>
        <styleUrl>#icon-1899-FF5252</styleUrl>
        <ExtendedData>
          <Data name="Type">
            <value>Restaurant</value>
          </Data>
          <Data name="Neighborhood">
            <value>Lakeview</value>
          </Data>
          <Data name="Reviews">
            <value/>
          </Data>
          <Data name="Address">
            <value>928 W Belmont Ave, Chicago, IL 60657</value>
          </Data>
        </ExtendedData>
      </Placemark>
      <Placemark>
        <name><![CDATA[Tuco & Blondie]]></name>
        <address><![CDATA[Tuco & Blondie Restaurant Lakeview 3358 N Southport Ave, Chicago, IL 60657]]></address>
        <description><![CDATA[Type: Restaurant<br>Neighborhood: Lakeview<br>Reviews: <br>Address: 3358 N Southport Ave, Chicago, IL 60657]]></description>
        <styleUrl>#icon-1899-FF5252</styleUrl>
        <ExtendedData>
          <Data name="Type">
            <value>Restaurant</value>
          </Data>
          <Data name="Neighborhood">
            <value>Lakeview</value>
          </Data>
          <Data name="Reviews">
            <value/>
          </Data>
          <Data name="Address">
            <value>3358 N Southport Ave, Chicago, IL 60657</value>
          </Data>
        </ExtendedData>
      </Placemark>
      <Placemark>
        <name>Tuk Tuk Thai Isan Street Food</name>
        <address>Tuk Tuk Thai Isan Street Food Restaurant Lakeview Carb ragoons, green curry, pad see ew, pad kee mao 2852 N Clark St, Chicago, IL 60657</address>
        <description><![CDATA[Type: Restaurant<br>Neighborhood: Lakeview<br>Reviews: Carb ragoons, green curry, pad see ew, pad kee mao<br>Address: 2852 N Clark St, Chicago, IL 60657]]></description>
        <styleUrl>#icon-1899-FF5252</styleUrl>
        <ExtendedData>
          <Data name="Type">
            <value>Restaurant</value>
          </Data>
          <Data name="Neighborhood">
            <value>Lakeview</value>
          </Data>
          <Data name="Reviews">
            <value>Carb ragoons, green curry, pad see ew, pad kee mao</value>
          </Data>
          <Data name="Address">
            <value>2852 N Clark St, Chicago, IL 60657</value>
          </Data>
        </ExtendedData>
      </Placemark>
      <Placemark>
        <name><![CDATA[Delilah's]]></name>
        <address><![CDATA[Delilah's Bar Lincoln Park billards, pinball, $1 beer Mondays!
rec'd by multiple people 2771 N Lincoln Ave, Chicago, IL 60614]]></address>
        <description><![CDATA[Type: Bar<br>Neighborhood: Lincoln Park<br>Reviews: billards, pinball, $1 beer Mondays!<br>rec'd by multiple people<br>Address: 2771 N Lincoln Ave, Chicago, IL 60614]]></description>
        <styleUrl>#icon-1899-097138</styleUrl>
        <ExtendedData>
          <Data name="Type">
            <value>Bar</value>
          </Data>
          <Data name="Neighborhood">
            <value>Lincoln Park</value>
          </Data>
          <Data name="Reviews">
            <value><![CDATA[billards, pinball, $1 beer Mondays!
rec'd by multiple people]]></value>
          </Data>
          <Data name="Address">
            <value>2771 N Lincoln Ave, Chicago, IL 60614</value>
          </Data>
        </ExtendedData>
      </Placemark>
      <Placemark>
        <name>Galway Bay</name>
        <address>Galway Bay Bar Lincoln Park bilards, darts, free popcorn 500 W Diversey Pkwy, Chicago, IL 60614</address>
        <description><![CDATA[Type: Bar<br>Neighborhood: Lincoln Park<br>Reviews: bilards, darts, free popcorn<br>Address: 500 W Diversey Pkwy, Chicago, IL 60614]]></description>
        <styleUrl>#icon-1899-097138</styleUrl>
        <ExtendedData>
          <Data name="Type">
            <value>Bar</value>
          </Data>
          <Data name="Neighborhood">
            <value>Lincoln Park</value>
          </Data>
          <Data name="Reviews">
            <value>bilards, darts, free popcorn</value>
          </Data>
          <Data name="Address">
            <value>500 W Diversey Pkwy, Chicago, IL 60614</value>
          </Data>
        </ExtendedData>
      </Placemark>
      <Placemark>
        <name>Kibbitznest</name>
        <address><![CDATA[Kibbitznest Bar Lincoln Park board game and reading cafe
has alc too
foosball table hidden in back
rec'd by multiple people 2212 N Clybourn Ave, Chicago, IL 60614]]></address>
        <description><![CDATA[Type: Bar<br>Neighborhood: Lincoln Park<br>Reviews: board game and reading cafe<br>has alc too<br>foosball table hidden in back<br>rec'd by multiple people<br>Address: 2212 N Clybourn Ave, Chicago, IL 60614]]></description>
        <styleUrl>#icon-1899-097138</styleUrl>
        <ExtendedData>
          <Data name="Type">
            <value>Bar</value>
          </Data>
          <Data name="Neighborhood">
            <value>Lincoln Park</value>
          </Data>
          <Data name="Reviews">
            <value><![CDATA[board game and reading cafe
has alc too
foosball table hidden in back
rec'd by multiple people]]></value>
          </Data>
          <Data name="Address">
            <value>2212 N Clybourn Ave, Chicago, IL 60614</value>
          </Data>
        </ExtendedData>
      </Placemark>
      <Placemark>
        <name>Shore Club</name>
        <address><![CDATA[Shore Club Bar Lincoln Park On North Ave Beach
rec'd by multiple people 1603 N Lake Shore Drive, Chicago, IL 60614]]></address>
        <description><![CDATA[Type: Bar<br>Neighborhood: Lincoln Park<br>Reviews: On North Ave Beach<br>rec'd by multiple people<br>Address: 1603 N Lake Shore Drive, Chicago, IL 60614]]></description>
        <styleUrl>#icon-1899-097138</styleUrl>
        <ExtendedData>
          <Data name="Type">
            <value>Bar</value>
          </Data>
          <Data name="Neighborhood">
            <value>Lincoln Park</value>
          </Data>
          <Data name="Reviews">
            <value><![CDATA[On North Ave Beach
rec'd by multiple people]]></value>
          </Data>
          <Data name="Address">
            <value>1603 N Lake Shore Drive, Chicago, IL 60614</value>
          </Data>
        </ExtendedData>
      </Placemark>
      <Placemark>
        <name>The Dime</name>
        <address><![CDATA[The Dime Bar Lincoln Park rec'd by multiple people 2263 N Lincoln Ave, Chicago, IL 60614]]></address>
        <description><![CDATA[Type: Bar<br>Neighborhood: Lincoln Park<br>Reviews: rec'd by multiple people<br>Address: 2263 N Lincoln Ave, Chicago, IL 60614]]></description>
        <styleUrl>#icon-1899-097138</styleUrl>
        <ExtendedData>
          <Data name="Type">
            <value>Bar</value>
          </Data>
          <Data name="Neighborhood">
            <value>Lincoln Park</value>
          </Data>
          <Data name="Reviews">
            <value><![CDATA[rec'd by multiple people]]></value>
          </Data>
          <Data name="Address">
            <value>2263 N Lincoln Ave, Chicago, IL 60614</value>
          </Data>
        </ExtendedData>
      </Placemark>
      <Placemark>
        <name>The Red Lion Pub</name>
        <address>The Red Lion Pub Bar Lincoln Park Bristish-style pub w books and WW2 memorabilia 2446 N Lincoln Ave, Chicago, IL 60614</address>
        <description><![CDATA[Type: Bar<br>Neighborhood: Lincoln Park<br>Reviews: Bristish-style pub w books and WW2 memorabilia<br>Address: 2446 N Lincoln Ave, Chicago, IL 60614]]></description>
        <styleUrl>#icon-1899-097138</styleUrl>
        <ExtendedData>
          <Data name="Type">
            <value>Bar</value>
          </Data>
          <Data name="Neighborhood">
            <value>Lincoln Park</value>
          </Data>
          <Data name="Reviews">
            <value>Bristish-style pub w books and WW2 memorabilia</value>
          </Data>
          <Data name="Address">
            <value>2446 N Lincoln Ave, Chicago, IL 60614</value>
          </Data>
        </ExtendedData>
      </Placemark>
      <Placemark>
        <name>Tin Lizzie</name>
        <address>Tin Lizzie Bar Lincoln Park 2483 N Clark St, Chicago, IL 60614</address>
        <description><![CDATA[Type: Bar<br>Neighborhood: Lincoln Park<br>Reviews: <br>Address: 2483 N Clark St, Chicago, IL 60614]]></description>
        <styleUrl>#icon-1899-097138</styleUrl>
        <ExtendedData>
          <Data name="Type">
            <value>Bar</value>
          </Data>
          <Data name="Neighborhood">
            <value>Lincoln Park</value>
          </Data>
          <Data name="Reviews">
            <value/>
          </Data>
          <Data name="Address">
            <value>2483 N Clark St, Chicago, IL 60614</value>
          </Data>
        </ExtendedData>
      </Placemark>
      <Placemark>
        <name><![CDATA[Batter & Berries]]></name>
        <address><![CDATA[Batter & Berries Brunch Lincoln Park rec'd by multiple people
Get french toast flight 2748 N Lincoln Ave, Chicago, IL 60614]]></address>
        <description><![CDATA[Type: Brunch<br>Neighborhood: Lincoln Park<br>Reviews: rec'd by multiple people<br>Get french toast flight<br>Address: 2748 N Lincoln Ave, Chicago, IL 60614]]></description>
        <styleUrl>#icon-1899-097138</styleUrl>
        <ExtendedData>
          <Data name="Type">
            <value>Brunch</value>
          </Data>
          <Data name="Neighborhood">
            <value>Lincoln Park</value>
          </Data>
          <Data name="Reviews">
            <value><![CDATA[rec'd by multiple people
Get french toast flight]]></value>
          </Data>
          <Data name="Address">
            <value>2748 N Lincoln Ave, Chicago, IL 60614</value>
          </Data>
        </ExtendedData>
      </Placemark>
      <Placemark>
        <name><![CDATA[Jam & Honey]]></name>
        <address><![CDATA[Jam & Honey Brunch Lincoln Park 958 W Webster Ave, Chicago, IL 60614]]></address>
        <description><![CDATA[Type: Brunch<br>Neighborhood: Lincoln Park<br>Reviews: <br>Address: 958 W Webster Ave, Chicago, IL 60614]]></description>
        <styleUrl>#icon-1899-097138</styleUrl>
        <ExtendedData>
          <Data name="Type">
            <value>Brunch</value>
          </Data>
          <Data name="Neighborhood">
            <value>Lincoln Park</value>
          </Data>
          <Data name="Reviews">
            <value/>
          </Data>
          <Data name="Address">
            <value>958 W Webster Ave, Chicago, IL 60614</value>
          </Data>
        </ExtendedData>
      </Placemark>
      <Placemark>
        <name>The Brunchery</name>
        <address>The Brunchery Brunch Lincoln Park 2552 N Clark St, Chicago, IL 60614</address>
        <description><![CDATA[Type: Brunch<br>Neighborhood: Lincoln Park<br>Reviews: <br>Address: 2552 N Clark St, Chicago, IL 60614]]></description>
        <styleUrl>#icon-1899-097138</styleUrl>
        <ExtendedData>
          <Data name="Type">
            <value>Brunch</value>
          </Data>
          <Data name="Neighborhood">
            <value>Lincoln Park</value>
          </Data>
          <Data name="Reviews">
            <value/>
          </Data>
          <Data name="Address">
            <value>2552 N Clark St, Chicago, IL 60614</value>
          </Data>
        </ExtendedData>
      </Placemark>
      <Placemark>
        <name>Bourgeois Pig Cafe</name>
        <address><![CDATA[Bourgeois Pig Cafe Cafe Lincoln Park sandwiches & tea in an old row house setting 738 W Fullerton Ave, Chicago, IL 60614]]></address>
        <description><![CDATA[Type: Cafe<br>Neighborhood: Lincoln Park<br>Reviews: sandwiches & tea in an old row house setting<br>Address: 738 W Fullerton Ave, Chicago, IL 60614]]></description>
        <styleUrl>#icon-1899-097138</styleUrl>
        <ExtendedData>
          <Data name="Type">
            <value>Cafe</value>
          </Data>
          <Data name="Neighborhood">
            <value>Lincoln Park</value>
          </Data>
          <Data name="Reviews">
            <value><![CDATA[sandwiches & tea in an old row house setting]]></value>
          </Data>
          <Data name="Address">
            <value>738 W Fullerton Ave, Chicago, IL 60614</value>
          </Data>
        </ExtendedData>
      </Placemark>
      <Placemark>
        <name>Olor Coffee</name>
        <address>Olor Coffee Cafe Lincoln Park 1013 W Webster Ave, Chicago, IL 60614</address>
        <description><![CDATA[Type: Cafe<br>Neighborhood: Lincoln Park<br>Reviews: <br>Address: 1013 W Webster Ave, Chicago, IL 60614]]></description>
        <styleUrl>#icon-1899-097138</styleUrl>
        <ExtendedData>
          <Data name="Type">
            <value>Cafe</value>
          </Data>
          <Data name="Neighborhood">
            <value>Lincoln Park</value>
          </Data>
          <Data name="Reviews">
            <value/>
          </Data>
          <Data name="Address">
            <value>1013 W Webster Ave, Chicago, IL 60614</value>
          </Data>
        </ExtendedData>
      </Placemark>
      <Placemark>
        <name>Kingston Mines</name>
        <address><![CDATA[Kingston Mines Club Lincoln Park Live music, blues club, open til 4am fri+sat
rec'd by multiple people, Marissa too 2548 N Halsted St, Chicago, IL 60614]]></address>
        <description><![CDATA[Type: Club<br>Neighborhood: Lincoln Park<br>Reviews: Live music, blues club, open til 4am fri+sat<br>rec'd by multiple people, Marissa too<br>Address: 2548 N Halsted St, Chicago, IL 60614]]></description>
        <styleUrl>#icon-1899-097138</styleUrl>
        <ExtendedData>
          <Data name="Type">
            <value>Club</value>
          </Data>
          <Data name="Neighborhood">
            <value>Lincoln Park</value>
          </Data>
          <Data name="Reviews">
            <value><![CDATA[Live music, blues club, open til 4am fri+sat
rec'd by multiple people, Marissa too]]></value>
          </Data>
          <Data name="Address">
            <value>2548 N Halsted St, Chicago, IL 60614</value>
          </Data>
        </ExtendedData>
      </Placemark>
      <Placemark>
        <name>2AM Izakaya</name>
        <address>2AM Izakaya Restaurant Lincoln Park get skewers, open til 2am 2218 N Lincoln Ave, Chicago, IL 60614</address>
        <description><![CDATA[Type: Restaurant<br>Neighborhood: Lincoln Park<br>Reviews: get skewers, open til 2am<br>Address: 2218 N Lincoln Ave, Chicago, IL 60614]]></description>
        <styleUrl>#icon-1899-097138</styleUrl>
        <ExtendedData>
          <Data name="Type">
            <value>Restaurant</value>
          </Data>
          <Data name="Neighborhood">
            <value>Lincoln Park</value>
          </Data>
          <Data name="Reviews">
            <value>get skewers, open til 2am</value>
          </Data>
          <Data name="Address">
            <value>2218 N Lincoln Ave, Chicago, IL 60614</value>
          </Data>
        </ExtendedData>
      </Placemark>
      <Placemark>
        <name>Armitage Alehouse</name>
        <address>Armitage Alehouse Restaurant Lincoln Park 1000 W Armitage Ave, Chicago, IL 60614</address>
        <description><![CDATA[Type: Restaurant<br>Neighborhood: Lincoln Park<br>Reviews: <br>Address: 1000 W Armitage Ave, Chicago, IL 60614]]></description>
        <styleUrl>#icon-1899-097138</styleUrl>
        <ExtendedData>
          <Data name="Type">
            <value>Restaurant</value>
          </Data>
          <Data name="Neighborhood">
            <value>Lincoln Park</value>
          </Data>
          <Data name="Reviews">
            <value/>
          </Data>
          <Data name="Address">
            <value>1000 W Armitage Ave, Chicago, IL 60614</value>
          </Data>
        </ExtendedData>
      </Placemark>
      <Placemark>
        <name><![CDATA[Blue Sushi Sake & Grill]]></name>
        <address><![CDATA[Blue Sushi Sake & Grill Restaurant Lincoln Park 2351 N Lincoln Ave, Chicago, IL 60614]]></address>
        <description><![CDATA[Type: Restaurant<br>Neighborhood: Lincoln Park<br>Reviews: <br>Address: 2351 N Lincoln Ave, Chicago, IL 60614]]></description>
        <styleUrl>#icon-1899-097138</styleUrl>
        <ExtendedData>
          <Data name="Type">
            <value>Restaurant</value>
          </Data>
          <Data name="Neighborhood">
            <value>Lincoln Park</value>
          </Data>
          <Data name="Reviews">
            <value/>
          </Data>
          <Data name="Address">
            <value>2351 N Lincoln Ave, Chicago, IL 60614</value>
          </Data>
        </ExtendedData>
      </Placemark>
      <Placemark>
        <name>Cafe Ba-Ba-Reeba</name>
        <address>Cafe Ba-Ba-Reeba Restaurant Lincoln Park 2024 N Halsted St, Chicago, IL 60614</address>
        <description><![CDATA[Type: Restaurant<br>Neighborhood: Lincoln Park<br>Reviews: <br>Address: 2024 N Halsted St, Chicago, IL 60614]]></description>
        <styleUrl>#icon-1899-097138</styleUrl>
        <ExtendedData>
          <Data name="Type">
            <value>Restaurant</value>
          </Data>
          <Data name="Neighborhood">
            <value>Lincoln Park</value>
          </Data>
          <Data name="Reviews">
            <value/>
          </Data>
          <Data name="Address">
            <value>2024 N Halsted St, Chicago, IL 60614</value>
          </Data>
        </ExtendedData>
      </Placemark>
      <Placemark>
        <name>Chengdu Impression</name>
        <address>Chengdu Impression Restaurant Lincoln Park 2545 N Halsted St, Chicago, IL 60614</address>
        <description><![CDATA[Type: Restaurant<br>Neighborhood: Lincoln Park<br>Reviews: <br>Address: 2545 N Halsted St, Chicago, IL 60614]]></description>
        <styleUrl>#icon-1899-097138</styleUrl>
        <ExtendedData>
          <Data name="Type">
            <value>Restaurant</value>
          </Data>
          <Data name="Neighborhood">
            <value>Lincoln Park</value>
          </Data>
          <Data name="Reviews">
            <value/>
          </Data>
          <Data name="Address">
            <value>2545 N Halsted St, Chicago, IL 60614</value>
          </Data>
        </ExtendedData>
      </Placemark>
      <Placemark>
        <name>Evette’s</name>
        <address>Evette’s Restaurant Lincoln Park 350 W Armitage Ave, Chicago, IL 60614</address>
        <description><![CDATA[Type: Restaurant<br>Neighborhood: Lincoln Park<br>Reviews: <br>Address: 350 W Armitage Ave, Chicago, IL 60614]]></description>
        <styleUrl>#icon-1899-097138</styleUrl>
        <ExtendedData>
          <Data name="Type">
            <value>Restaurant</value>
          </Data>
          <Data name="Neighborhood">
            <value>Lincoln Park</value>
          </Data>
          <Data name="Reviews">
            <value/>
          </Data>
          <Data name="Address">
            <value>350 W Armitage Ave, Chicago, IL 60614</value>
          </Data>
        </ExtendedData>
      </Placemark>
      <Placemark>
        <name>Firefly Burger</name>
        <address>Firefly Burger Restaurant Lincoln Park 2412 N Lincoln Ave, Chicago, IL 60614</address>
        <description><![CDATA[Type: Restaurant<br>Neighborhood: Lincoln Park<br>Reviews: <br>Address: 2412 N Lincoln Ave, Chicago, IL 60614]]></description>
        <styleUrl>#icon-1899-097138</styleUrl>
        <ExtendedData>
          <Data name="Type">
            <value>Restaurant</value>
          </Data>
          <Data name="Neighborhood">
            <value>Lincoln Park</value>
          </Data>
          <Data name="Reviews">
            <value/>
          </Data>
          <Data name="Address">
            <value>2412 N Lincoln Ave, Chicago, IL 60614</value>
          </Data>
        </ExtendedData>
      </Placemark>
      <Placemark>
        <name>Galit</name>
        <address>Galit Restaurant Lincoln Park 2429 N Lincoln Ave, Chicago, IL 60614</address>
        <description><![CDATA[Type: Restaurant<br>Neighborhood: Lincoln Park<br>Reviews: <br>Address: 2429 N Lincoln Ave, Chicago, IL 60614]]></description>
        <styleUrl>#icon-1899-097138</styleUrl>
        <ExtendedData>
          <Data name="Type">
            <value>Restaurant</value>
          </Data>
          <Data name="Neighborhood">
            <value>Lincoln Park</value>
          </Data>
          <Data name="Reviews">
            <value/>
          </Data>
          <Data name="Address">
            <value>2429 N Lincoln Ave, Chicago, IL 60614</value>
          </Data>
        </ExtendedData>
      </Placemark>
      <Placemark>
        <name>Homeslice Pizza</name>
        <address>Homeslice Pizza Restaurant Lincoln Park 938 W Webster Ave, Chicago, IL 60614</address>
        <description><![CDATA[Type: Restaurant<br>Neighborhood: Lincoln Park<br>Reviews: <br>Address: 938 W Webster Ave, Chicago, IL 60614]]></description>
        <styleUrl>#icon-1899-097138</styleUrl>
        <ExtendedData>
          <Data name="Type">
            <value>Restaurant</value>
          </Data>
          <Data name="Neighborhood">
            <value>Lincoln Park</value>
          </Data>
          <Data name="Reviews">
            <value/>
          </Data>
          <Data name="Address">
            <value>938 W Webster Ave, Chicago, IL 60614</value>
          </Data>
        </ExtendedData>
      </Placemark>
      <Placemark>
        <name>Kala</name>
        <address>Kala Restaurant Lincoln Park 2523 N Clark St, Chicago, IL 60614</address>
        <description><![CDATA[Type: Restaurant<br>Neighborhood: Lincoln Park<br>Reviews: <br>Address: 2523 N Clark St, Chicago, IL 60614]]></description>
        <styleUrl>#icon-1899-097138</styleUrl>
        <ExtendedData>
          <Data name="Type">
            <value>Restaurant</value>
          </Data>
          <Data name="Neighborhood">
            <value>Lincoln Park</value>
          </Data>
          <Data name="Reviews">
            <value/>
          </Data>
          <Data name="Address">
            <value>2523 N Clark St, Chicago, IL 60614</value>
          </Data>
        </ExtendedData>
      </Placemark>
      <Placemark>
        <name>Kapitan</name>
        <address>Kapitan Restaurant Lincoln Park malaysian restaurant 2142 N Clybourn Ave, Chicago, IL 60614</address>
        <description><![CDATA[Type: Restaurant<br>Neighborhood: Lincoln Park<br>Reviews: malaysian restaurant<br>Address: 2142 N Clybourn Ave, Chicago, IL 60614]]></description>
        <styleUrl>#icon-1899-097138</styleUrl>
        <ExtendedData>
          <Data name="Type">
            <value>Restaurant</value>
          </Data>
          <Data name="Neighborhood">
            <value>Lincoln Park</value>
          </Data>
          <Data name="Reviews">
            <value>malaysian restaurant</value>
          </Data>
          <Data name="Address">
            <value>2142 N Clybourn Ave, Chicago, IL 60614</value>
          </Data>
        </ExtendedData>
      </Placemark>
      <Placemark>
        <name>Mazala Pizza</name>
        <address>Mazala Pizza Restaurant Lincoln Park 2312 N Lincoln Ave, Chicago, IL 60614</address>
        <description><![CDATA[Type: Restaurant<br>Neighborhood: Lincoln Park<br>Reviews: <br>Address: 2312 N Lincoln Ave, Chicago, IL 60614]]></description>
        <styleUrl>#icon-1899-097138</styleUrl>
        <ExtendedData>
          <Data name="Type">
            <value>Restaurant</value>
          </Data>
          <Data name="Neighborhood">
            <value>Lincoln Park</value>
          </Data>
          <Data name="Reviews">
            <value/>
          </Data>
          <Data name="Address">
            <value>2312 N Lincoln Ave, Chicago, IL 60614</value>
          </Data>
        </ExtendedData>
      </Placemark>
      <Placemark>
        <name>Medi</name>
        <address>Medi Restaurant Lincoln Park 2138 N Halsted St, Chicago, IL 60614</address>
        <description><![CDATA[Type: Restaurant<br>Neighborhood: Lincoln Park<br>Reviews: <br>Address: 2138 N Halsted St, Chicago, IL 60614]]></description>
        <styleUrl>#icon-1899-097138</styleUrl>
        <ExtendedData>
          <Data name="Type">
            <value>Restaurant</value>
          </Data>
          <Data name="Neighborhood">
            <value>Lincoln Park</value>
          </Data>
          <Data name="Reviews">
            <value/>
          </Data>
          <Data name="Address">
            <value>2138 N Halsted St, Chicago, IL 60614</value>
          </Data>
        </ExtendedData>
      </Placemark>
      <Placemark>
        <name><![CDATA[Peaquod's Pizza]]></name>
        <address><![CDATA[Peaquod's Pizza Restaurant Lincoln Park Chicago staple 2207 N Clybourn Ave, Chicago, IL 60614]]></address>
        <description><![CDATA[Type: Restaurant<br>Neighborhood: Lincoln Park<br>Reviews: Chicago staple<br>Address: 2207 N Clybourn Ave, Chicago, IL 60614]]></description>
        <styleUrl>#icon-1899-097138</styleUrl>
        <ExtendedData>
          <Data name="Type">
            <value>Restaurant</value>
          </Data>
          <Data name="Neighborhood">
            <value>Lincoln Park</value>
          </Data>
          <Data name="Reviews">
            <value>Chicago staple</value>
          </Data>
          <Data name="Address">
            <value>2207 N Clybourn Ave, Chicago, IL 60614</value>
          </Data>
        </ExtendedData>
      </Placemark>
      <Placemark>
        <name>Ranalli’s Pizza</name>
        <address>Ranalli’s Pizza Restaurant Lincoln Park 1925 N Lincoln Ave, Chicago, IL 60614</address>
        <description><![CDATA[Type: Restaurant<br>Neighborhood: Lincoln Park<br>Reviews: <br>Address: 1925 N Lincoln Ave, Chicago, IL 60614]]></description>
        <styleUrl>#icon-1899-097138</styleUrl>
        <ExtendedData>
          <Data name="Type">
            <value>Restaurant</value>
          </Data>
          <Data name="Neighborhood">
            <value>Lincoln Park</value>
          </Data>
          <Data name="Reviews">
            <value/>
          </Data>
          <Data name="Address">
            <value>1925 N Lincoln Ave, Chicago, IL 60614</value>
          </Data>
        </ExtendedData>
      </Placemark>
      <Placemark>
        <name>Sai Cafe</name>
        <address>Sai Cafe Restaurant Lincoln Park 1114 W Armitage Ave, Chicago, IL 60614</address>
        <description><![CDATA[Type: Restaurant<br>Neighborhood: Lincoln Park<br>Reviews: <br>Address: 1114 W Armitage Ave, Chicago, IL 60614]]></description>
        <styleUrl>#icon-1899-097138</styleUrl>
        <ExtendedData>
          <Data name="Type">
            <value>Restaurant</value>
          </Data>
          <Data name="Neighborhood">
            <value>Lincoln Park</value>
          </Data>
          <Data name="Reviews">
            <value/>
          </Data>
          <Data name="Address">
            <value>1114 W Armitage Ave, Chicago, IL 60614</value>
          </Data>
        </ExtendedData>
      </Placemark>
      <Placemark>
        <name>Sapori Trattoria</name>
        <address>Sapori Trattoria Restaurant Lincoln Park 2701 N Halsted St, Chicago, IL 60614</address>
        <description><![CDATA[Type: Restaurant<br>Neighborhood: Lincoln Park<br>Reviews: <br>Address: 2701 N Halsted St, Chicago, IL 60614]]></description>
        <styleUrl>#icon-1899-097138</styleUrl>
        <ExtendedData>
          <Data name="Type">
            <value>Restaurant</value>
          </Data>
          <Data name="Neighborhood">
            <value>Lincoln Park</value>
          </Data>
          <Data name="Reviews">
            <value/>
          </Data>
          <Data name="Address">
            <value>2701 N Halsted St, Chicago, IL 60614</value>
          </Data>
        </ExtendedData>
      </Placemark>
      <Placemark>
        <name>Summer House Santa Monica</name>
        <address>Summer House Santa Monica Restaurant Lincoln Park $5 wine, $10 bottomless fries during happy hr 1954 N Halsted St, Chicago, IL 60614</address>
        <description><![CDATA[Type: Restaurant<br>Neighborhood: Lincoln Park<br>Reviews: $5 wine, $10 bottomless fries during happy hr<br>Address: 1954 N Halsted St, Chicago, IL 60614]]></description>
        <styleUrl>#icon-1899-097138</styleUrl>
        <ExtendedData>
          <Data name="Type">
            <value>Restaurant</value>
          </Data>
          <Data name="Neighborhood">
            <value>Lincoln Park</value>
          </Data>
          <Data name="Reviews">
            <value>$5 wine, $10 bottomless fries during happy hr</value>
          </Data>
          <Data name="Address">
            <value>1954 N Halsted St, Chicago, IL 60614</value>
          </Data>
        </ExtendedData>
      </Placemark>
      <Placemark>
        <name>Sushi Taku</name>
        <address>Sushi Taku Restaurant Lincoln Park 935 W Webster Ave, Chicago, IL 60614</address>
        <description><![CDATA[Type: Restaurant<br>Neighborhood: Lincoln Park<br>Reviews: <br>Address: 935 W Webster Ave, Chicago, IL 60614]]></description>
        <styleUrl>#icon-1899-097138</styleUrl>
        <ExtendedData>
          <Data name="Type">
            <value>Restaurant</value>
          </Data>
          <Data name="Neighborhood">
            <value>Lincoln Park</value>
          </Data>
          <Data name="Reviews">
            <value/>
          </Data>
          <Data name="Address">
            <value>935 W Webster Ave, Chicago, IL 60614</value>
          </Data>
        </ExtendedData>
      </Placemark>
      <Placemark>
        <name>Tanaka Ramen</name>
        <address>Tanaka Ramen Restaurant Lincoln Park 553 W Diversey Pkwy, Chicago, IL 60614</address>
        <description><![CDATA[Type: Restaurant<br>Neighborhood: Lincoln Park<br>Reviews: <br>Address: 553 W Diversey Pkwy, Chicago, IL 60614]]></description>
        <styleUrl>#icon-1899-097138</styleUrl>
        <ExtendedData>
          <Data name="Type">
            <value>Restaurant</value>
          </Data>
          <Data name="Neighborhood">
            <value>Lincoln Park</value>
          </Data>
          <Data name="Reviews">
            <value/>
          </Data>
          <Data name="Address">
            <value>553 W Diversey Pkwy, Chicago, IL 60614</value>
          </Data>
        </ExtendedData>
      </Placemark>
      <Placemark>
        <name><![CDATA[Weiner's Circle]]></name>
        <address><![CDATA[Weiner's Circle Restaurant Lincoln Park Chicago staple 2622 N Clark St, Chicago, IL 60614]]></address>
        <description><![CDATA[Type: Restaurant<br>Neighborhood: Lincoln Park<br>Reviews: Chicago staple<br>Address: 2622 N Clark St, Chicago, IL 60614]]></description>
        <styleUrl>#icon-1899-097138</styleUrl>
        <ExtendedData>
          <Data name="Type">
            <value>Restaurant</value>
          </Data>
          <Data name="Neighborhood">
            <value>Lincoln Park</value>
          </Data>
          <Data name="Reviews">
            <value>Chicago staple</value>
          </Data>
          <Data name="Address">
            <value>2622 N Clark St, Chicago, IL 60614</value>
          </Data>
        </ExtendedData>
      </Placemark>
      <Placemark>
        <name>Yaya Mas Greek Kuzina</name>
        <address>Yaya Mas Greek Kuzina Restaurant Lincoln Park Best chicken souvlaki 1755 N Sheffield Ave, Chicago, IL 60614</address>
        <description><![CDATA[Type: Restaurant<br>Neighborhood: Lincoln Park<br>Reviews: Best chicken souvlaki<br>Address: 1755 N Sheffield Ave, Chicago, IL 60614]]></description>
        <styleUrl>#icon-1899-097138</styleUrl>
        <ExtendedData>
          <Data name="Type">
            <value>Restaurant</value>
          </Data>
          <Data name="Neighborhood">
            <value>Lincoln Park</value>
          </Data>
          <Data name="Reviews">
            <value>Best chicken souvlaki</value>
          </Data>
          <Data name="Address">
            <value>1755 N Sheffield Ave, Chicago, IL 60614</value>
          </Data>
        </ExtendedData>
      </Placemark>
      <Placemark>
        <name>Blue Door Farm Stand</name>
        <address>Blue Door Farm Stand Snack Lincoln Park 2010 N Halsted St, Chicago, IL 60614</address>
        <description><![CDATA[Type: Snack<br>Neighborhood: Lincoln Park<br>Reviews: <br>Address: 2010 N Halsted St, Chicago, IL 60614]]></description>
        <styleUrl>#icon-1899-097138</styleUrl>
        <ExtendedData>
          <Data name="Type">
            <value>Snack</value>
          </Data>
          <Data name="Neighborhood">
            <value>Lincoln Park</value>
          </Data>
          <Data name="Reviews">
            <value/>
          </Data>
          <Data name="Address">
            <value>2010 N Halsted St, Chicago, IL 60614</value>
          </Data>
        </ExtendedData>
      </Placemark>
      <Placemark>
        <name><![CDATA[Sweet Mandy B's]]></name>
        <address><![CDATA[Sweet Mandy B's Snack Lincoln Park 1208 W Webster Ave, Chicago, IL 60614]]></address>
        <description><![CDATA[Type: Snack<br>Neighborhood: Lincoln Park<br>Reviews: <br>Address: 1208 W Webster Ave, Chicago, IL 60614]]></description>
        <styleUrl>#icon-1899-097138</styleUrl>
        <ExtendedData>
          <Data name="Type">
            <value>Snack</value>
          </Data>
          <Data name="Neighborhood">
            <value>Lincoln Park</value>
          </Data>
          <Data name="Reviews">
            <value/>
          </Data>
          <Data name="Address">
            <value>1208 W Webster Ave, Chicago, IL 60614</value>
          </Data>
        </ExtendedData>
      </Placemark>
      <Placemark>
        <name><![CDATA[Gene's Sausage Shop]]></name>
        <address><![CDATA[Gene's Sausage Shop Market Lincoln Square Has a bunch of German sausages, pastries, and alcohol 4750 N Lincoln Ave, Chicago, IL 60625]]></address>
        <description><![CDATA[Type: Market<br>Neighborhood: Lincoln Square<br>Reviews: Has a bunch of German sausages, pastries, and alcohol<br>Address: 4750 N Lincoln Ave, Chicago, IL 60625]]></description>
        <styleUrl>#icon-1899-BDBDBD</styleUrl>
        <ExtendedData>
          <Data name="Type">
            <value>Market</value>
          </Data>
          <Data name="Neighborhood">
            <value>Lincoln Square</value>
          </Data>
          <Data name="Reviews">
            <value>Has a bunch of German sausages, pastries, and alcohol</value>
          </Data>
          <Data name="Address">
            <value>4750 N Lincoln Ave, Chicago, IL 60625</value>
          </Data>
        </ExtendedData>
      </Placemark>
      <Placemark>
        <name><![CDATA[Anna's Thai Kitchen]]></name>
        <address><![CDATA[Anna's Thai Kitchen Restaurant Lincoln Square 1828 W Montrose Ave, Chicago, IL 60613]]></address>
        <description><![CDATA[Type: Restaurant<br>Neighborhood: Lincoln Square<br>Reviews: <br>Address: 1828 W Montrose Ave, Chicago, IL 60613]]></description>
        <styleUrl>#icon-1899-BDBDBD</styleUrl>
        <ExtendedData>
          <Data name="Type">
            <value>Restaurant</value>
          </Data>
          <Data name="Neighborhood">
            <value>Lincoln Square</value>
          </Data>
          <Data name="Reviews">
            <value/>
          </Data>
          <Data name="Address">
            <value>1828 W Montrose Ave, Chicago, IL 60613</value>
          </Data>
        </ExtendedData>
      </Placemark>
      <Placemark>
        <name>Bloop Bloop</name>
        <address>Bloop Bloop Restaurant Lincoln Square $1 sushi balls 2205 W Montrose Ave, Chicago, IL 60618</address>
        <description><![CDATA[Type: Restaurant<br>Neighborhood: Lincoln Square<br>Reviews: $1 sushi balls<br>Address: 2205 W Montrose Ave, Chicago, IL 60618]]></description>
        <styleUrl>#icon-1899-BDBDBD</styleUrl>
        <ExtendedData>
          <Data name="Type">
            <value>Restaurant</value>
          </Data>
          <Data name="Neighborhood">
            <value>Lincoln Square</value>
          </Data>
          <Data name="Reviews">
            <value>$1 sushi balls</value>
          </Data>
          <Data name="Address">
            <value>2205 W Montrose Ave, Chicago, IL 60618</value>
          </Data>
        </ExtendedData>
      </Placemark>
      <Placemark>
        <name>Shanghai Inn</name>
        <address>Shanghai Inn Restaurant Lincoln Square 4723 N Damen Ave, Chicago, IL 60625</address>
        <description><![CDATA[Type: Restaurant<br>Neighborhood: Lincoln Square<br>Reviews: <br>Address: 4723 N Damen Ave, Chicago, IL 60625]]></description>
        <styleUrl>#icon-1899-BDBDBD</styleUrl>
        <ExtendedData>
          <Data name="Type">
            <value>Restaurant</value>
          </Data>
          <Data name="Neighborhood">
            <value>Lincoln Square</value>
          </Data>
          <Data name="Reviews">
            <value/>
          </Data>
          <Data name="Address">
            <value>4723 N Damen Ave, Chicago, IL 60625</value>
          </Data>
        </ExtendedData>
      </Placemark>
      <Placemark>
        <name><![CDATA[Margie's Candies]]></name>
        <address><![CDATA[Margie's Candies Snack Lincoln Square 1813 W Montrose Ave, Chicago, IL 60613]]></address>
        <description><![CDATA[Type: Snack<br>Neighborhood: Lincoln Square<br>Reviews: <br>Address: 1813 W Montrose Ave, Chicago, IL 60613]]></description>
        <styleUrl>#icon-1899-BDBDBD</styleUrl>
        <ExtendedData>
          <Data name="Type">
            <value>Snack</value>
          </Data>
          <Data name="Neighborhood">
            <value>Lincoln Square</value>
          </Data>
          <Data name="Reviews">
            <value/>
          </Data>
          <Data name="Address">
            <value>1813 W Montrose Ave, Chicago, IL 60613</value>
          </Data>
        </ExtendedData>
      </Placemark>
      <Placemark>
        <name>The Matcha Bar @Kurimu</name>
        <address>The Matcha Bar @Kurimu Cafe Little Italy 1424 W Taylor St, Chicago, IL 60607</address>
        <description><![CDATA[Type: Cafe<br>Neighborhood: Little Italy<br>Reviews: <br>Address: 1424 W Taylor St, Chicago, IL 60607]]></description>
        <styleUrl>#icon-1899-BDBDBD</styleUrl>
        <ExtendedData>
          <Data name="Type">
            <value>Cafe</value>
          </Data>
          <Data name="Neighborhood">
            <value>Little Italy</value>
          </Data>
          <Data name="Reviews">
            <value/>
          </Data>
          <Data name="Address">
            <value>1424 W Taylor St, Chicago, IL 60607</value>
          </Data>
        </ExtendedData>
      </Placemark>
      <Placemark>
        <name>Chilangos</name>
        <address>Chilangos Restaurant Little Italy best nachos 1437 W Taylor St Suite 1, Chicago, IL 60607</address>
        <description><![CDATA[Type: Restaurant<br>Neighborhood: Little Italy<br>Reviews: best nachos<br>Address: 1437 W Taylor St Suite 1, Chicago, IL 60607]]></description>
        <styleUrl>#icon-1899-BDBDBD</styleUrl>
        <ExtendedData>
          <Data name="Type">
            <value>Restaurant</value>
          </Data>
          <Data name="Neighborhood">
            <value>Little Italy</value>
          </Data>
          <Data name="Reviews">
            <value>best nachos</value>
          </Data>
          <Data name="Address">
            <value>1437 W Taylor St Suite 1, Chicago, IL 60607</value>
          </Data>
        </ExtendedData>
      </Placemark>
      <Placemark>
        <name>Navigator Taproom</name>
        <address>Navigator Taproom Bar Logan Square Drinks on tap on the wall 2211 N Milwaukee Ave, Chicago, IL 60647</address>
        <description><![CDATA[Type: Bar<br>Neighborhood: Logan Square<br>Reviews: Drinks on tap on the wall<br>Address: 2211 N Milwaukee Ave, Chicago, IL 60647]]></description>
        <styleUrl>#icon-1899-FFEA00</styleUrl>
        <ExtendedData>
          <Data name="Type">
            <value>Bar</value>
          </Data>
          <Data name="Neighborhood">
            <value>Logan Square</value>
          </Data>
          <Data name="Reviews">
            <value>Drinks on tap on the wall</value>
          </Data>
          <Data name="Address">
            <value>2211 N Milwaukee Ave, Chicago, IL 60647</value>
          </Data>
        </ExtendedData>
      </Placemark>
      <Placemark>
        <name>The Moonlighter</name>
        <address>The Moonlighter Bar Logan Square 3204 W Armitage Ave, Chicago, IL 60647</address>
        <description><![CDATA[Type: Bar<br>Neighborhood: Logan Square<br>Reviews: <br>Address: 3204 W Armitage Ave, Chicago, IL 60647]]></description>
        <styleUrl>#icon-1899-FFEA00</styleUrl>
        <ExtendedData>
          <Data name="Type">
            <value>Bar</value>
          </Data>
          <Data name="Neighborhood">
            <value>Logan Square</value>
          </Data>
          <Data name="Reviews">
            <value/>
          </Data>
          <Data name="Address">
            <value>3204 W Armitage Ave, Chicago, IL 60647</value>
          </Data>
        </ExtendedData>
      </Placemark>
      <Placemark>
        <name>Dayglow</name>
        <address>Dayglow Cafe Logan Square 1757 N Kimball Ave, Chicago, IL 60647</address>
        <description><![CDATA[Type: Cafe<br>Neighborhood: Logan Square<br>Reviews: <br>Address: 1757 N Kimball Ave, Chicago, IL 60647]]></description>
        <styleUrl>#icon-1899-FFEA00</styleUrl>
        <ExtendedData>
          <Data name="Type">
            <value>Cafe</value>
          </Data>
          <Data name="Neighborhood">
            <value>Logan Square</value>
          </Data>
          <Data name="Reviews">
            <value/>
          </Data>
          <Data name="Address">
            <value>1757 N Kimball Ave, Chicago, IL 60647</value>
          </Data>
        </ExtendedData>
      </Placemark>
      <Placemark>
        <name>Gaslight Coffee</name>
        <address>Gaslight Coffee Cafe Logan Square 2385 N Milwaukee Ave, Chicago, IL 60647</address>
        <description><![CDATA[Type: Cafe<br>Neighborhood: Logan Square<br>Reviews: <br>Address: 2385 N Milwaukee Ave, Chicago, IL 60647]]></description>
        <styleUrl>#icon-1899-FFEA00</styleUrl>
        <ExtendedData>
          <Data name="Type">
            <value>Cafe</value>
          </Data>
          <Data name="Neighborhood">
            <value>Logan Square</value>
          </Data>
          <Data name="Reviews">
            <value/>
          </Data>
          <Data name="Address">
            <value>2385 N Milwaukee Ave, Chicago, IL 60647</value>
          </Data>
        </ExtendedData>
      </Placemark>
      <Placemark>
        <name>Jibaritos y Más</name>
        <address><![CDATA[Jibaritos y Más Restaurant Logan Square rec'd by multiple people
authentic PR food, Emily rec'd 3400 W Fullerton Ave, Chicago, IL 60647]]></address>
        <description><![CDATA[Type: Restaurant<br>Neighborhood: Logan Square<br>Reviews: rec'd by multiple people<br>authentic PR food, Emily rec'd<br>Address: 3400 W Fullerton Ave, Chicago, IL 60647]]></description>
        <styleUrl>#icon-1899-FFEA00</styleUrl>
        <ExtendedData>
          <Data name="Type">
            <value>Restaurant</value>
          </Data>
          <Data name="Neighborhood">
            <value>Logan Square</value>
          </Data>
          <Data name="Reviews">
            <value><![CDATA[rec'd by multiple people
authentic PR food, Emily rec'd]]></value>
          </Data>
          <Data name="Address">
            <value>3400 W Fullerton Ave, Chicago, IL 60647</value>
          </Data>
        </ExtendedData>
      </Placemark>
      <Placemark>
        <name><![CDATA[Paulie Gee's Pizza]]></name>
        <address><![CDATA[Paulie Gee's Pizza Restaurant Logan Square 2451 N Milwaukee Ave, Chicago, IL 60647]]></address>
        <description><![CDATA[Type: Restaurant<br>Neighborhood: Logan Square<br>Reviews: <br>Address: 2451 N Milwaukee Ave, Chicago, IL 60647]]></description>
        <styleUrl>#icon-1899-FFEA00</styleUrl>
        <ExtendedData>
          <Data name="Type">
            <value>Restaurant</value>
          </Data>
          <Data name="Neighborhood">
            <value>Logan Square</value>
          </Data>
          <Data name="Reviews">
            <value/>
          </Data>
          <Data name="Address">
            <value>2451 N Milwaukee Ave, Chicago, IL 60647</value>
          </Data>
        </ExtendedData>
      </Placemark>
      <Placemark>
        <name>Pizza Lobo</name>
        <address>Pizza Lobo Restaurant Logan Square 3000 W Fullerton Ave, Chicago, IL 60647</address>
        <description><![CDATA[Type: Restaurant<br>Neighborhood: Logan Square<br>Reviews: <br>Address: 3000 W Fullerton Ave, Chicago, IL 60647]]></description>
        <styleUrl>#icon-1899-FFEA00</styleUrl>
        <ExtendedData>
          <Data name="Type">
            <value>Restaurant</value>
          </Data>
          <Data name="Neighborhood">
            <value>Logan Square</value>
          </Data>
          <Data name="Reviews">
            <value/>
          </Data>
          <Data name="Address">
            <value>3000 W Fullerton Ave, Chicago, IL 60647</value>
          </Data>
        </ExtendedData>
      </Placemark>
      <Placemark>
        <name>Ramen Wasabi </name>
        <address>Ramen Wasabi  Restaurant Logan Square 2101 N Milwaukee Ave, Chicago, IL 60647</address>
        <description><![CDATA[Type: Restaurant<br>Neighborhood: Logan Square<br>Reviews: <br>Address: 2101 N Milwaukee Ave, Chicago, IL 60647]]></description>
        <styleUrl>#icon-1899-FFEA00</styleUrl>
        <ExtendedData>
          <Data name="Type">
            <value>Restaurant</value>
          </Data>
          <Data name="Neighborhood">
            <value>Logan Square</value>
          </Data>
          <Data name="Reviews">
            <value/>
          </Data>
          <Data name="Address">
            <value>2101 N Milwaukee Ave, Chicago, IL 60647</value>
          </Data>
        </ExtendedData>
      </Placemark>
      <Placemark>
        <name>Sushi Taku</name>
        <address>Sushi Taku Restaurant Logan Square 2283 N Milwaukee Ave, Chicago, IL 60647</address>
        <description><![CDATA[Type: Restaurant<br>Neighborhood: Logan Square<br>Reviews: <br>Address: 2283 N Milwaukee Ave, Chicago, IL 60647]]></description>
        <styleUrl>#icon-1899-FFEA00</styleUrl>
        <ExtendedData>
          <Data name="Type">
            <value>Restaurant</value>
          </Data>
          <Data name="Neighborhood">
            <value>Logan Square</value>
          </Data>
          <Data name="Reviews">
            <value/>
          </Data>
          <Data name="Address">
            <value>2283 N Milwaukee Ave, Chicago, IL 60647</value>
          </Data>
        </ExtendedData>
      </Placemark>
      <Placemark>
        <name>AceBounce</name>
        <address><![CDATA[AceBounce Bar Loop Ping pong bar coworkers were telling me about
rec'd by multiple people 230 N Clark St, Chicago, IL 60601]]></address>
        <description><![CDATA[Type: Bar<br>Neighborhood: Loop<br>Reviews: Ping pong bar coworkers were telling me about<br>rec'd by multiple people<br>Address: 230 N Clark St, Chicago, IL 60601]]></description>
        <styleUrl>#icon-1899-795548</styleUrl>
        <ExtendedData>
          <Data name="Type">
            <value>Bar</value>
          </Data>
          <Data name="Neighborhood">
            <value>Loop</value>
          </Data>
          <Data name="Reviews">
            <value><![CDATA[Ping pong bar coworkers were telling me about
rec'd by multiple people]]></value>
          </Data>
          <Data name="Address">
            <value>230 N Clark St, Chicago, IL 60601</value>
          </Data>
        </ExtendedData>
      </Placemark>
      <Placemark>
        <name>Aire</name>
        <address>Aire Bar Loop Temp. closed 100 W Monroe St Floor 24, Chicago, IL 60603</address>
        <description><![CDATA[Type: Bar<br>Neighborhood: Loop<br>Reviews: Temp. closed<br>Address: 100 W Monroe St Floor 24, Chicago, IL 60603]]></description>
        <styleUrl>#icon-1899-795548</styleUrl>
        <ExtendedData>
          <Data name="Type">
            <value>Bar</value>
          </Data>
          <Data name="Neighborhood">
            <value>Loop</value>
          </Data>
          <Data name="Reviews">
            <value>Temp. closed</value>
          </Data>
          <Data name="Address">
            <value>100 W Monroe St Floor 24, Chicago, IL 60603</value>
          </Data>
        </ExtendedData>
      </Placemark>
      <Placemark>
        <name>Cindy’s Rooftop</name>
        <address><![CDATA[Cindy’s Rooftop Bar Loop rec'd by multiple people 12 S Michigan Ave, Chicago, IL 60603]]></address>
        <description><![CDATA[Type: Bar<br>Neighborhood: Loop<br>Reviews: rec'd by multiple people<br>Address: 12 S Michigan Ave, Chicago, IL 60603]]></description>
        <styleUrl>#icon-1899-795548</styleUrl>
        <ExtendedData>
          <Data name="Type">
            <value>Bar</value>
          </Data>
          <Data name="Neighborhood">
            <value>Loop</value>
          </Data>
          <Data name="Reviews">
            <value><![CDATA[rec'd by multiple people]]></value>
          </Data>
          <Data name="Address">
            <value>12 S Michigan Ave, Chicago, IL 60603</value>
          </Data>
        </ExtendedData>
      </Placemark>
      <Placemark>
        <name>Kinsley</name>
        <address>Kinsley Bar Loop $6 wings, $5 beer and wine happy hour 1 N Wacker Dr, Chicago, IL 60606</address>
        <description><![CDATA[Type: Bar<br>Neighborhood: Loop<br>Reviews: $6 wings, $5 beer and wine happy hour<br>Address: 1 N Wacker Dr, Chicago, IL 60606]]></description>
        <styleUrl>#icon-1899-795548</styleUrl>
        <ExtendedData>
          <Data name="Type">
            <value>Bar</value>
          </Data>
          <Data name="Neighborhood">
            <value>Loop</value>
          </Data>
          <Data name="Reviews">
            <value>$6 wings, $5 beer and wine happy hour</value>
          </Data>
          <Data name="Address">
            <value>1 N Wacker Dr, Chicago, IL 60606</value>
          </Data>
        </ExtendedData>
      </Placemark>
      <Placemark>
        <name>LH Rooftop</name>
        <address><![CDATA[LH Rooftop Bar Loop rec'd by multiple people
dj's on weekends 85 E Wacker Dr, Chicago, IL 60601]]></address>
        <description><![CDATA[Type: Bar<br>Neighborhood: Loop<br>Reviews: rec'd by multiple people<br>dj's on weekends<br>Address: 85 E Wacker Dr, Chicago, IL 60601]]></description>
        <styleUrl>#icon-1899-795548</styleUrl>
        <ExtendedData>
          <Data name="Type">
            <value>Bar</value>
          </Data>
          <Data name="Neighborhood">
            <value>Loop</value>
          </Data>
          <Data name="Reviews">
            <value><![CDATA[rec'd by multiple people
dj's on weekends]]></value>
          </Data>
          <Data name="Address">
            <value>85 E Wacker Dr, Chicago, IL 60601</value>
          </Data>
        </ExtendedData>
      </Placemark>
      <Placemark>
        <name>Raised Chicago</name>
        <address>Raised Chicago Bar Loop nice rooftop bar 1 W Upper Wacker Drive, Chicago, IL 60601</address>
        <description><![CDATA[Type: Bar<br>Neighborhood: Loop<br>Reviews: nice rooftop bar<br>Address: 1 W Upper Wacker Drive, Chicago, IL 60601]]></description>
        <styleUrl>#icon-1899-795548</styleUrl>
        <ExtendedData>
          <Data name="Type">
            <value>Bar</value>
          </Data>
          <Data name="Neighborhood">
            <value>Loop</value>
          </Data>
          <Data name="Reviews">
            <value>nice rooftop bar</value>
          </Data>
          <Data name="Address">
            <value>1 W Upper Wacker Drive, Chicago, IL 60601</value>
          </Data>
        </ExtendedData>
      </Placemark>
      <Placemark>
        <name>ROOF on the Wit</name>
        <address><![CDATA[ROOF on the Wit Bar Loop rec'd by multiple people 201 N State St, Chicago, IL 60601]]></address>
        <description><![CDATA[Type: Bar<br>Neighborhood: Loop<br>Reviews: rec'd by multiple people<br>Address: 201 N State St, Chicago, IL 60601]]></description>
        <styleUrl>#icon-1899-795548</styleUrl>
        <ExtendedData>
          <Data name="Type">
            <value>Bar</value>
          </Data>
          <Data name="Neighborhood">
            <value>Loop</value>
          </Data>
          <Data name="Reviews">
            <value><![CDATA[rec'd by multiple people]]></value>
          </Data>
          <Data name="Address">
            <value>201 N State St, Chicago, IL 60601</value>
          </Data>
        </ExtendedData>
      </Placemark>
      <Placemark>
        <name>Sky Ride Tap</name>
        <address>Sky Ride Tap Bar Loop 105 W Van Buren St, Chicago, IL 60605</address>
        <description><![CDATA[Type: Bar<br>Neighborhood: Loop<br>Reviews: <br>Address: 105 W Van Buren St, Chicago, IL 60605]]></description>
        <styleUrl>#icon-1899-795548</styleUrl>
        <ExtendedData>
          <Data name="Type">
            <value>Bar</value>
          </Data>
          <Data name="Neighborhood">
            <value>Loop</value>
          </Data>
          <Data name="Reviews">
            <value/>
          </Data>
          <Data name="Address">
            <value>105 W Van Buren St, Chicago, IL 60605</value>
          </Data>
        </ExtendedData>
      </Placemark>
      <Placemark>
        <name><![CDATA[Stocks & Blondes]]></name>
        <address><![CDATA[Stocks & Blondes Bar Loop Allen: good happy hr deals, dive bar  vibes 40 N Wells St, Chicago, IL 60606]]></address>
        <description><![CDATA[Type: Bar<br>Neighborhood: Loop<br>Reviews: Allen: good happy hr deals, dive bar  vibes<br>Address: 40 N Wells St, Chicago, IL 60606]]></description>
        <styleUrl>#icon-1899-795548</styleUrl>
        <ExtendedData>
          <Data name="Type">
            <value>Bar</value>
          </Data>
          <Data name="Neighborhood">
            <value>Loop</value>
          </Data>
          <Data name="Reviews">
            <value>Allen: good happy hr deals, dive bar  vibes</value>
          </Data>
          <Data name="Address">
            <value>40 N Wells St, Chicago, IL 60606</value>
          </Data>
        </ExtendedData>
      </Placemark>
      <Placemark>
        <name>Cafecito</name>
        <address>Cafecito Brunch Loop 26 E Congress Pkwy, Chicago, IL 60605</address>
        <description><![CDATA[Type: Brunch<br>Neighborhood: Loop<br>Reviews: <br>Address: 26 E Congress Pkwy, Chicago, IL 60605]]></description>
        <styleUrl>#icon-1899-795548</styleUrl>
        <ExtendedData>
          <Data name="Type">
            <value>Brunch</value>
          </Data>
          <Data name="Neighborhood">
            <value>Loop</value>
          </Data>
          <Data name="Reviews">
            <value/>
          </Data>
          <Data name="Address">
            <value>26 E Congress Pkwy, Chicago, IL 60605</value>
          </Data>
        </ExtendedData>
      </Placemark>
      <Placemark>
        <name>Cafecito</name>
        <address>Cafecito Brunch Loop 7 N Wells St, Chicago, IL 60606</address>
        <description><![CDATA[Type: Brunch<br>Neighborhood: Loop<br>Reviews: <br>Address: 7 N Wells St, Chicago, IL 60606]]></description>
        <styleUrl>#icon-1899-795548</styleUrl>
        <ExtendedData>
          <Data name="Type">
            <value>Brunch</value>
          </Data>
          <Data name="Neighborhood">
            <value>Loop</value>
          </Data>
          <Data name="Reviews">
            <value/>
          </Data>
          <Data name="Address">
            <value>7 N Wells St, Chicago, IL 60606</value>
          </Data>
        </ExtendedData>
      </Placemark>
      <Placemark>
        <name>Wildberry Cafe</name>
        <address>Wildberry Cafe Brunch Loop 130 E Randolph St, Chicago, IL 60602</address>
        <description><![CDATA[Type: Brunch<br>Neighborhood: Loop<br>Reviews: <br>Address: 130 E Randolph St, Chicago, IL 60602]]></description>
        <styleUrl>#icon-1899-795548</styleUrl>
        <ExtendedData>
          <Data name="Type">
            <value>Brunch</value>
          </Data>
          <Data name="Neighborhood">
            <value>Loop</value>
          </Data>
          <Data name="Reviews">
            <value/>
          </Data>
          <Data name="Address">
            <value>130 E Randolph St, Chicago, IL 60602</value>
          </Data>
        </ExtendedData>
      </Placemark>
      <Placemark>
        <name>Chiya Chai</name>
        <address>Chiya Chai Cafe Loop 79 E Madison St, Chicago, IL 60602</address>
        <description><![CDATA[Type: Cafe<br>Neighborhood: Loop<br>Reviews: <br>Address: 79 E Madison St, Chicago, IL 60602]]></description>
        <styleUrl>#icon-1899-795548</styleUrl>
        <ExtendedData>
          <Data name="Type">
            <value>Cafe</value>
          </Data>
          <Data name="Neighborhood">
            <value>Loop</value>
          </Data>
          <Data name="Reviews">
            <value/>
          </Data>
          <Data name="Address">
            <value>79 E Madison St, Chicago, IL 60602</value>
          </Data>
        </ExtendedData>
      </Placemark>
      <Placemark>
        <name>Espresso and Milk</name>
        <address>Espresso and Milk Cafe Loop 20 N Wacker Dr, Chicago, IL 60606</address>
        <description><![CDATA[Type: Cafe<br>Neighborhood: Loop<br>Reviews: <br>Address: 20 N Wacker Dr, Chicago, IL 60606]]></description>
        <styleUrl>#icon-1899-795548</styleUrl>
        <ExtendedData>
          <Data name="Type">
            <value>Cafe</value>
          </Data>
          <Data name="Neighborhood">
            <value>Loop</value>
          </Data>
          <Data name="Reviews">
            <value/>
          </Data>
          <Data name="Address">
            <value>20 N Wacker Dr, Chicago, IL 60606</value>
          </Data>
        </ExtendedData>
      </Placemark>
      <Placemark>
        <name>Lea</name>
        <address>Lea Cafe Loop 20 N Michigan Ave, Chicago, IL 60602</address>
        <description><![CDATA[Type: Cafe<br>Neighborhood: Loop<br>Reviews: <br>Address: 20 N Michigan Ave, Chicago, IL 60602]]></description>
        <styleUrl>#icon-1899-795548</styleUrl>
        <ExtendedData>
          <Data name="Type">
            <value>Cafe</value>
          </Data>
          <Data name="Neighborhood">
            <value>Loop</value>
          </Data>
          <Data name="Reviews">
            <value/>
          </Data>
          <Data name="Address">
            <value>20 N Michigan Ave, Chicago, IL 60602</value>
          </Data>
        </ExtendedData>
      </Placemark>
      <Placemark>
        <name><![CDATA[TE'AMO]]></name>
        <address><![CDATA[TE'AMO Cafe Loop try crystallized fruit 76 E Monroe St, Chicago, IL 60603]]></address>
        <description><![CDATA[Type: Cafe<br>Neighborhood: Loop<br>Reviews: try crystallized fruit<br>Address: 76 E Monroe St, Chicago, IL 60603]]></description>
        <styleUrl>#icon-1899-795548</styleUrl>
        <ExtendedData>
          <Data name="Type">
            <value>Cafe</value>
          </Data>
          <Data name="Neighborhood">
            <value>Loop</value>
          </Data>
          <Data name="Reviews">
            <value>try crystallized fruit</value>
          </Data>
          <Data name="Address">
            <value>76 E Monroe St, Chicago, IL 60603</value>
          </Data>
        </ExtendedData>
      </Placemark>
      <Placemark>
        <name>Era</name>
        <address><![CDATA[Era Club Loop rec'd by multiple people 416 S Clark St, Chicago, IL 60605]]></address>
        <description><![CDATA[Type: Club<br>Neighborhood: Loop<br>Reviews: rec'd by multiple people<br>Address: 416 S Clark St, Chicago, IL 60605]]></description>
        <styleUrl>#icon-1899-795548</styleUrl>
        <ExtendedData>
          <Data name="Type">
            <value>Club</value>
          </Data>
          <Data name="Neighborhood">
            <value>Loop</value>
          </Data>
          <Data name="Reviews">
            <value><![CDATA[rec'd by multiple people]]></value>
          </Data>
          <Data name="Address">
            <value>416 S Clark St, Chicago, IL 60605</value>
          </Data>
        </ExtendedData>
      </Placemark>
      <Placemark>
        <name>Christkindlmarket</name>
        <address>Christkindlmarket Market Loop From Nov 21 to Dec 24 50 W Washington St, Chicago, IL 60602</address>
        <description><![CDATA[Type: Market<br>Neighborhood: Loop<br>Reviews: From Nov 21 to Dec 24<br>Address: 50 W Washington St, Chicago, IL 60602]]></description>
        <styleUrl>#icon-1899-795548</styleUrl>
        <ExtendedData>
          <Data name="Type">
            <value>Market</value>
          </Data>
          <Data name="Neighborhood">
            <value>Loop</value>
          </Data>
          <Data name="Reviews">
            <value>From Nov 21 to Dec 24</value>
          </Data>
          <Data name="Address">
            <value>50 W Washington St, Chicago, IL 60602</value>
          </Data>
        </ExtendedData>
      </Placemark>
      <Placemark>
        <name>Avli On The Park</name>
        <address>Avli On The Park Restaurant Loop 180 N Field Blvd, Chicago, IL 60601</address>
        <description><![CDATA[Type: Restaurant<br>Neighborhood: Loop<br>Reviews: <br>Address: 180 N Field Blvd, Chicago, IL 60601]]></description>
        <styleUrl>#icon-1899-795548</styleUrl>
        <ExtendedData>
          <Data name="Type">
            <value>Restaurant</value>
          </Data>
          <Data name="Neighborhood">
            <value>Loop</value>
          </Data>
          <Data name="Reviews">
            <value/>
          </Data>
          <Data name="Address">
            <value>180 N Field Blvd, Chicago, IL 60601</value>
          </Data>
        </ExtendedData>
      </Placemark>
      <Placemark>
        <name>Beatnik on the River</name>
        <address><![CDATA[Beatnik on the River Restaurant Loop I (Allen) didn't really like it 180 N Lower Wacker Drive, Chicago, IL 60606]]></address>
        <description><![CDATA[Type: Restaurant<br>Neighborhood: Loop<br>Reviews: I (Allen) didn't really like it<br>Address: 180 N Lower Wacker Drive, Chicago, IL 60606]]></description>
        <styleUrl>#icon-1899-795548</styleUrl>
        <ExtendedData>
          <Data name="Type">
            <value>Restaurant</value>
          </Data>
          <Data name="Neighborhood">
            <value>Loop</value>
          </Data>
          <Data name="Reviews">
            <value><![CDATA[I (Allen) didn't really like it]]></value>
          </Data>
          <Data name="Address">
            <value>180 N Lower Wacker Drive, Chicago, IL 60606</value>
          </Data>
        </ExtendedData>
      </Placemark>
      <Placemark>
        <name>BenjYehuda</name>
        <address>BenjYehuda Restaurant Loop 145 N Wells St, Chicago, IL 60602</address>
        <description><![CDATA[Type: Restaurant<br>Neighborhood: Loop<br>Reviews: <br>Address: 145 N Wells St, Chicago, IL 60602]]></description>
        <styleUrl>#icon-1899-795548</styleUrl>
        <ExtendedData>
          <Data name="Type">
            <value>Restaurant</value>
          </Data>
          <Data name="Neighborhood">
            <value>Loop</value>
          </Data>
          <Data name="Reviews">
            <value/>
          </Data>
          <Data name="Address">
            <value>145 N Wells St, Chicago, IL 60602</value>
          </Data>
        </ExtendedData>
      </Placemark>
      <Placemark>
        <name>Berghoff</name>
        <address>Berghoff Restaurant Loop 17 W Adams St, Chicago, IL 60603</address>
        <description><![CDATA[Type: Restaurant<br>Neighborhood: Loop<br>Reviews: <br>Address: 17 W Adams St, Chicago, IL 60603]]></description>
        <styleUrl>#icon-1899-795548</styleUrl>
        <ExtendedData>
          <Data name="Type">
            <value>Restaurant</value>
          </Data>
          <Data name="Neighborhood">
            <value>Loop</value>
          </Data>
          <Data name="Reviews">
            <value/>
          </Data>
          <Data name="Address">
            <value>17 W Adams St, Chicago, IL 60603</value>
          </Data>
        </ExtendedData>
      </Placemark>
      <Placemark>
        <name>Bibibop</name>
        <address>Bibibop Restaurant Loop 24 E Jackson Blvd, Chicago, IL 60604</address>
        <description><![CDATA[Type: Restaurant<br>Neighborhood: Loop<br>Reviews: <br>Address: 24 E Jackson Blvd, Chicago, IL 60604]]></description>
        <styleUrl>#icon-1899-795548</styleUrl>
        <ExtendedData>
          <Data name="Type">
            <value>Restaurant</value>
          </Data>
          <Data name="Neighborhood">
            <value>Loop</value>
          </Data>
          <Data name="Reviews">
            <value/>
          </Data>
          <Data name="Address">
            <value>24 E Jackson Blvd, Chicago, IL 60604</value>
          </Data>
        </ExtendedData>
      </Placemark>
      <Placemark>
        <name>Chicken Planet</name>
        <address>Chicken Planet Restaurant Loop 177 W Van Buren St, Chicago, IL 60605</address>
        <description><![CDATA[Type: Restaurant<br>Neighborhood: Loop<br>Reviews: <br>Address: 177 W Van Buren St, Chicago, IL 60605]]></description>
        <styleUrl>#icon-1899-795548</styleUrl>
        <ExtendedData>
          <Data name="Type">
            <value>Restaurant</value>
          </Data>
          <Data name="Neighborhood">
            <value>Loop</value>
          </Data>
          <Data name="Reviews">
            <value/>
          </Data>
          <Data name="Address">
            <value>177 W Van Buren St, Chicago, IL 60605</value>
          </Data>
        </ExtendedData>
      </Placemark>
      <Placemark>
        <name><![CDATA[Cleo's Southern]]></name>
        <address><![CDATA[Cleo's Southern Restaurant Loop 190 N Wells St, Chicago, IL 60606]]></address>
        <description><![CDATA[Type: Restaurant<br>Neighborhood: Loop<br>Reviews: <br>Address: 190 N Wells St, Chicago, IL 60606]]></description>
        <styleUrl>#icon-1899-795548</styleUrl>
        <ExtendedData>
          <Data name="Type">
            <value>Restaurant</value>
          </Data>
          <Data name="Neighborhood">
            <value>Loop</value>
          </Data>
          <Data name="Reviews">
            <value/>
          </Data>
          <Data name="Address">
            <value>190 N Wells St, Chicago, IL 60606</value>
          </Data>
        </ExtendedData>
      </Placemark>
      <Placemark>
        <name><![CDATA[Giordano's Pizza]]></name>
        <address><![CDATA[Giordano's Pizza Restaurant Loop Chicago staple, home of the deep dish pizza 130 E Randolph St, Chicago, IL 60601]]></address>
        <description><![CDATA[Type: Restaurant<br>Neighborhood: Loop<br>Reviews: Chicago staple, home of the deep dish pizza<br>Address: 130 E Randolph St, Chicago, IL 60601]]></description>
        <styleUrl>#icon-1899-795548</styleUrl>
        <ExtendedData>
          <Data name="Type">
            <value>Restaurant</value>
          </Data>
          <Data name="Neighborhood">
            <value>Loop</value>
          </Data>
          <Data name="Reviews">
            <value>Chicago staple, home of the deep dish pizza</value>
          </Data>
          <Data name="Address">
            <value>130 E Randolph St, Chicago, IL 60601</value>
          </Data>
        </ExtendedData>
      </Placemark>
      <Placemark>
        <name><![CDATA[Luke's Italian Beef]]></name>
        <address><![CDATA[Luke's Italian Beef Restaurant Loop 215 W Jackson Blvd, Chicago, IL 60606]]></address>
        <description><![CDATA[Type: Restaurant<br>Neighborhood: Loop<br>Reviews: <br>Address: 215 W Jackson Blvd, Chicago, IL 60606]]></description>
        <styleUrl>#icon-1899-795548</styleUrl>
        <ExtendedData>
          <Data name="Type">
            <value>Restaurant</value>
          </Data>
          <Data name="Neighborhood">
            <value>Loop</value>
          </Data>
          <Data name="Reviews">
            <value/>
          </Data>
          <Data name="Address">
            <value>215 W Jackson Blvd, Chicago, IL 60606</value>
          </Data>
        </ExtendedData>
      </Placemark>
      <Placemark>
        <name>Mendocino Farms</name>
        <address>Mendocino Farms Restaurant Loop 233 S Wacker Dr, Chicago, IL 60606</address>
        <description><![CDATA[Type: Restaurant<br>Neighborhood: Loop<br>Reviews: <br>Address: 233 S Wacker Dr, Chicago, IL 60606]]></description>
        <styleUrl>#icon-1899-795548</styleUrl>
        <ExtendedData>
          <Data name="Type">
            <value>Restaurant</value>
          </Data>
          <Data name="Neighborhood">
            <value>Loop</value>
          </Data>
          <Data name="Reviews">
            <value/>
          </Data>
          <Data name="Address">
            <value>233 S Wacker Dr, Chicago, IL 60606</value>
          </Data>
        </ExtendedData>
      </Placemark>
      <Placemark>
        <name>Mr. Submarine</name>
        <address>Mr. Submarine Restaurant Loop 47 N Wells St, Chicago, IL 60602</address>
        <description><![CDATA[Type: Restaurant<br>Neighborhood: Loop<br>Reviews: <br>Address: 47 N Wells St, Chicago, IL 60602]]></description>
        <styleUrl>#icon-1899-795548</styleUrl>
        <ExtendedData>
          <Data name="Type">
            <value>Restaurant</value>
          </Data>
          <Data name="Neighborhood">
            <value>Loop</value>
          </Data>
          <Data name="Reviews">
            <value/>
          </Data>
          <Data name="Address">
            <value>47 N Wells St, Chicago, IL 60602</value>
          </Data>
        </ExtendedData>
      </Placemark>
      <Placemark>
        <name>Naansense</name>
        <address>Naansense Restaurant Loop 178 N Franklin St, Chicago, IL 60606</address>
        <description><![CDATA[Type: Restaurant<br>Neighborhood: Loop<br>Reviews: <br>Address: 178 N Franklin St, Chicago, IL 60606]]></description>
        <styleUrl>#icon-1899-795548</styleUrl>
        <ExtendedData>
          <Data name="Type">
            <value>Restaurant</value>
          </Data>
          <Data name="Neighborhood">
            <value>Loop</value>
          </Data>
          <Data name="Reviews">
            <value/>
          </Data>
          <Data name="Address">
            <value>178 N Franklin St, Chicago, IL 60606</value>
          </Data>
        </ExtendedData>
      </Placemark>
      <Placemark>
        <name>Oasis Cafe</name>
        <address>Oasis Cafe Restaurant Loop Mediterranean food 21 N Wabash Ave, Chicago, IL 60602</address>
        <description><![CDATA[Type: Restaurant<br>Neighborhood: Loop<br>Reviews: Mediterranean food<br>Address: 21 N Wabash Ave, Chicago, IL 60602]]></description>
        <styleUrl>#icon-1899-795548</styleUrl>
        <ExtendedData>
          <Data name="Type">
            <value>Restaurant</value>
          </Data>
          <Data name="Neighborhood">
            <value>Loop</value>
          </Data>
          <Data name="Reviews">
            <value>Mediterranean food</value>
          </Data>
          <Data name="Address">
            <value>21 N Wabash Ave, Chicago, IL 60602</value>
          </Data>
        </ExtendedData>
      </Placemark>
      <Placemark>
        <name>Roanoke</name>
        <address>Roanoke Restaurant Loop 135 W Madison St, Chicago, IL 60602</address>
        <description><![CDATA[Type: Restaurant<br>Neighborhood: Loop<br>Reviews: <br>Address: 135 W Madison St, Chicago, IL 60602]]></description>
        <styleUrl>#icon-1899-795548</styleUrl>
        <ExtendedData>
          <Data name="Type">
            <value>Restaurant</value>
          </Data>
          <Data name="Neighborhood">
            <value>Loop</value>
          </Data>
          <Data name="Reviews">
            <value/>
          </Data>
          <Data name="Address">
            <value>135 W Madison St, Chicago, IL 60602</value>
          </Data>
        </ExtendedData>
      </Placemark>
      <Placemark>
        <name>SeoulSpice</name>
        <address>SeoulSpice Restaurant Loop 20 N Michigan Ave, Chicago, IL 60602</address>
        <description><![CDATA[Type: Restaurant<br>Neighborhood: Loop<br>Reviews: <br>Address: 20 N Michigan Ave, Chicago, IL 60602]]></description>
        <styleUrl>#icon-1899-795548</styleUrl>
        <ExtendedData>
          <Data name="Type">
            <value>Restaurant</value>
          </Data>
          <Data name="Neighborhood">
            <value>Loop</value>
          </Data>
          <Data name="Reviews">
            <value/>
          </Data>
          <Data name="Address">
            <value>20 N Michigan Ave, Chicago, IL 60602</value>
          </Data>
        </ExtendedData>
      </Placemark>
      <Placemark>
        <name>Silk Road</name>
        <address>Silk Road Restaurant Loop 312 W Adam St, Chicago, IL 60606</address>
        <description><![CDATA[Type: Restaurant<br>Neighborhood: Loop<br>Reviews: <br>Address: 312 W Adam St, Chicago, IL 60606]]></description>
        <styleUrl>#icon-1899-795548</styleUrl>
        <ExtendedData>
          <Data name="Type">
            <value>Restaurant</value>
          </Data>
          <Data name="Neighborhood">
            <value>Loop</value>
          </Data>
          <Data name="Reviews">
            <value/>
          </Data>
          <Data name="Address">
            <value>312 W Adam St, Chicago, IL 60606</value>
          </Data>
        </ExtendedData>
      </Placemark>
      <Placemark>
        <name>The Gage</name>
        <address>The Gage Restaurant Loop 24 S Michigan Ave, Chicago, IL 60603</address>
        <description><![CDATA[Type: Restaurant<br>Neighborhood: Loop<br>Reviews: <br>Address: 24 S Michigan Ave, Chicago, IL 60603]]></description>
        <styleUrl>#icon-1899-795548</styleUrl>
        <ExtendedData>
          <Data name="Type">
            <value>Restaurant</value>
          </Data>
          <Data name="Neighborhood">
            <value>Loop</value>
          </Data>
          <Data name="Reviews">
            <value/>
          </Data>
          <Data name="Address">
            <value>24 S Michigan Ave, Chicago, IL 60603</value>
          </Data>
        </ExtendedData>
      </Placemark>
      <Placemark>
        <name><![CDATA[Wilma's Famous BBQ & Tavern]]></name>
        <address><![CDATA[Wilma's Famous BBQ & Tavern Restaurant Loop 17 N Wabash Ave, Chicago, IL 60602]]></address>
        <description><![CDATA[Type: Restaurant<br>Neighborhood: Loop<br>Reviews: <br>Address: 17 N Wabash Ave, Chicago, IL 60602]]></description>
        <styleUrl>#icon-1899-795548</styleUrl>
        <ExtendedData>
          <Data name="Type">
            <value>Restaurant</value>
          </Data>
          <Data name="Neighborhood">
            <value>Loop</value>
          </Data>
          <Data name="Reviews">
            <value/>
          </Data>
          <Data name="Address">
            <value>17 N Wabash Ave, Chicago, IL 60602</value>
          </Data>
        </ExtendedData>
      </Placemark>
      <Placemark>
        <name>Do-Rite</name>
        <address>Do-Rite Snack Loop 233 S Wacker Dr, Chicago, IL 60606</address>
        <description><![CDATA[Type: Snack<br>Neighborhood: Loop<br>Reviews: <br>Address: 233 S Wacker Dr, Chicago, IL 60606]]></description>
        <styleUrl>#icon-1899-795548</styleUrl>
        <ExtendedData>
          <Data name="Type">
            <value>Snack</value>
          </Data>
          <Data name="Neighborhood">
            <value>Loop</value>
          </Data>
          <Data name="Reviews">
            <value/>
          </Data>
          <Data name="Address">
            <value>233 S Wacker Dr, Chicago, IL 60606</value>
          </Data>
        </ExtendedData>
      </Placemark>
      <Placemark>
        <name><![CDATA[Garrett's Popcorn]]></name>
        <address><![CDATA[Garrett's Popcorn Snack Loop 173 N Michigan Ave, Chicago, IL 60601]]></address>
        <description><![CDATA[Type: Snack<br>Neighborhood: Loop<br>Reviews: <br>Address: 173 N Michigan Ave, Chicago, IL 60601]]></description>
        <styleUrl>#icon-1899-795548</styleUrl>
        <ExtendedData>
          <Data name="Type">
            <value>Snack</value>
          </Data>
          <Data name="Neighborhood">
            <value>Loop</value>
          </Data>
          <Data name="Reviews">
            <value/>
          </Data>
          <Data name="Address">
            <value>173 N Michigan Ave, Chicago, IL 60601</value>
          </Data>
        </ExtendedData>
      </Placemark>
      <Placemark>
        <name><![CDATA[Garrett's Popcorn]]></name>
        <address><![CDATA[Garrett's Popcorn Snack Loop 27 W Jackson Blvd, Chicago, IL 60604]]></address>
        <description><![CDATA[Type: Snack<br>Neighborhood: Loop<br>Reviews: <br>Address: 27 W Jackson Blvd, Chicago, IL 60604]]></description>
        <styleUrl>#icon-1899-795548</styleUrl>
        <ExtendedData>
          <Data name="Type">
            <value>Snack</value>
          </Data>
          <Data name="Neighborhood">
            <value>Loop</value>
          </Data>
          <Data name="Reviews">
            <value/>
          </Data>
          <Data name="Address">
            <value>27 W Jackson Blvd, Chicago, IL 60604</value>
          </Data>
        </ExtendedData>
      </Placemark>
      <Placemark>
        <name>Kong Dog</name>
        <address>Kong Dog Snack Loop 77 E Adams St, Chicago, IL 60603</address>
        <description><![CDATA[Type: Snack<br>Neighborhood: Loop<br>Reviews: <br>Address: 77 E Adams St, Chicago, IL 60603]]></description>
        <styleUrl>#icon-1899-795548</styleUrl>
        <ExtendedData>
          <Data name="Type">
            <value>Snack</value>
          </Data>
          <Data name="Neighborhood">
            <value>Loop</value>
          </Data>
          <Data name="Reviews">
            <value/>
          </Data>
          <Data name="Address">
            <value>77 E Adams St, Chicago, IL 60603</value>
          </Data>
        </ExtendedData>
      </Placemark>
      <Placemark>
        <name><![CDATA[Stan's Donuts]]></name>
        <address><![CDATA[Stan's Donuts Snack Loop 15 W Washington St, IL 60602]]></address>
        <description><![CDATA[Type: Snack<br>Neighborhood: Loop<br>Reviews: <br>Address: 15 W Washington St, IL 60602]]></description>
        <styleUrl>#icon-1899-795548</styleUrl>
        <ExtendedData>
          <Data name="Type">
            <value>Snack</value>
          </Data>
          <Data name="Neighborhood">
            <value>Loop</value>
          </Data>
          <Data name="Reviews">
            <value/>
          </Data>
          <Data name="Address">
            <value>15 W Washington St, IL 60602</value>
          </Data>
        </ExtendedData>
      </Placemark>
      <Placemark>
        <name>King Wok</name>
        <address>King Wok Restaurant Near West Side 2323 W Madison St, Chicago, IL 60612</address>
        <description><![CDATA[Type: Restaurant<br>Neighborhood: Near West Side<br>Reviews: <br>Address: 2323 W Madison St, Chicago, IL 60612]]></description>
        <styleUrl>#icon-1899-BDBDBD</styleUrl>
        <ExtendedData>
          <Data name="Type">
            <value>Restaurant</value>
          </Data>
          <Data name="Neighborhood">
            <value>Near West Side</value>
          </Data>
          <Data name="Reviews">
            <value/>
          </Data>
          <Data name="Address">
            <value>2323 W Madison St, Chicago, IL 60612</value>
          </Data>
        </ExtendedData>
      </Placemark>
      <Placemark>
        <name>Nash Bros</name>
        <address>Nash Bros Restaurant Niles 9353 N Milwaukee Ave, Niles, IL 60714</address>
        <description><![CDATA[Type: Restaurant<br>Neighborhood: Niles<br>Reviews: <br>Address: 9353 N Milwaukee Ave, Niles, IL 60714]]></description>
        <styleUrl>#icon-1899-BDBDBD</styleUrl>
        <ExtendedData>
          <Data name="Type">
            <value>Restaurant</value>
          </Data>
          <Data name="Neighborhood">
            <value>Niles</value>
          </Data>
          <Data name="Reviews">
            <value/>
          </Data>
          <Data name="Address">
            <value>9353 N Milwaukee Ave, Niles, IL 60714</value>
          </Data>
        </ExtendedData>
      </Placemark>
      <Placemark>
        <name>Azul</name>
        <address>Azul Bar Noble Square 1177 N Elston Ave, Chicago, IL 60642</address>
        <description><![CDATA[Type: Bar<br>Neighborhood: Noble Square<br>Reviews: <br>Address: 1177 N Elston Ave, Chicago, IL 60642]]></description>
        <styleUrl>#icon-1899-7CB342</styleUrl>
        <ExtendedData>
          <Data name="Type">
            <value>Bar</value>
          </Data>
          <Data name="Neighborhood">
            <value>Noble Square</value>
          </Data>
          <Data name="Reviews">
            <value/>
          </Data>
          <Data name="Address">
            <value>1177 N Elston Ave, Chicago, IL 60642</value>
          </Data>
        </ExtendedData>
      </Placemark>
      <Placemark>
        <name>Wax Vinyl</name>
        <address>Wax Vinyl Bar Noble Square vinyl djs, good ramen 1549 W Chicago Ave, Chicago, IL 60642</address>
        <description><![CDATA[Type: Bar<br>Neighborhood: Noble Square<br>Reviews: vinyl djs, good ramen<br>Address: 1549 W Chicago Ave, Chicago, IL 60642]]></description>
        <styleUrl>#icon-1899-7CB342</styleUrl>
        <ExtendedData>
          <Data name="Type">
            <value>Bar</value>
          </Data>
          <Data name="Neighborhood">
            <value>Noble Square</value>
          </Data>
          <Data name="Reviews">
            <value>vinyl djs, good ramen</value>
          </Data>
          <Data name="Address">
            <value>1549 W Chicago Ave, Chicago, IL 60642</value>
          </Data>
        </ExtendedData>
      </Placemark>
      <Placemark>
        <name>Beauty Bar</name>
        <address>Beauty Bar Club Noble Square 1444 W Chicago Ave, Chicago, IL 60642</address>
        <description><![CDATA[Type: Club<br>Neighborhood: Noble Square<br>Reviews: <br>Address: 1444 W Chicago Ave, Chicago, IL 60642]]></description>
        <styleUrl>#icon-1899-7CB342</styleUrl>
        <ExtendedData>
          <Data name="Type">
            <value>Club</value>
          </Data>
          <Data name="Neighborhood">
            <value>Noble Square</value>
          </Data>
          <Data name="Reviews">
            <value/>
          </Data>
          <Data name="Address">
            <value>1444 W Chicago Ave, Chicago, IL 60642</value>
          </Data>
        </ExtendedData>
      </Placemark>
      <Placemark>
        <name>Frontier</name>
        <address>Frontier Restaurant Noble Square 1072 N Milwaukee Ave, Chicago, IL 60642</address>
        <description><![CDATA[Type: Restaurant<br>Neighborhood: Noble Square<br>Reviews: <br>Address: 1072 N Milwaukee Ave, Chicago, IL 60642]]></description>
        <styleUrl>#icon-1899-7CB342</styleUrl>
        <ExtendedData>
          <Data name="Type">
            <value>Restaurant</value>
          </Data>
          <Data name="Neighborhood">
            <value>Noble Square</value>
          </Data>
          <Data name="Reviews">
            <value/>
          </Data>
          <Data name="Address">
            <value>1072 N Milwaukee Ave, Chicago, IL 60642</value>
          </Data>
        </ExtendedData>
      </Placemark>
      <Placemark>
        <name>Fry The Coop</name>
        <address>Fry The Coop Restaurant Noble Square 1529 W Chicago Ave, Chicago, IL 60642</address>
        <description><![CDATA[Type: Restaurant<br>Neighborhood: Noble Square<br>Reviews: <br>Address: 1529 W Chicago Ave, Chicago, IL 60642]]></description>
        <styleUrl>#icon-1899-7CB342</styleUrl>
        <ExtendedData>
          <Data name="Type">
            <value>Restaurant</value>
          </Data>
          <Data name="Neighborhood">
            <value>Noble Square</value>
          </Data>
          <Data name="Reviews">
            <value/>
          </Data>
          <Data name="Address">
            <value>1529 W Chicago Ave, Chicago, IL 60642</value>
          </Data>
        </ExtendedData>
      </Placemark>
      <Placemark>
        <name>Kin Sushi And Thai</name>
        <address>Kin Sushi And Thai Restaurant Noble Square 1132 N Milwaukee Ave, Chicago, IL 60642</address>
        <description><![CDATA[Type: Restaurant<br>Neighborhood: Noble Square<br>Reviews: <br>Address: 1132 N Milwaukee Ave, Chicago, IL 60642]]></description>
        <styleUrl>#icon-1899-7CB342</styleUrl>
        <ExtendedData>
          <Data name="Type">
            <value>Restaurant</value>
          </Data>
          <Data name="Neighborhood">
            <value>Noble Square</value>
          </Data>
          <Data name="Reviews">
            <value/>
          </Data>
          <Data name="Address">
            <value>1132 N Milwaukee Ave, Chicago, IL 60642</value>
          </Data>
        </ExtendedData>
      </Placemark>
      <Placemark>
        <name>Noble Thai</name>
        <address>Noble Thai Restaurant Noble Square 1371 W Chicago Ave, IL 60642</address>
        <description><![CDATA[Type: Restaurant<br>Neighborhood: Noble Square<br>Reviews: <br>Address: 1371 W Chicago Ave, IL 60642]]></description>
        <styleUrl>#icon-1899-7CB342</styleUrl>
        <ExtendedData>
          <Data name="Type">
            <value>Restaurant</value>
          </Data>
          <Data name="Neighborhood">
            <value>Noble Square</value>
          </Data>
          <Data name="Reviews">
            <value/>
          </Data>
          <Data name="Address">
            <value>1371 W Chicago Ave, IL 60642</value>
          </Data>
        </ExtendedData>
      </Placemark>
      <Placemark>
        <name>Tuk Tuk Thai Isan Street Food</name>
        <address>Tuk Tuk Thai Isan Street Food Restaurant Noble Square Carb ragoons, green curry, pad see ew, pad kee mao 1500 W Division St, Chicago, IL 60642</address>
        <description><![CDATA[Type: Restaurant<br>Neighborhood: Noble Square<br>Reviews: Carb ragoons, green curry, pad see ew, pad kee mao<br>Address: 1500 W Division St, Chicago, IL 60642]]></description>
        <styleUrl>#icon-1899-7CB342</styleUrl>
        <ExtendedData>
          <Data name="Type">
            <value>Restaurant</value>
          </Data>
          <Data name="Neighborhood">
            <value>Noble Square</value>
          </Data>
          <Data name="Reviews">
            <value>Carb ragoons, green curry, pad see ew, pad kee mao</value>
          </Data>
          <Data name="Address">
            <value>1500 W Division St, Chicago, IL 60642</value>
          </Data>
        </ExtendedData>
      </Placemark>
      <Placemark>
        <name>Long Room</name>
        <address><![CDATA[Long Room Bar North Center relaxed bar & coffeehouse with a back patio 1612 W Irving Park Rd, Chicago, IL 60613]]></address>
        <description><![CDATA[Type: Bar<br>Neighborhood: North Center<br>Reviews: relaxed bar & coffeehouse with a back patio<br>Address: 1612 W Irving Park Rd, Chicago, IL 60613]]></description>
        <styleUrl>#icon-1899-BDBDBD</styleUrl>
        <ExtendedData>
          <Data name="Type">
            <value>Bar</value>
          </Data>
          <Data name="Neighborhood">
            <value>North Center</value>
          </Data>
          <Data name="Reviews">
            <value><![CDATA[relaxed bar & coffeehouse with a back patio]]></value>
          </Data>
          <Data name="Address">
            <value>1612 W Irving Park Rd, Chicago, IL 60613</value>
          </Data>
        </ExtendedData>
      </Placemark>
      <Placemark>
        <name>The Victor Bar</name>
        <address>The Victor Bar Bar North Center cozy vibes, library downstairs 4011 N Damen Ave, Chicago, IL 60618</address>
        <description><![CDATA[Type: Bar<br>Neighborhood: North Center<br>Reviews: cozy vibes, library downstairs<br>Address: 4011 N Damen Ave, Chicago, IL 60618]]></description>
        <styleUrl>#icon-1899-BDBDBD</styleUrl>
        <ExtendedData>
          <Data name="Type">
            <value>Bar</value>
          </Data>
          <Data name="Neighborhood">
            <value>North Center</value>
          </Data>
          <Data name="Reviews">
            <value>cozy vibes, library downstairs</value>
          </Data>
          <Data name="Address">
            <value>4011 N Damen Ave, Chicago, IL 60618</value>
          </Data>
        </ExtendedData>
      </Placemark>
      <Placemark>
        <name>Botanical Cafe</name>
        <address>Botanical Cafe Cafe North Center 3740 N Lincoln Ave, Chicago, IL 60613</address>
        <description><![CDATA[Type: Cafe<br>Neighborhood: North Center<br>Reviews: <br>Address: 3740 N Lincoln Ave, Chicago, IL 60613]]></description>
        <styleUrl>#icon-1899-BDBDBD</styleUrl>
        <ExtendedData>
          <Data name="Type">
            <value>Cafe</value>
          </Data>
          <Data name="Neighborhood">
            <value>North Center</value>
          </Data>
          <Data name="Reviews">
            <value/>
          </Data>
          <Data name="Address">
            <value>3740 N Lincoln Ave, Chicago, IL 60613</value>
          </Data>
        </ExtendedData>
      </Placemark>
      <Placemark>
        <name>Cho Sun Ok</name>
        <address>Cho Sun Ok Restaurant North Center 4200 N Lincoln Ave, Chicago, IL 60618</address>
        <description><![CDATA[Type: Restaurant<br>Neighborhood: North Center<br>Reviews: <br>Address: 4200 N Lincoln Ave, Chicago, IL 60618]]></description>
        <styleUrl>#icon-1899-BDBDBD</styleUrl>
        <ExtendedData>
          <Data name="Type">
            <value>Restaurant</value>
          </Data>
          <Data name="Neighborhood">
            <value>North Center</value>
          </Data>
          <Data name="Reviews">
            <value/>
          </Data>
          <Data name="Address">
            <value>4200 N Lincoln Ave, Chicago, IL 60618</value>
          </Data>
        </ExtendedData>
      </Placemark>
      <Placemark>
        <name>Soul Food Lounge</name>
        <address>Soul Food Lounge Restaurant North Lawndale 3804 W 16th St, Chicago, IL 60623</address>
        <description><![CDATA[Type: Restaurant<br>Neighborhood: North Lawndale<br>Reviews: <br>Address: 3804 W 16th St, Chicago, IL 60623]]></description>
        <styleUrl>#icon-1899-BDBDBD</styleUrl>
        <ExtendedData>
          <Data name="Type">
            <value>Restaurant</value>
          </Data>
          <Data name="Neighborhood">
            <value>North Lawndale</value>
          </Data>
          <Data name="Reviews">
            <value/>
          </Data>
          <Data name="Address">
            <value>3804 W 16th St, Chicago, IL 60623</value>
          </Data>
        </ExtendedData>
      </Placemark>
      <Placemark>
        <name>Soulé</name>
        <address>Soulé Restaurant North Lawndale 3615 W Roosevelt Rd, Chicago, IL 60624</address>
        <description><![CDATA[Type: Restaurant<br>Neighborhood: North Lawndale<br>Reviews: <br>Address: 3615 W Roosevelt Rd, Chicago, IL 60624]]></description>
        <styleUrl>#icon-1899-BDBDBD</styleUrl>
        <ExtendedData>
          <Data name="Type">
            <value>Restaurant</value>
          </Data>
          <Data name="Neighborhood">
            <value>North Lawndale</value>
          </Data>
          <Data name="Reviews">
            <value/>
          </Data>
          <Data name="Address">
            <value>3615 W Roosevelt Rd, Chicago, IL 60624</value>
          </Data>
        </ExtendedData>
      </Placemark>
      <Placemark>
        <name>Old Irving Brewing</name>
        <address>Old Irving Brewing Bar Old Irving Park Good wings 4419 W Montrose Ave, Chicago, IL 60641</address>
        <description><![CDATA[Type: Bar<br>Neighborhood: Old Irving Park<br>Reviews: Good wings<br>Address: 4419 W Montrose Ave, Chicago, IL 60641]]></description>
        <styleUrl>#icon-1899-BDBDBD</styleUrl>
        <ExtendedData>
          <Data name="Type">
            <value>Bar</value>
          </Data>
          <Data name="Neighborhood">
            <value>Old Irving Park</value>
          </Data>
          <Data name="Reviews">
            <value>Good wings</value>
          </Data>
          <Data name="Address">
            <value>4419 W Montrose Ave, Chicago, IL 60641</value>
          </Data>
        </ExtendedData>
      </Placemark>
      <Placemark>
        <name>Benchmark</name>
        <address>Benchmark Bar Old Town 1510 N Wells St, Chicago, IL 60610</address>
        <description><![CDATA[Type: Bar<br>Neighborhood: Old Town<br>Reviews: <br>Address: 1510 N Wells St, Chicago, IL 60610]]></description>
        <styleUrl>#icon-1899-4E342E</styleUrl>
        <ExtendedData>
          <Data name="Type">
            <value>Bar</value>
          </Data>
          <Data name="Neighborhood">
            <value>Old Town</value>
          </Data>
          <Data name="Reviews">
            <value/>
          </Data>
          <Data name="Address">
            <value>1510 N Wells St, Chicago, IL 60610</value>
          </Data>
        </ExtendedData>
      </Placemark>
      <Placemark>
        <name>Cache</name>
        <address>Cache Bar Old Town Upscale speakeasy bar 1446 N Wells St, Chicago, IL 60610</address>
        <description><![CDATA[Type: Bar<br>Neighborhood: Old Town<br>Reviews: Upscale speakeasy bar<br>Address: 1446 N Wells St, Chicago, IL 60610]]></description>
        <styleUrl>#icon-1899-4E342E</styleUrl>
        <ExtendedData>
          <Data name="Type">
            <value>Bar</value>
          </Data>
          <Data name="Neighborhood">
            <value>Old Town</value>
          </Data>
          <Data name="Reviews">
            <value>Upscale speakeasy bar</value>
          </Data>
          <Data name="Address">
            <value>1446 N Wells St, Chicago, IL 60610</value>
          </Data>
        </ExtendedData>
      </Placemark>
      <Placemark>
        <name>J Parker</name>
        <address><![CDATA[J Parker Bar Old Town rec'd by multiple people 1816 N Clark St, Chicago, IL 60614]]></address>
        <description><![CDATA[Type: Bar<br>Neighborhood: Old Town<br>Reviews: rec'd by multiple people<br>Address: 1816 N Clark St, Chicago, IL 60614]]></description>
        <styleUrl>#icon-1899-4E342E</styleUrl>
        <ExtendedData>
          <Data name="Type">
            <value>Bar</value>
          </Data>
          <Data name="Neighborhood">
            <value>Old Town</value>
          </Data>
          <Data name="Reviews">
            <value><![CDATA[rec'd by multiple people]]></value>
          </Data>
          <Data name="Address">
            <value>1816 N Clark St, Chicago, IL 60614</value>
          </Data>
        </ExtendedData>
      </Placemark>
      <Placemark>
        <name><![CDATA[Marge's Still]]></name>
        <address><![CDATA[Marge's Still Bar Old Town Oldest bar in Chicago, $5 shot of malort 1758 N Sedgwick St, Chicago, IL 60614]]></address>
        <description><![CDATA[Type: Bar<br>Neighborhood: Old Town<br>Reviews: Oldest bar in Chicago, $5 shot of malort<br>Address: 1758 N Sedgwick St, Chicago, IL 60614]]></description>
        <styleUrl>#icon-1899-4E342E</styleUrl>
        <ExtendedData>
          <Data name="Type">
            <value>Bar</value>
          </Data>
          <Data name="Neighborhood">
            <value>Old Town</value>
          </Data>
          <Data name="Reviews">
            <value>Oldest bar in Chicago, $5 shot of malort</value>
          </Data>
          <Data name="Address">
            <value>1758 N Sedgwick St, Chicago, IL 60614</value>
          </Data>
        </ExtendedData>
      </Placemark>
      <Placemark>
        <name>Utopian Tailgate</name>
        <address>Utopian Tailgate Bar Old Town Rooftop bar 1608 N Wells St, Chicago, IL 60614</address>
        <description><![CDATA[Type: Bar<br>Neighborhood: Old Town<br>Reviews: Rooftop bar<br>Address: 1608 N Wells St, Chicago, IL 60614]]></description>
        <styleUrl>#icon-1899-4E342E</styleUrl>
        <ExtendedData>
          <Data name="Type">
            <value>Bar</value>
          </Data>
          <Data name="Neighborhood">
            <value>Old Town</value>
          </Data>
          <Data name="Reviews">
            <value>Rooftop bar</value>
          </Data>
          <Data name="Address">
            <value>1608 N Wells St, Chicago, IL 60614</value>
          </Data>
        </ExtendedData>
      </Placemark>
      <Placemark>
        <name>No. 9</name>
        <address>No. 9 Club Old Town 1543 N Kingsbury St, Chicago, IL 60642</address>
        <description><![CDATA[Type: Club<br>Neighborhood: Old Town<br>Reviews: <br>Address: 1543 N Kingsbury St, Chicago, IL 60642]]></description>
        <styleUrl>#icon-1899-4E342E</styleUrl>
        <ExtendedData>
          <Data name="Type">
            <value>Club</value>
          </Data>
          <Data name="Neighborhood">
            <value>Old Town</value>
          </Data>
          <Data name="Reviews">
            <value/>
          </Data>
          <Data name="Address">
            <value>1543 N Kingsbury St, Chicago, IL 60642</value>
          </Data>
        </ExtendedData>
      </Placemark>
      <Placemark>
        <name>Prysm</name>
        <address>Prysm Club Old Town 1543 N Kingsbury St, Chicago, IL 60642</address>
        <description><![CDATA[Type: Club<br>Neighborhood: Old Town<br>Reviews: <br>Address: 1543 N Kingsbury St, Chicago, IL 60642]]></description>
        <styleUrl>#icon-1899-4E342E</styleUrl>
        <ExtendedData>
          <Data name="Type">
            <value>Club</value>
          </Data>
          <Data name="Neighborhood">
            <value>Old Town</value>
          </Data>
          <Data name="Reviews">
            <value/>
          </Data>
          <Data name="Address">
            <value>1543 N Kingsbury St, Chicago, IL 60642</value>
          </Data>
        </ExtendedData>
      </Placemark>
      <Placemark>
        <name>Happy Camper</name>
        <address>Happy Camper Restaurant Old Town 1209 N Wells St, Chicago, IL 60610</address>
        <description><![CDATA[Type: Restaurant<br>Neighborhood: Old Town<br>Reviews: <br>Address: 1209 N Wells St, Chicago, IL 60610]]></description>
        <styleUrl>#icon-1899-4E342E</styleUrl>
        <ExtendedData>
          <Data name="Type">
            <value>Restaurant</value>
          </Data>
          <Data name="Neighborhood">
            <value>Old Town</value>
          </Data>
          <Data name="Reviews">
            <value/>
          </Data>
          <Data name="Address">
            <value>1209 N Wells St, Chicago, IL 60610</value>
          </Data>
        </ExtendedData>
      </Placemark>
      <Placemark>
        <name>Summerhouse Santa Monica</name>
        <address>Summerhouse Santa Monica Restaurant Old Town 1954 N Halsted St, Chicago, IL 60614</address>
        <description><![CDATA[Type: Restaurant<br>Neighborhood: Old Town<br>Reviews: <br>Address: 1954 N Halsted St, Chicago, IL 60614]]></description>
        <styleUrl>#icon-1899-4E342E</styleUrl>
        <ExtendedData>
          <Data name="Type">
            <value>Restaurant</value>
          </Data>
          <Data name="Neighborhood">
            <value>Old Town</value>
          </Data>
          <Data name="Reviews">
            <value/>
          </Data>
          <Data name="Address">
            <value>1954 N Halsted St, Chicago, IL 60614</value>
          </Data>
        </ExtendedData>
      </Placemark>
      <Placemark>
        <name>Sushi San</name>
        <address>Sushi San Restaurant Old Town 1950 N Halsted St, Chicago, IL 60614</address>
        <description><![CDATA[Type: Restaurant<br>Neighborhood: Old Town<br>Reviews: <br>Address: 1950 N Halsted St, Chicago, IL 60614]]></description>
        <styleUrl>#icon-1899-4E342E</styleUrl>
        <ExtendedData>
          <Data name="Type">
            <value>Restaurant</value>
          </Data>
          <Data name="Neighborhood">
            <value>Old Town</value>
          </Data>
          <Data name="Reviews">
            <value/>
          </Data>
          <Data name="Address">
            <value>1950 N Halsted St, Chicago, IL 60614</value>
          </Data>
        </ExtendedData>
      </Placemark>
      <Placemark>
        <name>Topo Gigio</name>
        <address>Topo Gigio Restaurant Old Town 1514 N Wells St, Chicago, IL 60610</address>
        <description><![CDATA[Type: Restaurant<br>Neighborhood: Old Town<br>Reviews: <br>Address: 1514 N Wells St, Chicago, IL 60610]]></description>
        <styleUrl>#icon-1899-4E342E</styleUrl>
        <ExtendedData>
          <Data name="Type">
            <value>Restaurant</value>
          </Data>
          <Data name="Neighborhood">
            <value>Old Town</value>
          </Data>
          <Data name="Reviews">
            <value/>
          </Data>
          <Data name="Address">
            <value>1514 N Wells St, Chicago, IL 60610</value>
          </Data>
        </ExtendedData>
      </Placemark>
      <Placemark>
        <name>Trattoria Gianni</name>
        <address>Trattoria Gianni Restaurant Old Town 1711 N Halsted St, Chicago, IL 60614</address>
        <description><![CDATA[Type: Restaurant<br>Neighborhood: Old Town<br>Reviews: <br>Address: 1711 N Halsted St, Chicago, IL 60614]]></description>
        <styleUrl>#icon-1899-4E342E</styleUrl>
        <ExtendedData>
          <Data name="Type">
            <value>Restaurant</value>
          </Data>
          <Data name="Neighborhood">
            <value>Old Town</value>
          </Data>
          <Data name="Reviews">
            <value/>
          </Data>
          <Data name="Address">
            <value>1711 N Halsted St, Chicago, IL 60614</value>
          </Data>
        </ExtendedData>
      </Placemark>
      <Placemark>
        <name>Twin Anchors</name>
        <address>Twin Anchors Restaurant Old Town good ribs, $4.50 shots of malort, Dark Knight scene filmed here 1655 N Sedgwick St, Chicago, IL 60614</address>
        <description><![CDATA[Type: Restaurant<br>Neighborhood: Old Town<br>Reviews: good ribs, $4.50 shots of malort, Dark Knight scene filmed here<br>Address: 1655 N Sedgwick St, Chicago, IL 60614]]></description>
        <styleUrl>#icon-1899-4E342E</styleUrl>
        <ExtendedData>
          <Data name="Type">
            <value>Restaurant</value>
          </Data>
          <Data name="Neighborhood">
            <value>Old Town</value>
          </Data>
          <Data name="Reviews">
            <value>good ribs, $4.50 shots of malort, Dark Knight scene filmed here</value>
          </Data>
          <Data name="Address">
            <value>1655 N Sedgwick St, Chicago, IL 60614</value>
          </Data>
        </ExtendedData>
      </Placemark>
      <Placemark>
        <name>Union Sushi</name>
        <address>Union Sushi Restaurant Old Town 1457 N Halsted St, Chicago, IL 60610</address>
        <description><![CDATA[Type: Restaurant<br>Neighborhood: Old Town<br>Reviews: <br>Address: 1457 N Halsted St, Chicago, IL 60610]]></description>
        <styleUrl>#icon-1899-4E342E</styleUrl>
        <ExtendedData>
          <Data name="Type">
            <value>Restaurant</value>
          </Data>
          <Data name="Neighborhood">
            <value>Old Town</value>
          </Data>
          <Data name="Reviews">
            <value/>
          </Data>
          <Data name="Address">
            <value>1457 N Halsted St, Chicago, IL 60610</value>
          </Data>
        </ExtendedData>
      </Placemark>
      <Placemark>
        <name>El Trebol</name>
        <address>El Trebol Bar Pilsen cash only 1135 W 18th St, Chicago, IL 60608</address>
        <description><![CDATA[Type: Bar<br>Neighborhood: Pilsen<br>Reviews: cash only<br>Address: 1135 W 18th St, Chicago, IL 60608]]></description>
        <styleUrl>#icon-1899-558B2F</styleUrl>
        <ExtendedData>
          <Data name="Type">
            <value>Bar</value>
          </Data>
          <Data name="Neighborhood">
            <value>Pilsen</value>
          </Data>
          <Data name="Reviews">
            <value>cash only</value>
          </Data>
          <Data name="Address">
            <value>1135 W 18th St, Chicago, IL 60608</value>
          </Data>
        </ExtendedData>
      </Placemark>
      <Placemark>
        <name>The Giant Penny Whistle</name>
        <address>The Giant Penny Whistle Bar Pilsen On Thursdays tribe night 1854 S Blue Island Ave, Chicago, IL 60608</address>
        <description><![CDATA[Type: Bar<br>Neighborhood: Pilsen<br>Reviews: On Thursdays tribe night<br>Address: 1854 S Blue Island Ave, Chicago, IL 60608]]></description>
        <styleUrl>#icon-1899-558B2F</styleUrl>
        <ExtendedData>
          <Data name="Type">
            <value>Bar</value>
          </Data>
          <Data name="Neighborhood">
            <value>Pilsen</value>
          </Data>
          <Data name="Reviews">
            <value>On Thursdays tribe night</value>
          </Data>
          <Data name="Address">
            <value>1854 S Blue Island Ave, Chicago, IL 60608</value>
          </Data>
        </ExtendedData>
      </Placemark>
      <Placemark>
        <name>Carniceria Maribel</name>
        <address>Carniceria Maribel Restaurant Pilsen 1801 W Cermak Rd, Chicago, IL 60608, United States</address>
        <description><![CDATA[Type: Restaurant<br>Neighborhood: Pilsen<br>Reviews: <br>Address: 1801 W Cermak Rd, Chicago, IL 60608, United States]]></description>
        <styleUrl>#icon-1899-558B2F</styleUrl>
        <ExtendedData>
          <Data name="Type">
            <value>Restaurant</value>
          </Data>
          <Data name="Neighborhood">
            <value>Pilsen</value>
          </Data>
          <Data name="Reviews">
            <value/>
          </Data>
          <Data name="Address">
            <value>1801 W Cermak Rd, Chicago, IL 60608, United States</value>
          </Data>
        </ExtendedData>
      </Placemark>
      <Placemark>
        <name>Novel Pizza Cafe</name>
        <address>Novel Pizza Cafe Restaurant Pilsen 1759 W 19th St, Chicago, IL 60608</address>
        <description><![CDATA[Type: Restaurant<br>Neighborhood: Pilsen<br>Reviews: <br>Address: 1759 W 19th St, Chicago, IL 60608]]></description>
        <styleUrl>#icon-1899-558B2F</styleUrl>
        <ExtendedData>
          <Data name="Type">
            <value>Restaurant</value>
          </Data>
          <Data name="Neighborhood">
            <value>Pilsen</value>
          </Data>
          <Data name="Reviews">
            <value/>
          </Data>
          <Data name="Address">
            <value>1759 W 19th St, Chicago, IL 60608</value>
          </Data>
        </ExtendedData>
      </Placemark>
      <Placemark>
        <name>Pilsen Yards</name>
        <address>Pilsen Yards Restaurant Pilsen 1163 W 18th St, Chicago, IL 60608</address>
        <description><![CDATA[Type: Restaurant<br>Neighborhood: Pilsen<br>Reviews: <br>Address: 1163 W 18th St, Chicago, IL 60608]]></description>
        <styleUrl>#icon-1899-558B2F</styleUrl>
        <ExtendedData>
          <Data name="Type">
            <value>Restaurant</value>
          </Data>
          <Data name="Neighborhood">
            <value>Pilsen</value>
          </Data>
          <Data name="Reviews">
            <value/>
          </Data>
          <Data name="Address">
            <value>1163 W 18th St, Chicago, IL 60608</value>
          </Data>
        </ExtendedData>
      </Placemark>
      <Placemark>
        <name>Quesabirria Jalisco</name>
        <address>Quesabirria Jalisco Restaurant Pilsen 1314 W 18th St, Chicago, IL 60608</address>
        <description><![CDATA[Type: Restaurant<br>Neighborhood: Pilsen<br>Reviews: <br>Address: 1314 W 18th St, Chicago, IL 60608]]></description>
        <styleUrl>#icon-1899-558B2F</styleUrl>
        <ExtendedData>
          <Data name="Type">
            <value>Restaurant</value>
          </Data>
          <Data name="Neighborhood">
            <value>Pilsen</value>
          </Data>
          <Data name="Reviews">
            <value/>
          </Data>
          <Data name="Address">
            <value>1314 W 18th St, Chicago, IL 60608</value>
          </Data>
        </ExtendedData>
      </Placemark>
      <Placemark>
        <name><![CDATA[Rubi's Tacos]]></name>
        <address><![CDATA[Rubi's Tacos Restaurant Pilsen 1316 W 18th St, Chicago, IL 60608, United States]]></address>
        <description><![CDATA[Type: Restaurant<br>Neighborhood: Pilsen<br>Reviews: <br>Address: 1316 W 18th St, Chicago, IL 60608, United States]]></description>
        <styleUrl>#icon-1899-558B2F</styleUrl>
        <ExtendedData>
          <Data name="Type">
            <value>Restaurant</value>
          </Data>
          <Data name="Neighborhood">
            <value>Pilsen</value>
          </Data>
          <Data name="Reviews">
            <value/>
          </Data>
          <Data name="Address">
            <value>1316 W 18th St, Chicago, IL 60608, United States</value>
          </Data>
        </ExtendedData>
      </Placemark>
      <Placemark>
        <name><![CDATA[Andy's Jazz Club]]></name>
        <address><![CDATA[Andy's Jazz Club Bar River North rec'd by multiple people, BRING JR 11 E Hubbard St, Chicago, IL 60611]]></address>
        <description><![CDATA[Type: Bar<br>Neighborhood: River North<br>Reviews: rec'd by multiple people, BRING JR<br>Address: 11 E Hubbard St, Chicago, IL 60611]]></description>
        <styleUrl>#icon-1899-673AB7</styleUrl>
        <ExtendedData>
          <Data name="Type">
            <value>Bar</value>
          </Data>
          <Data name="Neighborhood">
            <value>River North</value>
          </Data>
          <Data name="Reviews">
            <value><![CDATA[rec'd by multiple people, BRING JR]]></value>
          </Data>
          <Data name="Address">
            <value>11 E Hubbard St, Chicago, IL 60611</value>
          </Data>
        </ExtendedData>
      </Placemark>
      <Placemark>
        <name>Bodega Bar</name>
        <address>Bodega Bar Bar River North 15 E Ohio St, Chicago, IL 60611</address>
        <description><![CDATA[Type: Bar<br>Neighborhood: River North<br>Reviews: <br>Address: 15 E Ohio St, Chicago, IL 60611]]></description>
        <styleUrl>#icon-1899-673AB7</styleUrl>
        <ExtendedData>
          <Data name="Type">
            <value>Bar</value>
          </Data>
          <Data name="Neighborhood">
            <value>River North</value>
          </Data>
          <Data name="Reviews">
            <value/>
          </Data>
          <Data name="Address">
            <value>15 E Ohio St, Chicago, IL 60611</value>
          </Data>
        </ExtendedData>
      </Placemark>
      <Placemark>
        <name>Celeste</name>
        <address>Celeste Bar River North 111 W Hubbard St, Chicago, IL 60654</address>
        <description><![CDATA[Type: Bar<br>Neighborhood: River North<br>Reviews: <br>Address: 111 W Hubbard St, Chicago, IL 60654]]></description>
        <styleUrl>#icon-1899-673AB7</styleUrl>
        <ExtendedData>
          <Data name="Type">
            <value>Bar</value>
          </Data>
          <Data name="Neighborhood">
            <value>River North</value>
          </Data>
          <Data name="Reviews">
            <value/>
          </Data>
          <Data name="Address">
            <value>111 W Hubbard St, Chicago, IL 60654</value>
          </Data>
        </ExtendedData>
      </Placemark>
      <Placemark>
        <name>Gilt Bar</name>
        <address>Gilt Bar Bar River North library downstairs 230 W Kinzie St, Chicago, IL 60654</address>
        <description><![CDATA[Type: Bar<br>Neighborhood: River North<br>Reviews: library downstairs<br>Address: 230 W Kinzie St, Chicago, IL 60654]]></description>
        <styleUrl>#icon-1899-673AB7</styleUrl>
        <ExtendedData>
          <Data name="Type">
            <value>Bar</value>
          </Data>
          <Data name="Neighborhood">
            <value>River North</value>
          </Data>
          <Data name="Reviews">
            <value>library downstairs</value>
          </Data>
          <Data name="Address">
            <value>230 W Kinzie St, Chicago, IL 60654</value>
          </Data>
        </ExtendedData>
      </Placemark>
      <Placemark>
        <name>Headquarters Beercade</name>
        <address>Headquarters Beercade Bar River North I (Allen) did not like this bar 213 W Institute Place, Chicago, IL 60610</address>
        <description><![CDATA[Type: Bar<br>Neighborhood: River North<br>Reviews: I (Allen) did not like this bar<br>Address: 213 W Institute Place, Chicago, IL 60610]]></description>
        <styleUrl>#icon-1899-673AB7</styleUrl>
        <ExtendedData>
          <Data name="Type">
            <value>Bar</value>
          </Data>
          <Data name="Neighborhood">
            <value>River North</value>
          </Data>
          <Data name="Reviews">
            <value>I (Allen) did not like this bar</value>
          </Data>
          <Data name="Address">
            <value>213 W Institute Place, Chicago, IL 60610</value>
          </Data>
        </ExtendedData>
      </Placemark>
      <Placemark>
        <name>Howl at the Moon</name>
        <address>Howl at the Moon Bar River North Has live music every night 26 W Hubbard St, Chicago, IL 60654</address>
        <description><![CDATA[Type: Bar<br>Neighborhood: River North<br>Reviews: Has live music every night<br>Address: 26 W Hubbard St, Chicago, IL 60654]]></description>
        <styleUrl>#icon-1899-673AB7</styleUrl>
        <ExtendedData>
          <Data name="Type">
            <value>Bar</value>
          </Data>
          <Data name="Neighborhood">
            <value>River North</value>
          </Data>
          <Data name="Reviews">
            <value>Has live music every night</value>
          </Data>
          <Data name="Address">
            <value>26 W Hubbard St, Chicago, IL 60654</value>
          </Data>
        </ExtendedData>
      </Placemark>
      <Placemark>
        <name>Hubbard Inn</name>
        <address>Hubbard Inn Bar River North Go upstairs 110 W Hubbard St, Chicago, IL 60654</address>
        <description><![CDATA[Type: Bar<br>Neighborhood: River North<br>Reviews: Go upstairs<br>Address: 110 W Hubbard St, Chicago, IL 60654]]></description>
        <styleUrl>#icon-1899-673AB7</styleUrl>
        <ExtendedData>
          <Data name="Type">
            <value>Bar</value>
          </Data>
          <Data name="Neighborhood">
            <value>River North</value>
          </Data>
          <Data name="Reviews">
            <value>Go upstairs</value>
          </Data>
          <Data name="Address">
            <value>110 W Hubbard St, Chicago, IL 60654</value>
          </Data>
        </ExtendedData>
      </Placemark>
      <Placemark>
        <name>Io Godfrey</name>
        <address><![CDATA[Io Godfrey Bar River North rec'd by multiple people 127 W Huron St, Chicago, IL 60654]]></address>
        <description><![CDATA[Type: Bar<br>Neighborhood: River North<br>Reviews: rec'd by multiple people<br>Address: 127 W Huron St, Chicago, IL 60654]]></description>
        <styleUrl>#icon-1899-673AB7</styleUrl>
        <ExtendedData>
          <Data name="Type">
            <value>Bar</value>
          </Data>
          <Data name="Neighborhood">
            <value>River North</value>
          </Data>
          <Data name="Reviews">
            <value><![CDATA[rec'd by multiple people]]></value>
          </Data>
          <Data name="Address">
            <value>127 W Huron St, Chicago, IL 60654</value>
          </Data>
        </ExtendedData>
      </Placemark>
      <Placemark>
        <name><![CDATA[Lulu's Speakeasy]]></name>
        <address><![CDATA[Lulu's Speakeasy Bar River North 712 N Clark St, Chicago, IL 60654]]></address>
        <description><![CDATA[Type: Bar<br>Neighborhood: River North<br>Reviews: <br>Address: 712 N Clark St, Chicago, IL 60654]]></description>
        <styleUrl>#icon-1899-673AB7</styleUrl>
        <ExtendedData>
          <Data name="Type">
            <value>Bar</value>
          </Data>
          <Data name="Neighborhood">
            <value>River North</value>
          </Data>
          <Data name="Reviews">
            <value/>
          </Data>
          <Data name="Address">
            <value>712 N Clark St, Chicago, IL 60654</value>
          </Data>
        </ExtendedData>
      </Placemark>
      <Placemark>
        <name>Machine Engineered</name>
        <address><![CDATA[Machine Engineered Bar River North rec'd by multiple people 213 W Institute Pl, Chicago, IL 60610]]></address>
        <description><![CDATA[Type: Bar<br>Neighborhood: River North<br>Reviews: rec'd by multiple people<br>Address: 213 W Institute Pl, Chicago, IL 60610]]></description>
        <styleUrl>#icon-1899-673AB7</styleUrl>
        <ExtendedData>
          <Data name="Type">
            <value>Bar</value>
          </Data>
          <Data name="Neighborhood">
            <value>River North</value>
          </Data>
          <Data name="Reviews">
            <value><![CDATA[rec'd by multiple people]]></value>
          </Data>
          <Data name="Address">
            <value>213 W Institute Pl, Chicago, IL 60610</value>
          </Data>
        </ExtendedData>
      </Placemark>
      <Placemark>
        <name>Mercadito</name>
        <address>Mercadito Bar River North 108 W Kinzie St, Chicago, IL 60654</address>
        <description><![CDATA[Type: Bar<br>Neighborhood: River North<br>Reviews: <br>Address: 108 W Kinzie St, Chicago, IL 60654]]></description>
        <styleUrl>#icon-1899-673AB7</styleUrl>
        <ExtendedData>
          <Data name="Type">
            <value>Bar</value>
          </Data>
          <Data name="Neighborhood">
            <value>River North</value>
          </Data>
          <Data name="Reviews">
            <value/>
          </Data>
          <Data name="Address">
            <value>108 W Kinzie St, Chicago, IL 60654</value>
          </Data>
        </ExtendedData>
      </Placemark>
      <Placemark>
        <name>Pop for Champagne</name>
        <address>Pop for Champagne Bar River North 601 N State St, Chicago, IL 60610</address>
        <description><![CDATA[Type: Bar<br>Neighborhood: River North<br>Reviews: <br>Address: 601 N State St, Chicago, IL 60610]]></description>
        <styleUrl>#icon-1899-673AB7</styleUrl>
        <ExtendedData>
          <Data name="Type">
            <value>Bar</value>
          </Data>
          <Data name="Neighborhood">
            <value>River North</value>
          </Data>
          <Data name="Reviews">
            <value/>
          </Data>
          <Data name="Address">
            <value>601 N State St, Chicago, IL 60610</value>
          </Data>
        </ExtendedData>
      </Placemark>
      <Placemark>
        <name>Storyville</name>
        <address>Storyville Bar River North 712 N Clark St, Chicago, IL 60654</address>
        <description><![CDATA[Type: Bar<br>Neighborhood: River North<br>Reviews: <br>Address: 712 N Clark St, Chicago, IL 60654]]></description>
        <styleUrl>#icon-1899-673AB7</styleUrl>
        <ExtendedData>
          <Data name="Type">
            <value>Bar</value>
          </Data>
          <Data name="Neighborhood">
            <value>River North</value>
          </Data>
          <Data name="Reviews">
            <value/>
          </Data>
          <Data name="Address">
            <value>712 N Clark St, Chicago, IL 60654</value>
          </Data>
        </ExtendedData>
      </Placemark>
      <Placemark>
        <name>The Redhead Piano Bar</name>
        <address>The Redhead Piano Bar Bar River North Jazz bar, BRING JR 16 W Ontario St, Chicago, IL 60654</address>
        <description><![CDATA[Type: Bar<br>Neighborhood: River North<br>Reviews: Jazz bar, BRING JR<br>Address: 16 W Ontario St, Chicago, IL 60654]]></description>
        <styleUrl>#icon-1899-673AB7</styleUrl>
        <ExtendedData>
          <Data name="Type">
            <value>Bar</value>
          </Data>
          <Data name="Neighborhood">
            <value>River North</value>
          </Data>
          <Data name="Reviews">
            <value>Jazz bar, BRING JR</value>
          </Data>
          <Data name="Address">
            <value>16 W Ontario St, Chicago, IL 60654</value>
          </Data>
        </ExtendedData>
      </Placemark>
      <Placemark>
        <name>The Smith</name>
        <address>The Smith Bar River North 400 N Clark St, Chicago, IL 60654</address>
        <description><![CDATA[Type: Bar<br>Neighborhood: River North<br>Reviews: <br>Address: 400 N Clark St, Chicago, IL 60654]]></description>
        <styleUrl>#icon-1899-673AB7</styleUrl>
        <ExtendedData>
          <Data name="Type">
            <value>Bar</value>
          </Data>
          <Data name="Neighborhood">
            <value>River North</value>
          </Data>
          <Data name="Reviews">
            <value/>
          </Data>
          <Data name="Address">
            <value>400 N Clark St, Chicago, IL 60654</value>
          </Data>
        </ExtendedData>
      </Placemark>
      <Placemark>
        <name>Three Dots and a Dash</name>
        <address><![CDATA[Three Dots and a Dash Bar River North I (Allen) really like this place
rec'd by multiple people 435 N Clark St, Chicago, IL 60654]]></address>
        <description><![CDATA[Type: Bar<br>Neighborhood: River North<br>Reviews: I (Allen) really like this place<br>rec'd by multiple people<br>Address: 435 N Clark St, Chicago, IL 60654]]></description>
        <styleUrl>#icon-1899-673AB7</styleUrl>
        <ExtendedData>
          <Data name="Type">
            <value>Bar</value>
          </Data>
          <Data name="Neighborhood">
            <value>River North</value>
          </Data>
          <Data name="Reviews">
            <value><![CDATA[I (Allen) really like this place
rec'd by multiple people]]></value>
          </Data>
          <Data name="Address">
            <value>435 N Clark St, Chicago, IL 60654</value>
          </Data>
        </ExtendedData>
      </Placemark>
      <Placemark>
        <name>Tree House</name>
        <address>Tree House Bar River North 149 W Kinzie St, Chicago, IL 60654</address>
        <description><![CDATA[Type: Bar<br>Neighborhood: River North<br>Reviews: <br>Address: 149 W Kinzie St, Chicago, IL 60654]]></description>
        <styleUrl>#icon-1899-673AB7</styleUrl>
        <ExtendedData>
          <Data name="Type">
            <value>Bar</value>
          </Data>
          <Data name="Neighborhood">
            <value>River North</value>
          </Data>
          <Data name="Reviews">
            <value/>
          </Data>
          <Data name="Address">
            <value>149 W Kinzie St, Chicago, IL 60654</value>
          </Data>
        </ExtendedData>
      </Placemark>
      <Placemark>
        <name>Upstairs At The Gwen</name>
        <address>Upstairs At The Gwen Bar River North 521 N Rush St, Chicago, IL 60611</address>
        <description><![CDATA[Type: Bar<br>Neighborhood: River North<br>Reviews: <br>Address: 521 N Rush St, Chicago, IL 60611]]></description>
        <styleUrl>#icon-1899-673AB7</styleUrl>
        <ExtendedData>
          <Data name="Type">
            <value>Bar</value>
          </Data>
          <Data name="Neighborhood">
            <value>River North</value>
          </Data>
          <Data name="Reviews">
            <value/>
          </Data>
          <Data name="Address">
            <value>521 N Rush St, Chicago, IL 60611</value>
          </Data>
        </ExtendedData>
      </Placemark>
      <Placemark>
        <name>Meli Cafe</name>
        <address>Meli Cafe Brunch River North 540 N Wells St, Chicago, IL 60654</address>
        <description><![CDATA[Type: Brunch<br>Neighborhood: River North<br>Reviews: <br>Address: 540 N Wells St, Chicago, IL 60654]]></description>
        <styleUrl>#icon-1899-673AB7</styleUrl>
        <ExtendedData>
          <Data name="Type">
            <value>Brunch</value>
          </Data>
          <Data name="Neighborhood">
            <value>River North</value>
          </Data>
          <Data name="Reviews">
            <value/>
          </Data>
          <Data name="Address">
            <value>540 N Wells St, Chicago, IL 60654</value>
          </Data>
        </ExtendedData>
      </Placemark>
      <Placemark>
        <name>Sunny Side Up</name>
        <address>Sunny Side Up Brunch River North 42 E Superior St, Chicago, IL 60611</address>
        <description><![CDATA[Type: Brunch<br>Neighborhood: River North<br>Reviews: <br>Address: 42 E Superior St, Chicago, IL 60611]]></description>
        <styleUrl>#icon-1899-673AB7</styleUrl>
        <ExtendedData>
          <Data name="Type">
            <value>Brunch</value>
          </Data>
          <Data name="Neighborhood">
            <value>River North</value>
          </Data>
          <Data name="Reviews">
            <value/>
          </Data>
          <Data name="Address">
            <value>42 E Superior St, Chicago, IL 60611</value>
          </Data>
        </ExtendedData>
      </Placemark>
      <Placemark>
        <name>Blue Bottle Coffee</name>
        <address>Blue Bottle Coffee Cafe River North 313 W Wolf Point Plaza, Chicago, IL 60654</address>
        <description><![CDATA[Type: Cafe<br>Neighborhood: River North<br>Reviews: <br>Address: 313 W Wolf Point Plaza, Chicago, IL 60654]]></description>
        <styleUrl>#icon-1899-673AB7</styleUrl>
        <ExtendedData>
          <Data name="Type">
            <value>Cafe</value>
          </Data>
          <Data name="Neighborhood">
            <value>River North</value>
          </Data>
          <Data name="Reviews">
            <value/>
          </Data>
          <Data name="Address">
            <value>313 W Wolf Point Plaza, Chicago, IL 60654</value>
          </Data>
        </ExtendedData>
      </Placemark>
      <Placemark>
        <name>Cafe Cremerie</name>
        <address>Cafe Cremerie Cafe River North 615 N State St, Chicago, IL 60654</address>
        <description><![CDATA[Type: Cafe<br>Neighborhood: River North<br>Reviews: <br>Address: 615 N State St, Chicago, IL 60654]]></description>
        <styleUrl>#icon-1899-673AB7</styleUrl>
        <ExtendedData>
          <Data name="Type">
            <value>Cafe</value>
          </Data>
          <Data name="Neighborhood">
            <value>River North</value>
          </Data>
          <Data name="Reviews">
            <value/>
          </Data>
          <Data name="Address">
            <value>615 N State St, Chicago, IL 60654</value>
          </Data>
        </ExtendedData>
      </Placemark>
      <Placemark>
        <name><![CDATA[Layla & Ringo's]]></name>
        <address><![CDATA[Layla & Ringo's Cafe River North 914 N Wells St, Chicago, IL 60610]]></address>
        <description><![CDATA[Type: Cafe<br>Neighborhood: River North<br>Reviews: <br>Address: 914 N Wells St, Chicago, IL 60610]]></description>
        <styleUrl>#icon-1899-673AB7</styleUrl>
        <ExtendedData>
          <Data name="Type">
            <value>Cafe</value>
          </Data>
          <Data name="Neighborhood">
            <value>River North</value>
          </Data>
          <Data name="Reviews">
            <value/>
          </Data>
          <Data name="Address">
            <value>914 N Wells St, Chicago, IL 60610</value>
          </Data>
        </ExtendedData>
      </Placemark>
      <Placemark>
        <name>Bodega Nightclub</name>
        <address>Bodega Nightclub Club River North 353 N Clark St, Chicago, IL 60654</address>
        <description><![CDATA[Type: Club<br>Neighborhood: River North<br>Reviews: <br>Address: 353 N Clark St, Chicago, IL 60654]]></description>
        <styleUrl>#icon-1899-673AB7</styleUrl>
        <ExtendedData>
          <Data name="Type">
            <value>Club</value>
          </Data>
          <Data name="Neighborhood">
            <value>River North</value>
          </Data>
          <Data name="Reviews">
            <value/>
          </Data>
          <Data name="Address">
            <value>353 N Clark St, Chicago, IL 60654</value>
          </Data>
        </ExtendedData>
      </Placemark>
      <Placemark>
        <name>Joy District</name>
        <address><![CDATA[Joy District Club River North rec'd by multiple people 112 W Hubbard St, Chicago, IL 60654]]></address>
        <description><![CDATA[Type: Club<br>Neighborhood: River North<br>Reviews: rec'd by multiple people<br>Address: 112 W Hubbard St, Chicago, IL 60654]]></description>
        <styleUrl>#icon-1899-673AB7</styleUrl>
        <ExtendedData>
          <Data name="Type">
            <value>Club</value>
          </Data>
          <Data name="Neighborhood">
            <value>River North</value>
          </Data>
          <Data name="Reviews">
            <value><![CDATA[rec'd by multiple people]]></value>
          </Data>
          <Data name="Address">
            <value>112 W Hubbard St, Chicago, IL 60654</value>
          </Data>
        </ExtendedData>
      </Placemark>
      <Placemark>
        <name>LITE Chicago</name>
        <address><![CDATA[LITE Chicago Club River North Go to "Bevy's on Sundays" event 215 W Ontario St, Chicago, IL 60654]]></address>
        <description><![CDATA[Type: Club<br>Neighborhood: River North<br>Reviews: Go to "Bevy's on Sundays" event<br>Address: 215 W Ontario St, Chicago, IL 60654]]></description>
        <styleUrl>#icon-1899-673AB7</styleUrl>
        <ExtendedData>
          <Data name="Type">
            <value>Club</value>
          </Data>
          <Data name="Neighborhood">
            <value>River North</value>
          </Data>
          <Data name="Reviews">
            <value><![CDATA[Go to "Bevy's on Sundays" event]]></value>
          </Data>
          <Data name="Address">
            <value>215 W Ontario St, Chicago, IL 60654</value>
          </Data>
        </ExtendedData>
      </Placemark>
      <Placemark>
        <name>Rocbar</name>
        <address>Rocbar Club River North 25 W Hubbard St, Chicago, IL 60654</address>
        <description><![CDATA[Type: Club<br>Neighborhood: River North<br>Reviews: <br>Address: 25 W Hubbard St, Chicago, IL 60654]]></description>
        <styleUrl>#icon-1899-673AB7</styleUrl>
        <ExtendedData>
          <Data name="Type">
            <value>Club</value>
          </Data>
          <Data name="Neighborhood">
            <value>River North</value>
          </Data>
          <Data name="Reviews">
            <value/>
          </Data>
          <Data name="Address">
            <value>25 W Hubbard St, Chicago, IL 60654</value>
          </Data>
        </ExtendedData>
      </Placemark>
      <Placemark>
        <name>Spybar</name>
        <address>Spybar Club River North 646 N Franklin St, Chicago, IL 60654</address>
        <description><![CDATA[Type: Club<br>Neighborhood: River North<br>Reviews: <br>Address: 646 N Franklin St, Chicago, IL 60654]]></description>
        <styleUrl>#icon-1899-673AB7</styleUrl>
        <ExtendedData>
          <Data name="Type">
            <value>Club</value>
          </Data>
          <Data name="Neighborhood">
            <value>River North</value>
          </Data>
          <Data name="Reviews">
            <value/>
          </Data>
          <Data name="Address">
            <value>646 N Franklin St, Chicago, IL 60654</value>
          </Data>
        </ExtendedData>
      </Placemark>
      <Placemark>
        <name>Tao</name>
        <address>Tao Club River North 632 N Dearborn St, Chicago, IL 60654</address>
        <description><![CDATA[Type: Club<br>Neighborhood: River North<br>Reviews: <br>Address: 632 N Dearborn St, Chicago, IL 60654]]></description>
        <styleUrl>#icon-1899-673AB7</styleUrl>
        <ExtendedData>
          <Data name="Type">
            <value>Club</value>
          </Data>
          <Data name="Neighborhood">
            <value>River North</value>
          </Data>
          <Data name="Reviews">
            <value/>
          </Data>
          <Data name="Address">
            <value>632 N Dearborn St, Chicago, IL 60654</value>
          </Data>
        </ExtendedData>
      </Placemark>
      <Placemark>
        <name>Tunnel</name>
        <address>Tunnel Club River North 151 W Kinzie St, Chicago, IL 60654</address>
        <description><![CDATA[Type: Club<br>Neighborhood: River North<br>Reviews: <br>Address: 151 W Kinzie St, Chicago, IL 60654]]></description>
        <styleUrl>#icon-1899-673AB7</styleUrl>
        <ExtendedData>
          <Data name="Type">
            <value>Club</value>
          </Data>
          <Data name="Neighborhood">
            <value>River North</value>
          </Data>
          <Data name="Reviews">
            <value/>
          </Data>
          <Data name="Address">
            <value>151 W Kinzie St, Chicago, IL 60654</value>
          </Data>
        </ExtendedData>
      </Placemark>
      <Placemark>
        <name>Y Bar</name>
        <address>Y Bar Club River North 224 W Ontario St, Chicago, IL 60654</address>
        <description><![CDATA[Type: Club<br>Neighborhood: River North<br>Reviews: <br>Address: 224 W Ontario St, Chicago, IL 60654]]></description>
        <styleUrl>#icon-1899-673AB7</styleUrl>
        <ExtendedData>
          <Data name="Type">
            <value>Club</value>
          </Data>
          <Data name="Neighborhood">
            <value>River North</value>
          </Data>
          <Data name="Reviews">
            <value/>
          </Data>
          <Data name="Address">
            <value>224 W Ontario St, Chicago, IL 60654</value>
          </Data>
        </ExtendedData>
      </Placemark>
      <Placemark>
        <name>The MART</name>
        <address>The MART Market River North 222 W Merchandise Mart Plaza, Chicago, IL 60654</address>
        <description><![CDATA[Type: Market<br>Neighborhood: River North<br>Reviews: <br>Address: 222 W Merchandise Mart Plaza, Chicago, IL 60654]]></description>
        <styleUrl>#icon-1899-673AB7</styleUrl>
        <ExtendedData>
          <Data name="Type">
            <value>Market</value>
          </Data>
          <Data name="Neighborhood">
            <value>River North</value>
          </Data>
          <Data name="Reviews">
            <value/>
          </Data>
          <Data name="Address">
            <value>222 W Merchandise Mart Plaza, Chicago, IL 60654</value>
          </Data>
        </ExtendedData>
      </Placemark>
      <Placemark>
        <name>Bar Goa</name>
        <address>Bar Goa Restaurant River North 116 W Hubbard St, Chicago, IL 60654</address>
        <description><![CDATA[Type: Restaurant<br>Neighborhood: River North<br>Reviews: <br>Address: 116 W Hubbard St, Chicago, IL 60654]]></description>
        <styleUrl>#icon-1899-673AB7</styleUrl>
        <ExtendedData>
          <Data name="Type">
            <value>Restaurant</value>
          </Data>
          <Data name="Neighborhood">
            <value>River North</value>
          </Data>
          <Data name="Reviews">
            <value/>
          </Data>
          <Data name="Address">
            <value>116 W Hubbard St, Chicago, IL 60654</value>
          </Data>
        </ExtendedData>
      </Placemark>
      <Placemark>
        <name><![CDATA[Bavette's Bar & Boeuf]]></name>
        <address><![CDATA[Bavette's Bar & Boeuf Restaurant River North 218 W Kinzie St, Chicago, IL 60654]]></address>
        <description><![CDATA[Type: Restaurant<br>Neighborhood: River North<br>Reviews: <br>Address: 218 W Kinzie St, Chicago, IL 60654]]></description>
        <styleUrl>#icon-1899-673AB7</styleUrl>
        <ExtendedData>
          <Data name="Type">
            <value>Restaurant</value>
          </Data>
          <Data name="Neighborhood">
            <value>River North</value>
          </Data>
          <Data name="Reviews">
            <value/>
          </Data>
          <Data name="Address">
            <value>218 W Kinzie St, Chicago, IL 60654</value>
          </Data>
        </ExtendedData>
      </Placemark>
      <Placemark>
        <name>Big Sauce</name>
        <address>Big Sauce Restaurant River North from tiktok, good wings 831 N Sedgwick St, Chicago, IL 60610</address>
        <description><![CDATA[Type: Restaurant<br>Neighborhood: River North<br>Reviews: from tiktok, good wings<br>Address: 831 N Sedgwick St, Chicago, IL 60610]]></description>
        <styleUrl>#icon-1899-673AB7</styleUrl>
        <ExtendedData>
          <Data name="Type">
            <value>Restaurant</value>
          </Data>
          <Data name="Neighborhood">
            <value>River North</value>
          </Data>
          <Data name="Reviews">
            <value>from tiktok, good wings</value>
          </Data>
          <Data name="Address">
            <value>831 N Sedgwick St, Chicago, IL 60610</value>
          </Data>
        </ExtendedData>
      </Placemark>
      <Placemark>
        <name><![CDATA[Blue Sushi Sake & Grill]]></name>
        <address><![CDATA[Blue Sushi Sake & Grill Restaurant River North 415 N Dearborn St, Chicago, IL 60654]]></address>
        <description><![CDATA[Type: Restaurant<br>Neighborhood: River North<br>Reviews: <br>Address: 415 N Dearborn St, Chicago, IL 60654]]></description>
        <styleUrl>#icon-1899-673AB7</styleUrl>
        <ExtendedData>
          <Data name="Type">
            <value>Restaurant</value>
          </Data>
          <Data name="Neighborhood">
            <value>River North</value>
          </Data>
          <Data name="Reviews">
            <value/>
          </Data>
          <Data name="Address">
            <value>415 N Dearborn St, Chicago, IL 60654</value>
          </Data>
        </ExtendedData>
      </Placemark>
      <Placemark>
        <name>Chalet</name>
        <address>Chalet Restaurant River North 228 W Chicago Ave, Chicago, IL 60654</address>
        <description><![CDATA[Type: Restaurant<br>Neighborhood: River North<br>Reviews: <br>Address: 228 W Chicago Ave, Chicago, IL 60654]]></description>
        <styleUrl>#icon-1899-673AB7</styleUrl>
        <ExtendedData>
          <Data name="Type">
            <value>Restaurant</value>
          </Data>
          <Data name="Neighborhood">
            <value>River North</value>
          </Data>
          <Data name="Reviews">
            <value/>
          </Data>
          <Data name="Address">
            <value>228 W Chicago Ave, Chicago, IL 60654</value>
          </Data>
        </ExtendedData>
      </Placemark>
      <Placemark>
        <name>Crying Tiger</name>
        <address><![CDATA[Crying Tiger Restaurant River North upscale chinese food
rec'd by multiple people 51 W Hubbard St, Chicago, IL 60654]]></address>
        <description><![CDATA[Type: Restaurant<br>Neighborhood: River North<br>Reviews: upscale chinese food<br>rec'd by multiple people<br>Address: 51 W Hubbard St, Chicago, IL 60654]]></description>
        <styleUrl>#icon-1899-673AB7</styleUrl>
        <ExtendedData>
          <Data name="Type">
            <value>Restaurant</value>
          </Data>
          <Data name="Neighborhood">
            <value>River North</value>
          </Data>
          <Data name="Reviews">
            <value><![CDATA[upscale chinese food
rec'd by multiple people]]></value>
          </Data>
          <Data name="Address">
            <value>51 W Hubbard St, Chicago, IL 60654</value>
          </Data>
        </ExtendedData>
      </Placemark>
      <Placemark>
        <name>Eately</name>
        <address>Eately Restaurant River North 43 E Ohio St, Chicago, IL 60611</address>
        <description><![CDATA[Type: Restaurant<br>Neighborhood: River North<br>Reviews: <br>Address: 43 E Ohio St, Chicago, IL 60611]]></description>
        <styleUrl>#icon-1899-673AB7</styleUrl>
        <ExtendedData>
          <Data name="Type">
            <value>Restaurant</value>
          </Data>
          <Data name="Neighborhood">
            <value>River North</value>
          </Data>
          <Data name="Reviews">
            <value/>
          </Data>
          <Data name="Address">
            <value>43 E Ohio St, Chicago, IL 60611</value>
          </Data>
        </ExtendedData>
      </Placemark>
      <Placemark>
        <name>Friends Sushi</name>
        <address>Friends Sushi Restaurant River North 710 N Rush St, Chicago, IL 60611</address>
        <description><![CDATA[Type: Restaurant<br>Neighborhood: River North<br>Reviews: <br>Address: 710 N Rush St, Chicago, IL 60611]]></description>
        <styleUrl>#icon-1899-673AB7</styleUrl>
        <ExtendedData>
          <Data name="Type">
            <value>Restaurant</value>
          </Data>
          <Data name="Neighborhood">
            <value>River North</value>
          </Data>
          <Data name="Reviews">
            <value/>
          </Data>
          <Data name="Address">
            <value>710 N Rush St, Chicago, IL 60611</value>
          </Data>
        </ExtendedData>
      </Placemark>
      <Placemark>
        <name>Gordon Ramsay Burger</name>
        <address>Gordon Ramsay Burger Restaurant River North 2 E Ontario St, Chicago, IL 60611</address>
        <description><![CDATA[Type: Restaurant<br>Neighborhood: River North<br>Reviews: <br>Address: 2 E Ontario St, Chicago, IL 60611]]></description>
        <styleUrl>#icon-1899-673AB7</styleUrl>
        <ExtendedData>
          <Data name="Type">
            <value>Restaurant</value>
          </Data>
          <Data name="Neighborhood">
            <value>River North</value>
          </Data>
          <Data name="Reviews">
            <value/>
          </Data>
          <Data name="Address">
            <value>2 E Ontario St, Chicago, IL 60611</value>
          </Data>
        </ExtendedData>
      </Placemark>
      <Placemark>
        <name>Il Porcellino</name>
        <address>Il Porcellino Restaurant River North 59 W Hubbard St, Chicago, IL 60654</address>
        <description><![CDATA[Type: Restaurant<br>Neighborhood: River North<br>Reviews: <br>Address: 59 W Hubbard St, Chicago, IL 60654]]></description>
        <styleUrl>#icon-1899-673AB7</styleUrl>
        <ExtendedData>
          <Data name="Type">
            <value>Restaurant</value>
          </Data>
          <Data name="Neighborhood">
            <value>River North</value>
          </Data>
          <Data name="Reviews">
            <value/>
          </Data>
          <Data name="Address">
            <value>59 W Hubbard St, Chicago, IL 60654</value>
          </Data>
        </ExtendedData>
      </Placemark>
      <Placemark>
        <name>India House</name>
        <address>India House Restaurant River North 59 W Grand Ave, Chicago, IL 60654</address>
        <description><![CDATA[Type: Restaurant<br>Neighborhood: River North<br>Reviews: <br>Address: 59 W Grand Ave, Chicago, IL 60654]]></description>
        <styleUrl>#icon-1899-673AB7</styleUrl>
        <ExtendedData>
          <Data name="Type">
            <value>Restaurant</value>
          </Data>
          <Data name="Neighborhood">
            <value>River North</value>
          </Data>
          <Data name="Reviews">
            <value/>
          </Data>
          <Data name="Address">
            <value>59 W Grand Ave, Chicago, IL 60654</value>
          </Data>
        </ExtendedData>
      </Placemark>
      <Placemark>
        <name><![CDATA[Joe's Seafood]]></name>
        <address><![CDATA[Joe's Seafood Restaurant River North 60 E Grand Ave, Chicago, IL 60611]]></address>
        <description><![CDATA[Type: Restaurant<br>Neighborhood: River North<br>Reviews: <br>Address: 60 E Grand Ave, Chicago, IL 60611]]></description>
        <styleUrl>#icon-1899-673AB7</styleUrl>
        <ExtendedData>
          <Data name="Type">
            <value>Restaurant</value>
          </Data>
          <Data name="Neighborhood">
            <value>River North</value>
          </Data>
          <Data name="Reviews">
            <value/>
          </Data>
          <Data name="Address">
            <value>60 E Grand Ave, Chicago, IL 60611</value>
          </Data>
        </ExtendedData>
      </Placemark>
      <Placemark>
        <name>Kitchen And Kocktails</name>
        <address><![CDATA[Kitchen And Kocktails Restaurant River North rec'd by multiple people
Allen: I like their food 339 N Dearborn St, Chicago, IL 60654]]></address>
        <description><![CDATA[Type: Restaurant<br>Neighborhood: River North<br>Reviews: rec'd by multiple people<br>Allen: I like their food<br>Address: 339 N Dearborn St, Chicago, IL 60654]]></description>
        <styleUrl>#icon-1899-673AB7</styleUrl>
        <ExtendedData>
          <Data name="Type">
            <value>Restaurant</value>
          </Data>
          <Data name="Neighborhood">
            <value>River North</value>
          </Data>
          <Data name="Reviews">
            <value><![CDATA[rec'd by multiple people
Allen: I like their food]]></value>
          </Data>
          <Data name="Address">
            <value>339 N Dearborn St, Chicago, IL 60654</value>
          </Data>
        </ExtendedData>
      </Placemark>
      <Placemark>
        <name><![CDATA[Marshall's Landing]]></name>
        <address><![CDATA[Marshall's Landing Restaurant River North 222 W Merchandise Mart Plaza, Chicago, IL 60654]]></address>
        <description><![CDATA[Type: Restaurant<br>Neighborhood: River North<br>Reviews: <br>Address: 222 W Merchandise Mart Plaza, Chicago, IL 60654]]></description>
        <styleUrl>#icon-1899-673AB7</styleUrl>
        <ExtendedData>
          <Data name="Type">
            <value>Restaurant</value>
          </Data>
          <Data name="Neighborhood">
            <value>River North</value>
          </Data>
          <Data name="Reviews">
            <value/>
          </Data>
          <Data name="Address">
            <value>222 W Merchandise Mart Plaza, Chicago, IL 60654</value>
          </Data>
        </ExtendedData>
      </Placemark>
      <Placemark>
        <name>Mazala Pizza</name>
        <address>Mazala Pizza Restaurant River North 70 W Huron St, Chicago, IL 60654</address>
        <description><![CDATA[Type: Restaurant<br>Neighborhood: River North<br>Reviews: <br>Address: 70 W Huron St, Chicago, IL 60654]]></description>
        <styleUrl>#icon-1899-673AB7</styleUrl>
        <ExtendedData>
          <Data name="Type">
            <value>Restaurant</value>
          </Data>
          <Data name="Neighborhood">
            <value>River North</value>
          </Data>
          <Data name="Reviews">
            <value/>
          </Data>
          <Data name="Address">
            <value>70 W Huron St, Chicago, IL 60654</value>
          </Data>
        </ExtendedData>
      </Placemark>
      <Placemark>
        <name>Mendocino Farms</name>
        <address>Mendocino Farms Restaurant River North 508 N Clark St, Chicago, IL 60654</address>
        <description><![CDATA[Type: Restaurant<br>Neighborhood: River North<br>Reviews: <br>Address: 508 N Clark St, Chicago, IL 60654]]></description>
        <styleUrl>#icon-1899-673AB7</styleUrl>
        <ExtendedData>
          <Data name="Type">
            <value>Restaurant</value>
          </Data>
          <Data name="Neighborhood">
            <value>River North</value>
          </Data>
          <Data name="Reviews">
            <value/>
          </Data>
          <Data name="Address">
            <value>508 N Clark St, Chicago, IL 60654</value>
          </Data>
        </ExtendedData>
      </Placemark>
      <Placemark>
        <name>Nonnina</name>
        <address>Nonnina Restaurant River North 508 N Clark St, Chicago, IL 60654</address>
        <description><![CDATA[Type: Restaurant<br>Neighborhood: River North<br>Reviews: <br>Address: 508 N Clark St, Chicago, IL 60654]]></description>
        <styleUrl>#icon-1899-673AB7</styleUrl>
        <ExtendedData>
          <Data name="Type">
            <value>Restaurant</value>
          </Data>
          <Data name="Neighborhood">
            <value>River North</value>
          </Data>
          <Data name="Reviews">
            <value/>
          </Data>
          <Data name="Address">
            <value>508 N Clark St, Chicago, IL 60654</value>
          </Data>
        </ExtendedData>
      </Placemark>
      <Placemark>
        <name>Obelix</name>
        <address>Obelix Restaurant River North French 700 N Sedgwick St, Chicago, IL 60654</address>
        <description><![CDATA[Type: Restaurant<br>Neighborhood: River North<br>Reviews: French<br>Address: 700 N Sedgwick St, Chicago, IL 60654]]></description>
        <styleUrl>#icon-1899-673AB7</styleUrl>
        <ExtendedData>
          <Data name="Type">
            <value>Restaurant</value>
          </Data>
          <Data name="Neighborhood">
            <value>River North</value>
          </Data>
          <Data name="Reviews">
            <value>French</value>
          </Data>
          <Data name="Address">
            <value>700 N Sedgwick St, Chicago, IL 60654</value>
          </Data>
        </ExtendedData>
      </Placemark>
      <Placemark>
        <name>Osteria Del Pastaio</name>
        <address>Osteria Del Pastaio Restaurant River North 340 N Clark St, Chicago, IL 60654</address>
        <description><![CDATA[Type: Restaurant<br>Neighborhood: River North<br>Reviews: <br>Address: 340 N Clark St, Chicago, IL 60654]]></description>
        <styleUrl>#icon-1899-673AB7</styleUrl>
        <ExtendedData>
          <Data name="Type">
            <value>Restaurant</value>
          </Data>
          <Data name="Neighborhood">
            <value>River North</value>
          </Data>
          <Data name="Reviews">
            <value/>
          </Data>
          <Data name="Address">
            <value>340 N Clark St, Chicago, IL 60654</value>
          </Data>
        </ExtendedData>
      </Placemark>
      <Placemark>
        <name>Parlor Pizza</name>
        <address><![CDATA[Parlor Pizza Restaurant River North rec'd by multiple people 405 N Dearborn St, Chicago, IL 60654]]></address>
        <description><![CDATA[Type: Restaurant<br>Neighborhood: River North<br>Reviews: rec'd by multiple people<br>Address: 405 N Dearborn St, Chicago, IL 60654]]></description>
        <styleUrl>#icon-1899-673AB7</styleUrl>
        <ExtendedData>
          <Data name="Type">
            <value>Restaurant</value>
          </Data>
          <Data name="Neighborhood">
            <value>River North</value>
          </Data>
          <Data name="Reviews">
            <value><![CDATA[rec'd by multiple people]]></value>
          </Data>
          <Data name="Address">
            <value>405 N Dearborn St, Chicago, IL 60654</value>
          </Data>
        </ExtendedData>
      </Placemark>
      <Placemark>
        <name>Pizzeria Portofino</name>
        <address>Pizzeria Portofino Restaurant River North 317 N Clark St, Chicago, IL 60654</address>
        <description><![CDATA[Type: Restaurant<br>Neighborhood: River North<br>Reviews: <br>Address: 317 N Clark St, Chicago, IL 60654]]></description>
        <styleUrl>#icon-1899-673AB7</styleUrl>
        <ExtendedData>
          <Data name="Type">
            <value>Restaurant</value>
          </Data>
          <Data name="Neighborhood">
            <value>River North</value>
          </Data>
          <Data name="Reviews">
            <value/>
          </Data>
          <Data name="Address">
            <value>317 N Clark St, Chicago, IL 60654</value>
          </Data>
        </ExtendedData>
      </Placemark>
      <Placemark>
        <name>Planta Queen</name>
        <address>Planta Queen Restaurant River North 413 N Clark St, Chicago, IL 60654</address>
        <description><![CDATA[Type: Restaurant<br>Neighborhood: River North<br>Reviews: <br>Address: 413 N Clark St, Chicago, IL 60654]]></description>
        <styleUrl>#icon-1899-673AB7</styleUrl>
        <ExtendedData>
          <Data name="Type">
            <value>Restaurant</value>
          </Data>
          <Data name="Neighborhood">
            <value>River North</value>
          </Data>
          <Data name="Reviews">
            <value/>
          </Data>
          <Data name="Address">
            <value>413 N Clark St, Chicago, IL 60654</value>
          </Data>
        </ExtendedData>
      </Placemark>
      <Placemark>
        <name><![CDATA[Portillo's Pizza]]></name>
        <address><![CDATA[Portillo's Pizza Restaurant River North 100 W Ontario St, Chicago, IL 60610]]></address>
        <description><![CDATA[Type: Restaurant<br>Neighborhood: River North<br>Reviews: <br>Address: 100 W Ontario St, Chicago, IL 60610]]></description>
        <styleUrl>#icon-1899-673AB7</styleUrl>
        <ExtendedData>
          <Data name="Type">
            <value>Restaurant</value>
          </Data>
          <Data name="Neighborhood">
            <value>River North</value>
          </Data>
          <Data name="Reviews">
            <value/>
          </Data>
          <Data name="Address">
            <value>100 W Ontario St, Chicago, IL 60610</value>
          </Data>
        </ExtendedData>
      </Placemark>
      <Placemark>
        <name>Prosecco</name>
        <address>Prosecco Restaurant River North 710 N Wells St, Chicago, IL 60654</address>
        <description><![CDATA[Type: Restaurant<br>Neighborhood: River North<br>Reviews: <br>Address: 710 N Wells St, Chicago, IL 60654]]></description>
        <styleUrl>#icon-1899-673AB7</styleUrl>
        <ExtendedData>
          <Data name="Type">
            <value>Restaurant</value>
          </Data>
          <Data name="Neighborhood">
            <value>River North</value>
          </Data>
          <Data name="Reviews">
            <value/>
          </Data>
          <Data name="Address">
            <value>710 N Wells St, Chicago, IL 60654</value>
          </Data>
        </ExtendedData>
      </Placemark>
      <Placemark>
        <name>Ramen San</name>
        <address>Ramen San Restaurant River North try edamame hummus 59 W Hubbard St, Chicago, IL 60654</address>
        <description><![CDATA[Type: Restaurant<br>Neighborhood: River North<br>Reviews: try edamame hummus<br>Address: 59 W Hubbard St, Chicago, IL 60654]]></description>
        <styleUrl>#icon-1899-673AB7</styleUrl>
        <ExtendedData>
          <Data name="Type">
            <value>Restaurant</value>
          </Data>
          <Data name="Neighborhood">
            <value>River North</value>
          </Data>
          <Data name="Reviews">
            <value>try edamame hummus</value>
          </Data>
          <Data name="Address">
            <value>59 W Hubbard St, Chicago, IL 60654</value>
          </Data>
        </ExtendedData>
      </Placemark>
      <Placemark>
        <name>Roka Akor</name>
        <address>Roka Akor Restaurant River North 456 N Clark St, Chicago, IL 60654</address>
        <description><![CDATA[Type: Restaurant<br>Neighborhood: River North<br>Reviews: <br>Address: 456 N Clark St, Chicago, IL 60654]]></description>
        <styleUrl>#icon-1899-673AB7</styleUrl>
        <ExtendedData>
          <Data name="Type">
            <value>Restaurant</value>
          </Data>
          <Data name="Neighborhood">
            <value>River North</value>
          </Data>
          <Data name="Reviews">
            <value/>
          </Data>
          <Data name="Address">
            <value>456 N Clark St, Chicago, IL 60654</value>
          </Data>
        </ExtendedData>
      </Placemark>
      <Placemark>
        <name>RPM Seafood</name>
        <address>RPM Seafood Restaurant River North 317 N Clark St, Chicago, IL 60654</address>
        <description><![CDATA[Type: Restaurant<br>Neighborhood: River North<br>Reviews: <br>Address: 317 N Clark St, Chicago, IL 60654]]></description>
        <styleUrl>#icon-1899-673AB7</styleUrl>
        <ExtendedData>
          <Data name="Type">
            <value>Restaurant</value>
          </Data>
          <Data name="Neighborhood">
            <value>River North</value>
          </Data>
          <Data name="Reviews">
            <value/>
          </Data>
          <Data name="Address">
            <value>317 N Clark St, Chicago, IL 60654</value>
          </Data>
        </ExtendedData>
      </Placemark>
      <Placemark>
        <name>Siena Tavern</name>
        <address>Siena Tavern Restaurant River North 51 W Kinzie St, Chicago, IL 60654</address>
        <description><![CDATA[Type: Restaurant<br>Neighborhood: River North<br>Reviews: <br>Address: 51 W Kinzie St, Chicago, IL 60654]]></description>
        <styleUrl>#icon-1899-673AB7</styleUrl>
        <ExtendedData>
          <Data name="Type">
            <value>Restaurant</value>
          </Data>
          <Data name="Neighborhood">
            <value>River North</value>
          </Data>
          <Data name="Reviews">
            <value/>
          </Data>
          <Data name="Address">
            <value>51 W Kinzie St, Chicago, IL 60654</value>
          </Data>
        </ExtendedData>
      </Placemark>
      <Placemark>
        <name>SIFR</name>
        <address>SIFR Restaurant River North 660 N Orleans St, Chicago, IL 60654</address>
        <description><![CDATA[Type: Restaurant<br>Neighborhood: River North<br>Reviews: <br>Address: 660 N Orleans St, Chicago, IL 60654]]></description>
        <styleUrl>#icon-1899-673AB7</styleUrl>
        <ExtendedData>
          <Data name="Type">
            <value>Restaurant</value>
          </Data>
          <Data name="Neighborhood">
            <value>River North</value>
          </Data>
          <Data name="Reviews">
            <value/>
          </Data>
          <Data name="Address">
            <value>660 N Orleans St, Chicago, IL 60654</value>
          </Data>
        </ExtendedData>
      </Placemark>
      <Placemark>
        <name>Soul Vibez</name>
        <address>Soul Vibez Restaurant River North 226 W Chicago Ave, Chicago, IL 60654</address>
        <description><![CDATA[Type: Restaurant<br>Neighborhood: River North<br>Reviews: <br>Address: 226 W Chicago Ave, Chicago, IL 60654]]></description>
        <styleUrl>#icon-1899-673AB7</styleUrl>
        <ExtendedData>
          <Data name="Type">
            <value>Restaurant</value>
          </Data>
          <Data name="Neighborhood">
            <value>River North</value>
          </Data>
          <Data name="Reviews">
            <value/>
          </Data>
          <Data name="Address">
            <value>226 W Chicago Ave, Chicago, IL 60654</value>
          </Data>
        </ExtendedData>
      </Placemark>
      <Placemark>
        <name>Sushi San</name>
        <address>Sushi San Restaurant River North 63 W Grand Ave, Chicago, IL 60654</address>
        <description><![CDATA[Type: Restaurant<br>Neighborhood: River North<br>Reviews: <br>Address: 63 W Grand Ave, Chicago, IL 60654]]></description>
        <styleUrl>#icon-1899-673AB7</styleUrl>
        <ExtendedData>
          <Data name="Type">
            <value>Restaurant</value>
          </Data>
          <Data name="Neighborhood">
            <value>River North</value>
          </Data>
          <Data name="Reviews">
            <value/>
          </Data>
          <Data name="Address">
            <value>63 W Grand Ave, Chicago, IL 60654</value>
          </Data>
        </ExtendedData>
      </Placemark>
      <Placemark>
        <name>Tanta</name>
        <address>Tanta Restaurant River North 118 W Grand Ave, Chicago, IL 60654</address>
        <description><![CDATA[Type: Restaurant<br>Neighborhood: River North<br>Reviews: <br>Address: 118 W Grand Ave, Chicago, IL 60654]]></description>
        <styleUrl>#icon-1899-673AB7</styleUrl>
        <ExtendedData>
          <Data name="Type">
            <value>Restaurant</value>
          </Data>
          <Data name="Neighborhood">
            <value>River North</value>
          </Data>
          <Data name="Reviews">
            <value/>
          </Data>
          <Data name="Address">
            <value>118 W Grand Ave, Chicago, IL 60654</value>
          </Data>
        </ExtendedData>
      </Placemark>
      <Placemark>
        <name>True Food Kitchen</name>
        <address>True Food Kitchen Restaurant River North 1 W Erie St, Chicago, IL 60654</address>
        <description><![CDATA[Type: Restaurant<br>Neighborhood: River North<br>Reviews: <br>Address: 1 W Erie St, Chicago, IL 60654]]></description>
        <styleUrl>#icon-1899-673AB7</styleUrl>
        <ExtendedData>
          <Data name="Type">
            <value>Restaurant</value>
          </Data>
          <Data name="Neighborhood">
            <value>River North</value>
          </Data>
          <Data name="Reviews">
            <value/>
          </Data>
          <Data name="Address">
            <value>1 W Erie St, Chicago, IL 60654</value>
          </Data>
        </ExtendedData>
      </Placemark>
      <Placemark>
        <name>Tzuco</name>
        <address>Tzuco Restaurant River North 720 N State St, Chicago, IL 60654</address>
        <description><![CDATA[Type: Restaurant<br>Neighborhood: River North<br>Reviews: <br>Address: 720 N State St, Chicago, IL 60654]]></description>
        <styleUrl>#icon-1899-673AB7</styleUrl>
        <ExtendedData>
          <Data name="Type">
            <value>Restaurant</value>
          </Data>
          <Data name="Neighborhood">
            <value>River North</value>
          </Data>
          <Data name="Reviews">
            <value/>
          </Data>
          <Data name="Address">
            <value>720 N State St, Chicago, IL 60654</value>
          </Data>
        </ExtendedData>
      </Placemark>
      <Placemark>
        <name>XOCO</name>
        <address>XOCO Restaurant River North 449 N Clark St, Chicago, IL 60654</address>
        <description><![CDATA[Type: Restaurant<br>Neighborhood: River North<br>Reviews: <br>Address: 449 N Clark St, Chicago, IL 60654]]></description>
        <styleUrl>#icon-1899-673AB7</styleUrl>
        <ExtendedData>
          <Data name="Type">
            <value>Restaurant</value>
          </Data>
          <Data name="Neighborhood">
            <value>River North</value>
          </Data>
          <Data name="Reviews">
            <value/>
          </Data>
          <Data name="Address">
            <value>449 N Clark St, Chicago, IL 60654</value>
          </Data>
        </ExtendedData>
      </Placemark>
      <Placemark>
        <name>Yardbird</name>
        <address>Yardbird Restaurant River North 530 N Wabash Ave, Chicago, IL 60654</address>
        <description><![CDATA[Type: Restaurant<br>Neighborhood: River North<br>Reviews: <br>Address: 530 N Wabash Ave, Chicago, IL 60654]]></description>
        <styleUrl>#icon-1899-673AB7</styleUrl>
        <ExtendedData>
          <Data name="Type">
            <value>Restaurant</value>
          </Data>
          <Data name="Neighborhood">
            <value>River North</value>
          </Data>
          <Data name="Reviews">
            <value/>
          </Data>
          <Data name="Address">
            <value>530 N Wabash Ave, Chicago, IL 60654</value>
          </Data>
        </ExtendedData>
      </Placemark>
      <Placemark>
        <name>Zarella</name>
        <address>Zarella Restaurant River North 531 N Wells St, Chicago, IL 60654</address>
        <description><![CDATA[Type: Restaurant<br>Neighborhood: River North<br>Reviews: <br>Address: 531 N Wells St, Chicago, IL 60654]]></description>
        <styleUrl>#icon-1899-673AB7</styleUrl>
        <ExtendedData>
          <Data name="Type">
            <value>Restaurant</value>
          </Data>
          <Data name="Neighborhood">
            <value>River North</value>
          </Data>
          <Data name="Reviews">
            <value/>
          </Data>
          <Data name="Address">
            <value>531 N Wells St, Chicago, IL 60654</value>
          </Data>
        </ExtendedData>
      </Placemark>
      <Placemark>
        <name>Firecakes Donuts</name>
        <address>Firecakes Donuts Snack River North 68 W Hubbard St, Chicago, IL 60654</address>
        <description><![CDATA[Type: Snack<br>Neighborhood: River North<br>Reviews: <br>Address: 68 W Hubbard St, Chicago, IL 60654]]></description>
        <styleUrl>#icon-1899-673AB7</styleUrl>
        <ExtendedData>
          <Data name="Type">
            <value>Snack</value>
          </Data>
          <Data name="Neighborhood">
            <value>River North</value>
          </Data>
          <Data name="Reviews">
            <value/>
          </Data>
          <Data name="Address">
            <value>68 W Hubbard St, Chicago, IL 60654</value>
          </Data>
        </ExtendedData>
      </Placemark>
      <Placemark>
        <name><![CDATA[Jeni's Splendid Ice Cream]]></name>
        <address><![CDATA[Jeni's Splendid Ice Cream Snack River North 871 N Wabash Ave, Chicago, IL 60611]]></address>
        <description><![CDATA[Type: Snack<br>Neighborhood: River North<br>Reviews: <br>Address: 871 N Wabash Ave, Chicago, IL 60611]]></description>
        <styleUrl>#icon-1899-673AB7</styleUrl>
        <ExtendedData>
          <Data name="Type">
            <value>Snack</value>
          </Data>
          <Data name="Neighborhood">
            <value>River North</value>
          </Data>
          <Data name="Reviews">
            <value/>
          </Data>
          <Data name="Address">
            <value>871 N Wabash Ave, Chicago, IL 60611</value>
          </Data>
        </ExtendedData>
      </Placemark>
      <Placemark>
        <name>Jerk Jamaican Barbecue</name>
        <address>Jerk Jamaican Barbecue Restaurant River West 811 W Chicago Ave, Chicago, IL 60642</address>
        <description><![CDATA[Type: Restaurant<br>Neighborhood: River West<br>Reviews: <br>Address: 811 W Chicago Ave, Chicago, IL 60642]]></description>
        <styleUrl>#icon-1899-BDBDBD</styleUrl>
        <ExtendedData>
          <Data name="Type">
            <value>Restaurant</value>
          </Data>
          <Data name="Neighborhood">
            <value>River West</value>
          </Data>
          <Data name="Reviews">
            <value/>
          </Data>
          <Data name="Address">
            <value>811 W Chicago Ave, Chicago, IL 60642</value>
          </Data>
        </ExtendedData>
      </Placemark>
      <Placemark>
        <name>La Scarola</name>
        <address>La Scarola Restaurant River West 721 W Grand Ave, Chicago, IL 60654</address>
        <description><![CDATA[Type: Restaurant<br>Neighborhood: River West<br>Reviews: <br>Address: 721 W Grand Ave, Chicago, IL 60654]]></description>
        <styleUrl>#icon-1899-BDBDBD</styleUrl>
        <ExtendedData>
          <Data name="Type">
            <value>Restaurant</value>
          </Data>
          <Data name="Neighborhood">
            <value>River West</value>
          </Data>
          <Data name="Reviews">
            <value/>
          </Data>
          <Data name="Address">
            <value>721 W Grand Ave, Chicago, IL 60654</value>
          </Data>
        </ExtendedData>
      </Placemark>
      <Placemark>
        <name>Umami Express</name>
        <address>Umami Express Restaurant River West 850 W Superior St, Chicago, IL 60642</address>
        <description><![CDATA[Type: Restaurant<br>Neighborhood: River West<br>Reviews: <br>Address: 850 W Superior St, Chicago, IL 60642]]></description>
        <styleUrl>#icon-1899-BDBDBD</styleUrl>
        <ExtendedData>
          <Data name="Type">
            <value>Restaurant</value>
          </Data>
          <Data name="Neighborhood">
            <value>River West</value>
          </Data>
          <Data name="Reviews">
            <value/>
          </Data>
          <Data name="Address">
            <value>850 W Superior St, Chicago, IL 60642</value>
          </Data>
        </ExtendedData>
      </Placemark>
      <Placemark>
        <name>Anto Pizza</name>
        <address>Anto Pizza Restaurant Rogers Park 1547 W Jarvis Ave, Chicago, IL 60626</address>
        <description><![CDATA[Type: Restaurant<br>Neighborhood: Rogers Park<br>Reviews: <br>Address: 1547 W Jarvis Ave, Chicago, IL 60626]]></description>
        <styleUrl>#icon-1899-BDBDBD</styleUrl>
        <ExtendedData>
          <Data name="Type">
            <value>Restaurant</value>
          </Data>
          <Data name="Neighborhood">
            <value>Rogers Park</value>
          </Data>
          <Data name="Reviews">
            <value/>
          </Data>
          <Data name="Address">
            <value>1547 W Jarvis Ave, Chicago, IL 60626</value>
          </Data>
        </ExtendedData>
      </Placemark>
      <Placemark>
        <name>Kizin Creole Restaurant</name>
        <address>Kizin Creole Restaurant Restaurant Rogers Park Haitian restaurant 2311 W Howard St, Chicago, IL 60645</address>
        <description><![CDATA[Type: Restaurant<br>Neighborhood: Rogers Park<br>Reviews: Haitian restaurant<br>Address: 2311 W Howard St, Chicago, IL 60645]]></description>
        <styleUrl>#icon-1899-BDBDBD</styleUrl>
        <ExtendedData>
          <Data name="Type">
            <value>Restaurant</value>
          </Data>
          <Data name="Neighborhood">
            <value>Rogers Park</value>
          </Data>
          <Data name="Reviews">
            <value>Haitian restaurant</value>
          </Data>
          <Data name="Address">
            <value>2311 W Howard St, Chicago, IL 60645</value>
          </Data>
        </ExtendedData>
      </Placemark>
      <Placemark>
        <name>Taichi</name>
        <address>Taichi Restaurant Rogers Park Get spicy tonkostu ramen, good boba, they have a cute trinket wall, very nice atmosphere, quick service 6800 N Sheridan Rd, Chicago, IL 60626</address>
        <description><![CDATA[Type: Restaurant<br>Neighborhood: Rogers Park<br>Reviews: Get spicy tonkostu ramen, good boba, they have a cute trinket wall, very nice atmosphere, quick service<br>Address: 6800 N Sheridan Rd, Chicago, IL 60626]]></description>
        <styleUrl>#icon-1899-BDBDBD</styleUrl>
        <ExtendedData>
          <Data name="Type">
            <value>Restaurant</value>
          </Data>
          <Data name="Neighborhood">
            <value>Rogers Park</value>
          </Data>
          <Data name="Reviews">
            <value>Get spicy tonkostu ramen, good boba, they have a cute trinket wall, very nice atmosphere, quick service</value>
          </Data>
          <Data name="Address">
            <value>6800 N Sheridan Rd, Chicago, IL 60626</value>
          </Data>
        </ExtendedData>
      </Placemark>
      <Placemark>
        <name>BAR22</name>
        <address>BAR22 Bar South Loop Rnb sat nights 2244 S Michigan Ave, Chicago, IL 60616</address>
        <description><![CDATA[Type: Bar<br>Neighborhood: South Loop<br>Reviews: Rnb sat nights<br>Address: 2244 S Michigan Ave, Chicago, IL 60616]]></description>
        <styleUrl>#icon-1899-C2185B</styleUrl>
        <ExtendedData>
          <Data name="Type">
            <value>Bar</value>
          </Data>
          <Data name="Neighborhood">
            <value>South Loop</value>
          </Data>
          <Data name="Reviews">
            <value>Rnb sat nights</value>
          </Data>
          <Data name="Address">
            <value>2244 S Michigan Ave, Chicago, IL 60616</value>
          </Data>
        </ExtendedData>
      </Placemark>
      <Placemark>
        <name><![CDATA[Kasey's Tavern]]></name>
        <address><![CDATA[Kasey's Tavern Bar South Loop 701 S Dearborn St, Chicago, IL 60605]]></address>
        <description><![CDATA[Type: Bar<br>Neighborhood: South Loop<br>Reviews: <br>Address: 701 S Dearborn St, Chicago, IL 60605]]></description>
        <styleUrl>#icon-1899-C2185B</styleUrl>
        <ExtendedData>
          <Data name="Type">
            <value>Bar</value>
          </Data>
          <Data name="Neighborhood">
            <value>South Loop</value>
          </Data>
          <Data name="Reviews">
            <value/>
          </Data>
          <Data name="Address">
            <value>701 S Dearborn St, Chicago, IL 60605</value>
          </Data>
        </ExtendedData>
      </Placemark>
      <Placemark>
        <name>Reggies Chicago</name>
        <address>Reggies Chicago Bar South Loop 2105 S State St, Chicago, IL 60616</address>
        <description><![CDATA[Type: Bar<br>Neighborhood: South Loop<br>Reviews: <br>Address: 2105 S State St, Chicago, IL 60616]]></description>
        <styleUrl>#icon-1899-C2185B</styleUrl>
        <ExtendedData>
          <Data name="Type">
            <value>Bar</value>
          </Data>
          <Data name="Neighborhood">
            <value>South Loop</value>
          </Data>
          <Data name="Reviews">
            <value/>
          </Data>
          <Data name="Address">
            <value>2105 S State St, Chicago, IL 60616</value>
          </Data>
        </ExtendedData>
      </Placemark>
      <Placemark>
        <name>Vu Rooftop Bar</name>
        <address>Vu Rooftop Bar Bar South Loop 133 E Cermak Rd, Chicago, IL 60616</address>
        <description><![CDATA[Type: Bar<br>Neighborhood: South Loop<br>Reviews: <br>Address: 133 E Cermak Rd, Chicago, IL 60616]]></description>
        <styleUrl>#icon-1899-C2185B</styleUrl>
        <ExtendedData>
          <Data name="Type">
            <value>Bar</value>
          </Data>
          <Data name="Neighborhood">
            <value>South Loop</value>
          </Data>
          <Data name="Reviews">
            <value/>
          </Data>
          <Data name="Address">
            <value>133 E Cermak Rd, Chicago, IL 60616</value>
          </Data>
        </ExtendedData>
      </Placemark>
      <Placemark>
        <name>Williams Inn</name>
        <address>Williams Inn Bar South Loop Best pizza in chicago 2210 S Michigan Ave, Chicago, IL 60616</address>
        <description><![CDATA[Type: Bar<br>Neighborhood: South Loop<br>Reviews: Best pizza in chicago<br>Address: 2210 S Michigan Ave, Chicago, IL 60616]]></description>
        <styleUrl>#icon-1899-C2185B</styleUrl>
        <ExtendedData>
          <Data name="Type">
            <value>Bar</value>
          </Data>
          <Data name="Neighborhood">
            <value>South Loop</value>
          </Data>
          <Data name="Reviews">
            <value>Best pizza in chicago</value>
          </Data>
          <Data name="Address">
            <value>2210 S Michigan Ave, Chicago, IL 60616</value>
          </Data>
        </ExtendedData>
      </Placemark>
      <Placemark>
        <name><![CDATA[Batter & Berries]]></name>
        <address><![CDATA[Batter & Berries Brunch South Loop rec'd by multiple people
Get french toast flight 2318 S State St, Chicago, IL 60616]]></address>
        <description><![CDATA[Type: Brunch<br>Neighborhood: South Loop<br>Reviews: rec'd by multiple people<br>Get french toast flight<br>Address: 2318 S State St, Chicago, IL 60616]]></description>
        <styleUrl>#icon-1899-C2185B</styleUrl>
        <ExtendedData>
          <Data name="Type">
            <value>Brunch</value>
          </Data>
          <Data name="Neighborhood">
            <value>South Loop</value>
          </Data>
          <Data name="Reviews">
            <value><![CDATA[rec'd by multiple people
Get french toast flight]]></value>
          </Data>
          <Data name="Address">
            <value>2318 S State St, Chicago, IL 60616</value>
          </Data>
        </ExtendedData>
      </Placemark>
      <Placemark>
        <name>Meli Cafe</name>
        <address>Meli Cafe Brunch South Loop 500 S Dearborn St, Chicago, IL 60605</address>
        <description><![CDATA[Type: Brunch<br>Neighborhood: South Loop<br>Reviews: <br>Address: 500 S Dearborn St, Chicago, IL 60605]]></description>
        <styleUrl>#icon-1899-C2185B</styleUrl>
        <ExtendedData>
          <Data name="Type">
            <value>Brunch</value>
          </Data>
          <Data name="Neighborhood">
            <value>South Loop</value>
          </Data>
          <Data name="Reviews">
            <value/>
          </Data>
          <Data name="Address">
            <value>500 S Dearborn St, Chicago, IL 60605</value>
          </Data>
        </ExtendedData>
      </Placemark>
      <Placemark>
        <name>Yolk</name>
        <address><![CDATA[Yolk Brunch South Loop rec'd by multiple people 1120 S Michigan Ave, Chicago, IL 60605]]></address>
        <description><![CDATA[Type: Brunch<br>Neighborhood: South Loop<br>Reviews: rec'd by multiple people<br>Address: 1120 S Michigan Ave, Chicago, IL 60605]]></description>
        <styleUrl>#icon-1899-C2185B</styleUrl>
        <ExtendedData>
          <Data name="Type">
            <value>Brunch</value>
          </Data>
          <Data name="Neighborhood">
            <value>South Loop</value>
          </Data>
          <Data name="Reviews">
            <value><![CDATA[rec'd by multiple people]]></value>
          </Data>
          <Data name="Address">
            <value>1120 S Michigan Ave, Chicago, IL 60605</value>
          </Data>
        </ExtendedData>
      </Placemark>
      <Placemark>
        <name><![CDATA[Peet's Coffee]]></name>
        <address><![CDATA[Peet's Coffee Cafe South Loop 41 E 8th St, Chicago, IL 60605]]></address>
        <description><![CDATA[Type: Cafe<br>Neighborhood: South Loop<br>Reviews: <br>Address: 41 E 8th St, Chicago, IL 60605]]></description>
        <styleUrl>#icon-1899-C2185B</styleUrl>
        <ExtendedData>
          <Data name="Type">
            <value>Cafe</value>
          </Data>
          <Data name="Neighborhood">
            <value>South Loop</value>
          </Data>
          <Data name="Reviews">
            <value/>
          </Data>
          <Data name="Address">
            <value>41 E 8th St, Chicago, IL 60605</value>
          </Data>
        </ExtendedData>
      </Placemark>
      <Placemark>
        <name>BASSLINE</name>
        <address>BASSLINE Club South Loop 2239 S Michigan Ave, Chicago, IL 60616</address>
        <description><![CDATA[Type: Club<br>Neighborhood: South Loop<br>Reviews: <br>Address: 2239 S Michigan Ave, Chicago, IL 60616]]></description>
        <styleUrl>#icon-1899-C2185B</styleUrl>
        <ExtendedData>
          <Data name="Type">
            <value>Club</value>
          </Data>
          <Data name="Neighborhood">
            <value>South Loop</value>
          </Data>
          <Data name="Reviews">
            <value/>
          </Data>
          <Data name="Address">
            <value>2239 S Michigan Ave, Chicago, IL 60616</value>
          </Data>
        </ExtendedData>
      </Placemark>
      <Placemark>
        <name>Hue</name>
        <address>Hue Club South Loop 67 E Cermak Rd, Chicago, IL 60616</address>
        <description><![CDATA[Type: Club<br>Neighborhood: South Loop<br>Reviews: <br>Address: 67 E Cermak Rd, Chicago, IL 60616]]></description>
        <styleUrl>#icon-1899-C2185B</styleUrl>
        <ExtendedData>
          <Data name="Type">
            <value>Club</value>
          </Data>
          <Data name="Neighborhood">
            <value>South Loop</value>
          </Data>
          <Data name="Reviews">
            <value/>
          </Data>
          <Data name="Address">
            <value>67 E Cermak Rd, Chicago, IL 60616</value>
          </Data>
        </ExtendedData>
      </Placemark>
      <Placemark>
        <name>Chengdu Bistro Loop</name>
        <address>Chengdu Bistro Loop Restaurant South Loop 723 S Dearborn St, Chicago, IL 60605</address>
        <description><![CDATA[Type: Restaurant<br>Neighborhood: South Loop<br>Reviews: <br>Address: 723 S Dearborn St, Chicago, IL 60605]]></description>
        <styleUrl>#icon-1899-C2185B</styleUrl>
        <ExtendedData>
          <Data name="Type">
            <value>Restaurant</value>
          </Data>
          <Data name="Neighborhood">
            <value>South Loop</value>
          </Data>
          <Data name="Reviews">
            <value/>
          </Data>
          <Data name="Address">
            <value>723 S Dearborn St, Chicago, IL 60605</value>
          </Data>
        </ExtendedData>
      </Placemark>
      <Placemark>
        <name>Chicago Firehouse Restaurant</name>
        <address>Chicago Firehouse Restaurant Restaurant South Loop Josh: I should take my gf here 1401 S Michigan Ave, Chicago, IL 60605</address>
        <description><![CDATA[Type: Restaurant<br>Neighborhood: South Loop<br>Reviews: Josh: I should take my gf here<br>Address: 1401 S Michigan Ave, Chicago, IL 60605]]></description>
        <styleUrl>#icon-1899-C2185B</styleUrl>
        <ExtendedData>
          <Data name="Type">
            <value>Restaurant</value>
          </Data>
          <Data name="Neighborhood">
            <value>South Loop</value>
          </Data>
          <Data name="Reviews">
            <value>Josh: I should take my gf here</value>
          </Data>
          <Data name="Address">
            <value>1401 S Michigan Ave, Chicago, IL 60605</value>
          </Data>
        </ExtendedData>
      </Placemark>
      <Placemark>
        <name><![CDATA[Gino's East]]></name>
        <address><![CDATA[Gino's East Restaurant South Loop 521 S Dearborn St, Chicago, IL 60605]]></address>
        <description><![CDATA[Type: Restaurant<br>Neighborhood: South Loop<br>Reviews: <br>Address: 521 S Dearborn St, Chicago, IL 60605]]></description>
        <styleUrl>#icon-1899-C2185B</styleUrl>
        <ExtendedData>
          <Data name="Type">
            <value>Restaurant</value>
          </Data>
          <Data name="Neighborhood">
            <value>South Loop</value>
          </Data>
          <Data name="Reviews">
            <value/>
          </Data>
          <Data name="Address">
            <value>521 S Dearborn St, Chicago, IL 60605</value>
          </Data>
        </ExtendedData>
      </Placemark>
      <Placemark>
        <name>Harold’s Chicken Shack</name>
        <address><![CDATA[Harold’s Chicken Shack Restaurant South Loop Allen: food's okay 612 S Wabash Ave, Chicago, IL 60605]]></address>
        <description><![CDATA[Type: Restaurant<br>Neighborhood: South Loop<br>Reviews: Allen: food's okay<br>Address: 612 S Wabash Ave, Chicago, IL 60605]]></description>
        <styleUrl>#icon-1899-C2185B</styleUrl>
        <ExtendedData>
          <Data name="Type">
            <value>Restaurant</value>
          </Data>
          <Data name="Neighborhood">
            <value>South Loop</value>
          </Data>
          <Data name="Reviews">
            <value><![CDATA[Allen: food's okay]]></value>
          </Data>
          <Data name="Address">
            <value>612 S Wabash Ave, Chicago, IL 60605</value>
          </Data>
        </ExtendedData>
      </Placemark>
      <Placemark>
        <name>Jerk Villa</name>
        <address>Jerk Villa Restaurant South Loop Allen: good oxtail and goat 2216 S Michigan Ave, Chicago, IL 60616</address>
        <description><![CDATA[Type: Restaurant<br>Neighborhood: South Loop<br>Reviews: Allen: good oxtail and goat<br>Address: 2216 S Michigan Ave, Chicago, IL 60616]]></description>
        <styleUrl>#icon-1899-C2185B</styleUrl>
        <ExtendedData>
          <Data name="Type">
            <value>Restaurant</value>
          </Data>
          <Data name="Neighborhood">
            <value>South Loop</value>
          </Data>
          <Data name="Reviews">
            <value>Allen: good oxtail and goat</value>
          </Data>
          <Data name="Address">
            <value>2216 S Michigan Ave, Chicago, IL 60616</value>
          </Data>
        </ExtendedData>
      </Placemark>
      <Placemark>
        <name><![CDATA[Lou Malnati's Pizzeria]]></name>
        <address><![CDATA[Lou Malnati's Pizzeria Restaurant South Loop 805 S State St, Chicago, IL 60605]]></address>
        <description><![CDATA[Type: Restaurant<br>Neighborhood: South Loop<br>Reviews: <br>Address: 805 S State St, Chicago, IL 60605]]></description>
        <styleUrl>#icon-1899-C2185B</styleUrl>
        <ExtendedData>
          <Data name="Type">
            <value>Restaurant</value>
          </Data>
          <Data name="Neighborhood">
            <value>South Loop</value>
          </Data>
          <Data name="Reviews">
            <value/>
          </Data>
          <Data name="Address">
            <value>805 S State St, Chicago, IL 60605</value>
          </Data>
        </ExtendedData>
      </Placemark>
      <Placemark>
        <name>Low Country</name>
        <address><![CDATA[Low Country Restaurant South Loop rec'd by multiple people
seafood boil 1132 S Wabash Ave, Chicago, IL 60605]]></address>
        <description><![CDATA[Type: Restaurant<br>Neighborhood: South Loop<br>Reviews: rec'd by multiple people<br>seafood boil<br>Address: 1132 S Wabash Ave, Chicago, IL 60605]]></description>
        <styleUrl>#icon-1899-C2185B</styleUrl>
        <ExtendedData>
          <Data name="Type">
            <value>Restaurant</value>
          </Data>
          <Data name="Neighborhood">
            <value>South Loop</value>
          </Data>
          <Data name="Reviews">
            <value><![CDATA[rec'd by multiple people
seafood boil]]></value>
          </Data>
          <Data name="Address">
            <value>1132 S Wabash Ave, Chicago, IL 60605</value>
          </Data>
        </ExtendedData>
      </Placemark>
      <Placemark>
        <name>Mikami</name>
        <address>Mikami Restaurant South Loop tiktok rec, food looks really good 1400 S Michigan Ave, Chicago, IL 60605</address>
        <description><![CDATA[Type: Restaurant<br>Neighborhood: South Loop<br>Reviews: tiktok rec, food looks really good<br>Address: 1400 S Michigan Ave, Chicago, IL 60605]]></description>
        <styleUrl>#icon-1899-C2185B</styleUrl>
        <ExtendedData>
          <Data name="Type">
            <value>Restaurant</value>
          </Data>
          <Data name="Neighborhood">
            <value>South Loop</value>
          </Data>
          <Data name="Reviews">
            <value>tiktok rec, food looks really good</value>
          </Data>
          <Data name="Address">
            <value>1400 S Michigan Ave, Chicago, IL 60605</value>
          </Data>
        </ExtendedData>
      </Placemark>
      <Placemark>
        <name>Nepal House</name>
        <address>Nepal House Restaurant South Loop 1301 S Michigan Ave, Chicago, IL 60605</address>
        <description><![CDATA[Type: Restaurant<br>Neighborhood: South Loop<br>Reviews: <br>Address: 1301 S Michigan Ave, Chicago, IL 60605]]></description>
        <styleUrl>#icon-1899-C2185B</styleUrl>
        <ExtendedData>
          <Data name="Type">
            <value>Restaurant</value>
          </Data>
          <Data name="Neighborhood">
            <value>South Loop</value>
          </Data>
          <Data name="Reviews">
            <value/>
          </Data>
          <Data name="Address">
            <value>1301 S Michigan Ave, Chicago, IL 60605</value>
          </Data>
        </ExtendedData>
      </Placemark>
      <Placemark>
        <name>S2 Express Grill</name>
        <address>S2 Express Grill Restaurant South Loop Good DJ 420 S Clark St, Chicago, IL 60605</address>
        <description><![CDATA[Type: Restaurant<br>Neighborhood: South Loop<br>Reviews: Good DJ<br>Address: 420 S Clark St, Chicago, IL 60605]]></description>
        <styleUrl>#icon-1899-C2185B</styleUrl>
        <ExtendedData>
          <Data name="Type">
            <value>Restaurant</value>
          </Data>
          <Data name="Neighborhood">
            <value>South Loop</value>
          </Data>
          <Data name="Reviews">
            <value>Good DJ</value>
          </Data>
          <Data name="Address">
            <value>420 S Clark St, Chicago, IL 60605</value>
          </Data>
        </ExtendedData>
      </Placemark>
      <Placemark>
        <name>Sharks Fish and Chicken</name>
        <address>Sharks Fish and Chicken Restaurant South Loop 2139 S State St, Chicago, IL 60616</address>
        <description><![CDATA[Type: Restaurant<br>Neighborhood: South Loop<br>Reviews: <br>Address: 2139 S State St, Chicago, IL 60616]]></description>
        <styleUrl>#icon-1899-C2185B</styleUrl>
        <ExtendedData>
          <Data name="Type">
            <value>Restaurant</value>
          </Data>
          <Data name="Neighborhood">
            <value>South Loop</value>
          </Data>
          <Data name="Reviews">
            <value/>
          </Data>
          <Data name="Address">
            <value>2139 S State St, Chicago, IL 60616</value>
          </Data>
        </ExtendedData>
      </Placemark>
      <Placemark>
        <name>Thai Spoon and Sushi</name>
        <address>Thai Spoon and Sushi Restaurant South Loop Allen: they have alright food 601 S Wabash Ave, Chicago, IL 60605</address>
        <description><![CDATA[Type: Restaurant<br>Neighborhood: South Loop<br>Reviews: Allen: they have alright food<br>Address: 601 S Wabash Ave, Chicago, IL 60605]]></description>
        <styleUrl>#icon-1899-C2185B</styleUrl>
        <ExtendedData>
          <Data name="Type">
            <value>Restaurant</value>
          </Data>
          <Data name="Neighborhood">
            <value>South Loop</value>
          </Data>
          <Data name="Reviews">
            <value>Allen: they have alright food</value>
          </Data>
          <Data name="Address">
            <value>601 S Wabash Ave, Chicago, IL 60605</value>
          </Data>
        </ExtendedData>
      </Placemark>
      <Placemark>
        <name>Offshore Rooftop</name>
        <address>Offshore Rooftop Bar Streeterville On tip of Navy Pier 1000 E Grand Ave, Chicago, IL 60611</address>
        <description><![CDATA[Type: Bar<br>Neighborhood: Streeterville<br>Reviews: On tip of Navy Pier<br>Address: 1000 E Grand Ave, Chicago, IL 60611]]></description>
        <styleUrl>#icon-1899-1A237E</styleUrl>
        <ExtendedData>
          <Data name="Type">
            <value>Bar</value>
          </Data>
          <Data name="Neighborhood">
            <value>Streeterville</value>
          </Data>
          <Data name="Reviews">
            <value>On tip of Navy Pier</value>
          </Data>
          <Data name="Address">
            <value>1000 E Grand Ave, Chicago, IL 60611</value>
          </Data>
        </ExtendedData>
      </Placemark>
      <Placemark>
        <name>Second Story</name>
        <address>Second Story Bar Streeterville 157 E Ohio St, Chicago, IL 60611</address>
        <description><![CDATA[Type: Bar<br>Neighborhood: Streeterville<br>Reviews: <br>Address: 157 E Ohio St, Chicago, IL 60611]]></description>
        <styleUrl>#icon-1899-1A237E</styleUrl>
        <ExtendedData>
          <Data name="Type">
            <value>Bar</value>
          </Data>
          <Data name="Neighborhood">
            <value>Streeterville</value>
          </Data>
          <Data name="Reviews">
            <value/>
          </Data>
          <Data name="Address">
            <value>157 E Ohio St, Chicago, IL 60611</value>
          </Data>
        </ExtendedData>
      </Placemark>
      <Placemark>
        <name>Z Bar</name>
        <address>Z Bar Bar Streeterville Nice terrace rooftop 108 E Superior St, Chicago, IL 60611</address>
        <description><![CDATA[Type: Bar<br>Neighborhood: Streeterville<br>Reviews: Nice terrace rooftop<br>Address: 108 E Superior St, Chicago, IL 60611]]></description>
        <styleUrl>#icon-1899-1A237E</styleUrl>
        <ExtendedData>
          <Data name="Type">
            <value>Bar</value>
          </Data>
          <Data name="Neighborhood">
            <value>Streeterville</value>
          </Data>
          <Data name="Reviews">
            <value>Nice terrace rooftop</value>
          </Data>
          <Data name="Address">
            <value>108 E Superior St, Chicago, IL 60611</value>
          </Data>
        </ExtendedData>
      </Placemark>
      <Placemark>
        <name>Cafecito</name>
        <address>Cafecito Brunch Streeterville Allen: fav restaurant in Chicago 215 E Chestnut St, Chicago, IL 60611</address>
        <description><![CDATA[Type: Brunch<br>Neighborhood: Streeterville<br>Reviews: Allen: fav restaurant in Chicago<br>Address: 215 E Chestnut St, Chicago, IL 60611]]></description>
        <styleUrl>#icon-1899-1A237E</styleUrl>
        <ExtendedData>
          <Data name="Type">
            <value>Brunch</value>
          </Data>
          <Data name="Neighborhood">
            <value>Streeterville</value>
          </Data>
          <Data name="Reviews">
            <value>Allen: fav restaurant in Chicago</value>
          </Data>
          <Data name="Address">
            <value>215 E Chestnut St, Chicago, IL 60611</value>
          </Data>
        </ExtendedData>
      </Placemark>
      <Placemark>
        <name>Wildberry Cafe</name>
        <address>Wildberry Cafe Brunch Streeterville 196 E Pearson St, Chicago, IL 60611</address>
        <description><![CDATA[Type: Brunch<br>Neighborhood: Streeterville<br>Reviews: <br>Address: 196 E Pearson St, Chicago, IL 60611]]></description>
        <styleUrl>#icon-1899-1A237E</styleUrl>
        <ExtendedData>
          <Data name="Type">
            <value>Brunch</value>
          </Data>
          <Data name="Neighborhood">
            <value>Streeterville</value>
          </Data>
          <Data name="Reviews">
            <value/>
          </Data>
          <Data name="Address">
            <value>196 E Pearson St, Chicago, IL 60611</value>
          </Data>
        </ExtendedData>
      </Placemark>
      <Placemark>
        <name>Starbucks Reserve</name>
        <address>Starbucks Reserve Cafe Streeterville 646 N Michigan Ave, Chicago, IL 60611</address>
        <description><![CDATA[Type: Cafe<br>Neighborhood: Streeterville<br>Reviews: <br>Address: 646 N Michigan Ave, Chicago, IL 60611]]></description>
        <styleUrl>#icon-1899-1A237E</styleUrl>
        <ExtendedData>
          <Data name="Type">
            <value>Cafe</value>
          </Data>
          <Data name="Neighborhood">
            <value>Streeterville</value>
          </Data>
          <Data name="Reviews">
            <value/>
          </Data>
          <Data name="Address">
            <value>646 N Michigan Ave, Chicago, IL 60611</value>
          </Data>
        </ExtendedData>
      </Placemark>
      <Placemark>
        <name><![CDATA[TE'AMO]]></name>
        <address><![CDATA[TE'AMO Cafe Streeterville try crystallized fruit 835 N Michigan Ave, Chicago, IL 60611]]></address>
        <description><![CDATA[Type: Cafe<br>Neighborhood: Streeterville<br>Reviews: try crystallized fruit<br>Address: 835 N Michigan Ave, Chicago, IL 60611]]></description>
        <styleUrl>#icon-1899-1A237E</styleUrl>
        <ExtendedData>
          <Data name="Type">
            <value>Cafe</value>
          </Data>
          <Data name="Neighborhood">
            <value>Streeterville</value>
          </Data>
          <Data name="Reviews">
            <value>try crystallized fruit</value>
          </Data>
          <Data name="Address">
            <value>835 N Michigan Ave, Chicago, IL 60611</value>
          </Data>
        </ExtendedData>
      </Placemark>
      <Placemark>
        <name><![CDATA[Gino's East]]></name>
        <address><![CDATA[Gino's East Restaurant Streeterville 162 E Superior St, Chicago, IL 60611]]></address>
        <description><![CDATA[Type: Restaurant<br>Neighborhood: Streeterville<br>Reviews: <br>Address: 162 E Superior St, Chicago, IL 60611]]></description>
        <styleUrl>#icon-1899-1A237E</styleUrl>
        <ExtendedData>
          <Data name="Type">
            <value>Restaurant</value>
          </Data>
          <Data name="Neighborhood">
            <value>Streeterville</value>
          </Data>
          <Data name="Reviews">
            <value/>
          </Data>
          <Data name="Address">
            <value>162 E Superior St, Chicago, IL 60611</value>
          </Data>
        </ExtendedData>
      </Placemark>
      <Placemark>
        <name>Lirica</name>
        <address>Lirica Restaurant Streeterville 900 E Grand Ave, Chicago, IL 60611</address>
        <description><![CDATA[Type: Restaurant<br>Neighborhood: Streeterville<br>Reviews: <br>Address: 900 E Grand Ave, Chicago, IL 60611]]></description>
        <styleUrl>#icon-1899-1A237E</styleUrl>
        <ExtendedData>
          <Data name="Type">
            <value>Restaurant</value>
          </Data>
          <Data name="Neighborhood">
            <value>Streeterville</value>
          </Data>
          <Data name="Reviews">
            <value/>
          </Data>
          <Data name="Address">
            <value>900 E Grand Ave, Chicago, IL 60611</value>
          </Data>
        </ExtendedData>
      </Placemark>
      <Placemark>
        <name>Qiao Lin Hotpot</name>
        <address>Qiao Lin Hotpot Restaurant Streeterville 210 E Illinois St, Chicago, IL 60611</address>
        <description><![CDATA[Type: Restaurant<br>Neighborhood: Streeterville<br>Reviews: <br>Address: 210 E Illinois St, Chicago, IL 60611]]></description>
        <styleUrl>#icon-1899-1A237E</styleUrl>
        <ExtendedData>
          <Data name="Type">
            <value>Restaurant</value>
          </Data>
          <Data name="Neighborhood">
            <value>Streeterville</value>
          </Data>
          <Data name="Reviews">
            <value/>
          </Data>
          <Data name="Address">
            <value>210 E Illinois St, Chicago, IL 60611</value>
          </Data>
        </ExtendedData>
      </Placemark>
      <Placemark>
        <name>Ramen San</name>
        <address>Ramen San Restaurant Streeterville try edamame hummus 165 E Huron St, Chicago, IL 60611</address>
        <description><![CDATA[Type: Restaurant<br>Neighborhood: Streeterville<br>Reviews: try edamame hummus<br>Address: 165 E Huron St, Chicago, IL 60611]]></description>
        <styleUrl>#icon-1899-1A237E</styleUrl>
        <ExtendedData>
          <Data name="Type">
            <value>Restaurant</value>
          </Data>
          <Data name="Neighborhood">
            <value>Streeterville</value>
          </Data>
          <Data name="Reviews">
            <value>try edamame hummus</value>
          </Data>
          <Data name="Address">
            <value>165 E Huron St, Chicago, IL 60611</value>
          </Data>
        </ExtendedData>
      </Placemark>
      <Placemark>
        <name>Do-Rite</name>
        <address>Do-Rite Snack Streeterville 233 E Erie St, Chicago, IL 60611</address>
        <description><![CDATA[Type: Snack<br>Neighborhood: Streeterville<br>Reviews: <br>Address: 233 E Erie St, Chicago, IL 60611]]></description>
        <styleUrl>#icon-1899-1A237E</styleUrl>
        <ExtendedData>
          <Data name="Type">
            <value>Snack</value>
          </Data>
          <Data name="Neighborhood">
            <value>Streeterville</value>
          </Data>
          <Data name="Reviews">
            <value/>
          </Data>
          <Data name="Address">
            <value>233 E Erie St, Chicago, IL 60611</value>
          </Data>
        </ExtendedData>
      </Placemark>
      <Placemark>
        <name>Ghirardelli</name>
        <address>Ghirardelli Snack Streeterville 400 N Michigan Ave, Chicago, IL 60611</address>
        <description><![CDATA[Type: Snack<br>Neighborhood: Streeterville<br>Reviews: <br>Address: 400 N Michigan Ave, Chicago, IL 60611]]></description>
        <styleUrl>#icon-1899-1A237E</styleUrl>
        <ExtendedData>
          <Data name="Type">
            <value>Snack</value>
          </Data>
          <Data name="Neighborhood">
            <value>Streeterville</value>
          </Data>
          <Data name="Reviews">
            <value/>
          </Data>
          <Data name="Address">
            <value>400 N Michigan Ave, Chicago, IL 60611</value>
          </Data>
        </ExtendedData>
      </Placemark>
      <Placemark>
        <name><![CDATA[Sweet Mandy B's]]></name>
        <address><![CDATA[Sweet Mandy B's Snack Streeterville 254 E Ontario St, Chicago, IL 60611]]></address>
        <description><![CDATA[Type: Snack<br>Neighborhood: Streeterville<br>Reviews: <br>Address: 254 E Ontario St, Chicago, IL 60611]]></description>
        <styleUrl>#icon-1899-1A237E</styleUrl>
        <ExtendedData>
          <Data name="Type">
            <value>Snack</value>
          </Data>
          <Data name="Neighborhood">
            <value>Streeterville</value>
          </Data>
          <Data name="Reviews">
            <value/>
          </Data>
          <Data name="Address">
            <value>254 E Ontario St, Chicago, IL 60611</value>
          </Data>
        </ExtendedData>
      </Placemark>
      <Placemark>
        <name><![CDATA[Drink & Ink]]></name>
        <address><![CDATA[Drink & Ink Bar Uptown livestream of people getting tattoos next door 4443 N Broadway, Chicago, IL 60640]]></address>
        <description><![CDATA[Type: Bar<br>Neighborhood: Uptown<br>Reviews: livestream of people getting tattoos next door<br>Address: 4443 N Broadway, Chicago, IL 60640]]></description>
        <styleUrl>#icon-1899-880E4F</styleUrl>
        <ExtendedData>
          <Data name="Type">
            <value>Bar</value>
          </Data>
          <Data name="Neighborhood">
            <value>Uptown</value>
          </Data>
          <Data name="Reviews">
            <value>livestream of people getting tattoos next door</value>
          </Data>
          <Data name="Address">
            <value>4443 N Broadway, Chicago, IL 60640</value>
          </Data>
        </ExtendedData>
      </Placemark>
      <Placemark>
        <name><![CDATA[My Buddy's]]></name>
        <address><![CDATA[My Buddy's Bar Uptown 4416 N Clark St, Chicago, IL 60640]]></address>
        <description><![CDATA[Type: Bar<br>Neighborhood: Uptown<br>Reviews: <br>Address: 4416 N Clark St, Chicago, IL 60640]]></description>
        <styleUrl>#icon-1899-880E4F</styleUrl>
        <ExtendedData>
          <Data name="Type">
            <value>Bar</value>
          </Data>
          <Data name="Neighborhood">
            <value>Uptown</value>
          </Data>
          <Data name="Reviews">
            <value/>
          </Data>
          <Data name="Address">
            <value>4416 N Clark St, Chicago, IL 60640</value>
          </Data>
        </ExtendedData>
      </Placemark>
      <Placemark>
        <name>Green Mill</name>
        <address>Green Mill Club Uptown One of the oldest speakeasys in Chicago, plays jazz music 4802 N Broadway, Chicago, IL 60640</address>
        <description><![CDATA[Type: Club<br>Neighborhood: Uptown<br>Reviews: One of the oldest speakeasys in Chicago, plays jazz music<br>Address: 4802 N Broadway, Chicago, IL 60640]]></description>
        <styleUrl>#icon-1899-880E4F</styleUrl>
        <ExtendedData>
          <Data name="Type">
            <value>Club</value>
          </Data>
          <Data name="Neighborhood">
            <value>Uptown</value>
          </Data>
          <Data name="Reviews">
            <value>One of the oldest speakeasys in Chicago, plays jazz music</value>
          </Data>
          <Data name="Address">
            <value>4802 N Broadway, Chicago, IL 60640</value>
          </Data>
        </ExtendedData>
      </Placemark>
      <Placemark>
        <name>BadaBing Wings Zone</name>
        <address><![CDATA[BadaBing Wings Zone Restaurant Uptown rec'd by tiktok, best wings in chicago 4754 N Clark St, Chicago, IL 60640]]></address>
        <description><![CDATA[Type: Restaurant<br>Neighborhood: Uptown<br>Reviews: rec'd by tiktok, best wings in chicago<br>Address: 4754 N Clark St, Chicago, IL 60640]]></description>
        <styleUrl>#icon-1899-880E4F</styleUrl>
        <ExtendedData>
          <Data name="Type">
            <value>Restaurant</value>
          </Data>
          <Data name="Neighborhood">
            <value>Uptown</value>
          </Data>
          <Data name="Reviews">
            <value><![CDATA[rec'd by tiktok, best wings in chicago]]></value>
          </Data>
          <Data name="Address">
            <value>4754 N Clark St, Chicago, IL 60640</value>
          </Data>
        </ExtendedData>
      </Placemark>
      <Placemark>
        <name>Nha Hang</name>
        <address>Nha Hang Restaurant Uptown Pho looked good on TikTok 1032 W Argyle St, Chicago, IL 60640</address>
        <description><![CDATA[Type: Restaurant<br>Neighborhood: Uptown<br>Reviews: Pho looked good on TikTok<br>Address: 1032 W Argyle St, Chicago, IL 60640]]></description>
        <styleUrl>#icon-1899-880E4F</styleUrl>
        <ExtendedData>
          <Data name="Type">
            <value>Restaurant</value>
          </Data>
          <Data name="Neighborhood">
            <value>Uptown</value>
          </Data>
          <Data name="Reviews">
            <value>Pho looked good on TikTok</value>
          </Data>
          <Data name="Address">
            <value>1032 W Argyle St, Chicago, IL 60640</value>
          </Data>
        </ExtendedData>
      </Placemark>
      <Placemark>
        <name>YooYee</name>
        <address>YooYee Restaurant Uptown 4925 N Broadway, Chicago, IL 60640</address>
        <description><![CDATA[Type: Restaurant<br>Neighborhood: Uptown<br>Reviews: <br>Address: 4925 N Broadway, Chicago, IL 60640]]></description>
        <styleUrl>#icon-1899-880E4F</styleUrl>
        <ExtendedData>
          <Data name="Type">
            <value>Restaurant</value>
          </Data>
          <Data name="Neighborhood">
            <value>Uptown</value>
          </Data>
          <Data name="Reviews">
            <value/>
          </Data>
          <Data name="Address">
            <value>4925 N Broadway, Chicago, IL 60640</value>
          </Data>
        </ExtendedData>
      </Placemark>
      <Placemark>
        <name><![CDATA[Kitsch'n on Roscoe]]></name>
        <address><![CDATA[Kitsch'n on Roscoe Brunch West Lakeview 2005 W Roscoe St, Chicago, IL 60618]]></address>
        <description><![CDATA[Type: Brunch<br>Neighborhood: West Lakeview<br>Reviews: <br>Address: 2005 W Roscoe St, Chicago, IL 60618]]></description>
        <styleUrl>#icon-1899-BDBDBD</styleUrl>
        <ExtendedData>
          <Data name="Type">
            <value>Brunch</value>
          </Data>
          <Data name="Neighborhood">
            <value>West Lakeview</value>
          </Data>
          <Data name="Reviews">
            <value/>
          </Data>
          <Data name="Address">
            <value>2005 W Roscoe St, Chicago, IL 60618</value>
          </Data>
        </ExtendedData>
      </Placemark>
      <Placemark>
        <name>Hexe Coffee Co</name>
        <address>Hexe Coffee Co Cafe West Lakeview chill coffee shop with a patio 2000 W Diversey Pkwy, Chicago, IL 60614</address>
        <description><![CDATA[Type: Cafe<br>Neighborhood: West Lakeview<br>Reviews: chill coffee shop with a patio<br>Address: 2000 W Diversey Pkwy, Chicago, IL 60614]]></description>
        <styleUrl>#icon-1899-BDBDBD</styleUrl>
        <ExtendedData>
          <Data name="Type">
            <value>Cafe</value>
          </Data>
          <Data name="Neighborhood">
            <value>West Lakeview</value>
          </Data>
          <Data name="Reviews">
            <value>chill coffee shop with a patio</value>
          </Data>
          <Data name="Address">
            <value>2000 W Diversey Pkwy, Chicago, IL 60614</value>
          </Data>
        </ExtendedData>
      </Placemark>
      <Placemark>
        <name><![CDATA[Scooter's Frozen Custard]]></name>
        <address><![CDATA[Scooter's Frozen Custard Snack West Lakeview 1658 W Belmont Ave, Chicago, IL 60657]]></address>
        <description><![CDATA[Type: Snack<br>Neighborhood: West Lakeview<br>Reviews: <br>Address: 1658 W Belmont Ave, Chicago, IL 60657]]></description>
        <styleUrl>#icon-1899-BDBDBD</styleUrl>
        <ExtendedData>
          <Data name="Type">
            <value>Snack</value>
          </Data>
          <Data name="Neighborhood">
            <value>West Lakeview</value>
          </Data>
          <Data name="Reviews">
            <value/>
          </Data>
          <Data name="Address">
            <value>1658 W Belmont Ave, Chicago, IL 60657</value>
          </Data>
        </ExtendedData>
      </Placemark>
      <Placemark>
        <name>Federales</name>
        <address><![CDATA[Federales Bar West Loop rec'd by multiple people 180 N Morgan St, Chicago, IL 60607]]></address>
        <description><![CDATA[Type: Bar<br>Neighborhood: West Loop<br>Reviews: rec'd by multiple people<br>Address: 180 N Morgan St, Chicago, IL 60607]]></description>
        <styleUrl>#icon-1899-817717</styleUrl>
        <ExtendedData>
          <Data name="Type">
            <value>Bar</value>
          </Data>
          <Data name="Neighborhood">
            <value>West Loop</value>
          </Data>
          <Data name="Reviews">
            <value><![CDATA[rec'd by multiple people]]></value>
          </Data>
          <Data name="Address">
            <value>180 N Morgan St, Chicago, IL 60607</value>
          </Data>
        </ExtendedData>
      </Placemark>
      <Placemark>
        <name>Fox Bar</name>
        <address>Fox Bar Bar West Loop 113 N Green St, Chicago, IL 60607</address>
        <description><![CDATA[Type: Bar<br>Neighborhood: West Loop<br>Reviews: <br>Address: 113 N Green St, Chicago, IL 60607]]></description>
        <styleUrl>#icon-1899-817717</styleUrl>
        <ExtendedData>
          <Data name="Type">
            <value>Bar</value>
          </Data>
          <Data name="Neighborhood">
            <value>West Loop</value>
          </Data>
          <Data name="Reviews">
            <value/>
          </Data>
          <Data name="Address">
            <value>113 N Green St, Chicago, IL 60607</value>
          </Data>
        </ExtendedData>
      </Placemark>
      <Placemark>
        <name>Inkwell</name>
        <address>Inkwell Bar West Loop 1039 W Lake St, Chicago, IL 60607</address>
        <description><![CDATA[Type: Bar<br>Neighborhood: West Loop<br>Reviews: <br>Address: 1039 W Lake St, Chicago, IL 60607]]></description>
        <styleUrl>#icon-1899-817717</styleUrl>
        <ExtendedData>
          <Data name="Type">
            <value>Bar</value>
          </Data>
          <Data name="Neighborhood">
            <value>West Loop</value>
          </Data>
          <Data name="Reviews">
            <value/>
          </Data>
          <Data name="Address">
            <value>1039 W Lake St, Chicago, IL 60607</value>
          </Data>
        </ExtendedData>
      </Placemark>
      <Placemark>
        <name>Moneygun</name>
        <address><![CDATA[Moneygun Bar West Loop rec'd by multiple people 660 W Lake St, Chicago, IL 60661]]></address>
        <description><![CDATA[Type: Bar<br>Neighborhood: West Loop<br>Reviews: rec'd by multiple people<br>Address: 660 W Lake St, Chicago, IL 60661]]></description>
        <styleUrl>#icon-1899-817717</styleUrl>
        <ExtendedData>
          <Data name="Type">
            <value>Bar</value>
          </Data>
          <Data name="Neighborhood">
            <value>West Loop</value>
          </Data>
          <Data name="Reviews">
            <value><![CDATA[rec'd by multiple people]]></value>
          </Data>
          <Data name="Address">
            <value>660 W Lake St, Chicago, IL 60661</value>
          </Data>
        </ExtendedData>
      </Placemark>
      <Placemark>
        <name>Recess</name>
        <address><![CDATA[Recess Bar West Loop rec'd by multiple people 838 W Kinzie St, Chicago, IL 60607]]></address>
        <description><![CDATA[Type: Bar<br>Neighborhood: West Loop<br>Reviews: rec'd by multiple people<br>Address: 838 W Kinzie St, Chicago, IL 60607]]></description>
        <styleUrl>#icon-1899-817717</styleUrl>
        <ExtendedData>
          <Data name="Type">
            <value>Bar</value>
          </Data>
          <Data name="Neighborhood">
            <value>West Loop</value>
          </Data>
          <Data name="Reviews">
            <value><![CDATA[rec'd by multiple people]]></value>
          </Data>
          <Data name="Address">
            <value>838 W Kinzie St, Chicago, IL 60607</value>
          </Data>
        </ExtendedData>
      </Placemark>
      <Placemark>
        <name>The Press Room</name>
        <address>The Press Room Bar West Loop basement speakeasy 1134 W Washington Blvd, Chicago, IL 60607</address>
        <description><![CDATA[Type: Bar<br>Neighborhood: West Loop<br>Reviews: basement speakeasy<br>Address: 1134 W Washington Blvd, Chicago, IL 60607]]></description>
        <styleUrl>#icon-1899-817717</styleUrl>
        <ExtendedData>
          <Data name="Type">
            <value>Bar</value>
          </Data>
          <Data name="Neighborhood">
            <value>West Loop</value>
          </Data>
          <Data name="Reviews">
            <value>basement speakeasy</value>
          </Data>
          <Data name="Address">
            <value>1134 W Washington Blvd, Chicago, IL 60607</value>
          </Data>
        </ExtendedData>
      </Placemark>
      <Placemark>
        <name>Fora</name>
        <address>Fora Brunch West Loop $30 bottomless mimosas 311 N Morgan St, Chicago, IL 60607</address>
        <description><![CDATA[Type: Brunch<br>Neighborhood: West Loop<br>Reviews: $30 bottomless mimosas<br>Address: 311 N Morgan St, Chicago, IL 60607]]></description>
        <styleUrl>#icon-1899-817717</styleUrl>
        <ExtendedData>
          <Data name="Type">
            <value>Brunch</value>
          </Data>
          <Data name="Neighborhood">
            <value>West Loop</value>
          </Data>
          <Data name="Reviews">
            <value>$30 bottomless mimosas</value>
          </Data>
          <Data name="Address">
            <value>311 N Morgan St, Chicago, IL 60607</value>
          </Data>
        </ExtendedData>
      </Placemark>
      <Placemark>
        <name>Wishbone</name>
        <address>Wishbone Brunch West Loop 161 N Jefferson St, Chicago, IL 60661</address>
        <description><![CDATA[Type: Brunch<br>Neighborhood: West Loop<br>Reviews: <br>Address: 161 N Jefferson St, Chicago, IL 60661]]></description>
        <styleUrl>#icon-1899-817717</styleUrl>
        <ExtendedData>
          <Data name="Type">
            <value>Brunch</value>
          </Data>
          <Data name="Neighborhood">
            <value>West Loop</value>
          </Data>
          <Data name="Reviews">
            <value/>
          </Data>
          <Data name="Address">
            <value>161 N Jefferson St, Chicago, IL 60661</value>
          </Data>
        </ExtendedData>
      </Placemark>
      <Placemark>
        <name>Good Ambler</name>
        <address>Good Ambler Cafe West Loop 216 N Peoria St, Chicago, IL 60607</address>
        <description><![CDATA[Type: Cafe<br>Neighborhood: West Loop<br>Reviews: <br>Address: 216 N Peoria St, Chicago, IL 60607]]></description>
        <styleUrl>#icon-1899-817717</styleUrl>
        <ExtendedData>
          <Data name="Type">
            <value>Cafe</value>
          </Data>
          <Data name="Neighborhood">
            <value>West Loop</value>
          </Data>
          <Data name="Reviews">
            <value/>
          </Data>
          <Data name="Address">
            <value>216 N Peoria St, Chicago, IL 60607</value>
          </Data>
        </ExtendedData>
      </Placemark>
      <Placemark>
        <name>Matcha Cita</name>
        <address>Matcha Cita Cafe West Loop 1017 W Lake St, Chicago, IL 60607</address>
        <description><![CDATA[Type: Cafe<br>Neighborhood: West Loop<br>Reviews: <br>Address: 1017 W Lake St, Chicago, IL 60607]]></description>
        <styleUrl>#icon-1899-817717</styleUrl>
        <ExtendedData>
          <Data name="Type">
            <value>Cafe</value>
          </Data>
          <Data name="Neighborhood">
            <value>West Loop</value>
          </Data>
          <Data name="Reviews">
            <value/>
          </Data>
          <Data name="Address">
            <value>1017 W Lake St, Chicago, IL 60607</value>
          </Data>
        </ExtendedData>
      </Placemark>
      <Placemark>
        <name>The Allis</name>
        <address>The Allis Cafe West Loop 113 N Green St, Chicago, IL 60607</address>
        <description><![CDATA[Type: Cafe<br>Neighborhood: West Loop<br>Reviews: <br>Address: 113 N Green St, Chicago, IL 60607]]></description>
        <styleUrl>#icon-1899-817717</styleUrl>
        <ExtendedData>
          <Data name="Type">
            <value>Cafe</value>
          </Data>
          <Data name="Neighborhood">
            <value>West Loop</value>
          </Data>
          <Data name="Reviews">
            <value/>
          </Data>
          <Data name="Address">
            <value>113 N Green St, Chicago, IL 60607</value>
          </Data>
        </ExtendedData>
      </Placemark>
      <Placemark>
        <name>Blind Barber</name>
        <address><![CDATA[Blind Barber Club West Loop 70s-themed bar
Hidden entrance speakeasy
rec'd by multiple people
I (Allen) like it 948 W Fulton St, Chicago, IL 60607]]></address>
        <description><![CDATA[Type: Club<br>Neighborhood: West Loop<br>Reviews: 70s-themed bar<br>Hidden entrance speakeasy<br>rec'd by multiple people<br>I (Allen) like it<br>Address: 948 W Fulton St, Chicago, IL 60607]]></description>
        <styleUrl>#icon-1899-817717</styleUrl>
        <ExtendedData>
          <Data name="Type">
            <value>Club</value>
          </Data>
          <Data name="Neighborhood">
            <value>West Loop</value>
          </Data>
          <Data name="Reviews">
            <value><![CDATA[70s-themed bar
Hidden entrance speakeasy
rec'd by multiple people
I (Allen) like it]]></value>
          </Data>
          <Data name="Address">
            <value>948 W Fulton St, Chicago, IL 60607</value>
          </Data>
        </ExtendedData>
      </Placemark>
      <Placemark>
        <name>Esco Bar</name>
        <address>Esco Bar Club West Loop 738 W Couch Place, Chicago, IL 60661</address>
        <description><![CDATA[Type: Club<br>Neighborhood: West Loop<br>Reviews: <br>Address: 738 W Couch Place, Chicago, IL 60661]]></description>
        <styleUrl>#icon-1899-817717</styleUrl>
        <ExtendedData>
          <Data name="Type">
            <value>Club</value>
          </Data>
          <Data name="Neighborhood">
            <value>West Loop</value>
          </Data>
          <Data name="Reviews">
            <value/>
          </Data>
          <Data name="Address">
            <value>738 W Couch Place, Chicago, IL 60661</value>
          </Data>
        </ExtendedData>
      </Placemark>
      <Placemark>
        <name>Good Night John Boy</name>
        <address>Good Night John Boy Club West Loop $20 cover fee for men 905 W Randolph St, Chicago, IL 60607</address>
        <description><![CDATA[Type: Club<br>Neighborhood: West Loop<br>Reviews: $20 cover fee for men<br>Address: 905 W Randolph St, Chicago, IL 60607]]></description>
        <styleUrl>#icon-1899-817717</styleUrl>
        <ExtendedData>
          <Data name="Type">
            <value>Club</value>
          </Data>
          <Data name="Neighborhood">
            <value>West Loop</value>
          </Data>
          <Data name="Reviews">
            <value>$20 cover fee for men</value>
          </Data>
          <Data name="Address">
            <value>905 W Randolph St, Chicago, IL 60607</value>
          </Data>
        </ExtendedData>
      </Placemark>
      <Placemark>
        <name>Aba</name>
        <address>Aba Restaurant West Loop Mediterranean food 302 N Green St, Chicago, IL 60607</address>
        <description><![CDATA[Type: Restaurant<br>Neighborhood: West Loop<br>Reviews: Mediterranean food<br>Address: 302 N Green St, Chicago, IL 60607]]></description>
        <styleUrl>#icon-1899-817717</styleUrl>
        <ExtendedData>
          <Data name="Type">
            <value>Restaurant</value>
          </Data>
          <Data name="Neighborhood">
            <value>West Loop</value>
          </Data>
          <Data name="Reviews">
            <value>Mediterranean food</value>
          </Data>
          <Data name="Address">
            <value>302 N Green St, Chicago, IL 60607</value>
          </Data>
        </ExtendedData>
      </Placemark>
      <Placemark>
        <name>Alla Vita</name>
        <address>Alla Vita Restaurant West Loop 564 W Randolph St, Chicago, IL 60661</address>
        <description><![CDATA[Type: Restaurant<br>Neighborhood: West Loop<br>Reviews: <br>Address: 564 W Randolph St, Chicago, IL 60661]]></description>
        <styleUrl>#icon-1899-817717</styleUrl>
        <ExtendedData>
          <Data name="Type">
            <value>Restaurant</value>
          </Data>
          <Data name="Neighborhood">
            <value>West Loop</value>
          </Data>
          <Data name="Reviews">
            <value/>
          </Data>
          <Data name="Address">
            <value>564 W Randolph St, Chicago, IL 60661</value>
          </Data>
        </ExtendedData>
      </Placemark>
      <Placemark>
        <name>Athena</name>
        <address>Athena Restaurant West Loop 212 S Halsted St, Chicago, IL 60661</address>
        <description><![CDATA[Type: Restaurant<br>Neighborhood: West Loop<br>Reviews: <br>Address: 212 S Halsted St, Chicago, IL 60661]]></description>
        <styleUrl>#icon-1899-817717</styleUrl>
        <ExtendedData>
          <Data name="Type">
            <value>Restaurant</value>
          </Data>
          <Data name="Neighborhood">
            <value>West Loop</value>
          </Data>
          <Data name="Reviews">
            <value/>
          </Data>
          <Data name="Address">
            <value>212 S Halsted St, Chicago, IL 60661</value>
          </Data>
        </ExtendedData>
      </Placemark>
      <Placemark>
        <name>Avec</name>
        <address><![CDATA[Avec Restaurant West Loop rec'd by multiple people 615 W Randolph St, Chicago, IL 60661]]></address>
        <description><![CDATA[Type: Restaurant<br>Neighborhood: West Loop<br>Reviews: rec'd by multiple people<br>Address: 615 W Randolph St, Chicago, IL 60661]]></description>
        <styleUrl>#icon-1899-817717</styleUrl>
        <ExtendedData>
          <Data name="Type">
            <value>Restaurant</value>
          </Data>
          <Data name="Neighborhood">
            <value>West Loop</value>
          </Data>
          <Data name="Reviews">
            <value><![CDATA[rec'd by multiple people]]></value>
          </Data>
          <Data name="Address">
            <value>615 W Randolph St, Chicago, IL 60661</value>
          </Data>
        </ExtendedData>
      </Placemark>
      <Placemark>
        <name>Bar Siena</name>
        <address>Bar Siena Restaurant West Loop 832 W Randolph St, Chicago, IL 60607</address>
        <description><![CDATA[Type: Restaurant<br>Neighborhood: West Loop<br>Reviews: <br>Address: 832 W Randolph St, Chicago, IL 60607]]></description>
        <styleUrl>#icon-1899-817717</styleUrl>
        <ExtendedData>
          <Data name="Type">
            <value>Restaurant</value>
          </Data>
          <Data name="Neighborhood">
            <value>West Loop</value>
          </Data>
          <Data name="Reviews">
            <value/>
          </Data>
          <Data name="Address">
            <value>832 W Randolph St, Chicago, IL 60607</value>
          </Data>
        </ExtendedData>
      </Placemark>
      <Placemark>
        <name>Butterfly Sushi</name>
        <address>Butterfly Sushi Restaurant West Loop 1139 W Grand Ave, Chicago, IL 60642</address>
        <description><![CDATA[Type: Restaurant<br>Neighborhood: West Loop<br>Reviews: <br>Address: 1139 W Grand Ave, Chicago, IL 60642]]></description>
        <styleUrl>#icon-1899-817717</styleUrl>
        <ExtendedData>
          <Data name="Type">
            <value>Restaurant</value>
          </Data>
          <Data name="Neighborhood">
            <value>West Loop</value>
          </Data>
          <Data name="Reviews">
            <value/>
          </Data>
          <Data name="Address">
            <value>1139 W Grand Ave, Chicago, IL 60642</value>
          </Data>
        </ExtendedData>
      </Placemark>
      <Placemark>
        <name>Cabra</name>
        <address>Cabra Restaurant West Loop good peruvian food 200 N Green St, Chicago, IL 60607</address>
        <description><![CDATA[Type: Restaurant<br>Neighborhood: West Loop<br>Reviews: good peruvian food<br>Address: 200 N Green St, Chicago, IL 60607]]></description>
        <styleUrl>#icon-1899-817717</styleUrl>
        <ExtendedData>
          <Data name="Type">
            <value>Restaurant</value>
          </Data>
          <Data name="Neighborhood">
            <value>West Loop</value>
          </Data>
          <Data name="Reviews">
            <value>good peruvian food</value>
          </Data>
          <Data name="Address">
            <value>200 N Green St, Chicago, IL 60607</value>
          </Data>
        </ExtendedData>
      </Placemark>
      <Placemark>
        <name>Cira</name>
        <address>Cira Restaurant West Loop Mediterranean place 200 N Green St, Chicago, IL 60607</address>
        <description><![CDATA[Type: Restaurant<br>Neighborhood: West Loop<br>Reviews: Mediterranean place<br>Address: 200 N Green St, Chicago, IL 60607]]></description>
        <styleUrl>#icon-1899-817717</styleUrl>
        <ExtendedData>
          <Data name="Type">
            <value>Restaurant</value>
          </Data>
          <Data name="Neighborhood">
            <value>West Loop</value>
          </Data>
          <Data name="Reviews">
            <value>Mediterranean place</value>
          </Data>
          <Data name="Address">
            <value>200 N Green St, Chicago, IL 60607</value>
          </Data>
        </ExtendedData>
      </Placemark>
      <Placemark>
        <name><![CDATA[D'Amato's Bakery]]></name>
        <address><![CDATA[D'Amato's Bakery Restaurant West Loop 1124 W Grand Ave, Chicago, IL 60642]]></address>
        <description><![CDATA[Type: Restaurant<br>Neighborhood: West Loop<br>Reviews: <br>Address: 1124 W Grand Ave, Chicago, IL 60642]]></description>
        <styleUrl>#icon-1899-817717</styleUrl>
        <ExtendedData>
          <Data name="Type">
            <value>Restaurant</value>
          </Data>
          <Data name="Neighborhood">
            <value>West Loop</value>
          </Data>
          <Data name="Reviews">
            <value/>
          </Data>
          <Data name="Address">
            <value>1124 W Grand Ave, Chicago, IL 60642</value>
          </Data>
        </ExtendedData>
      </Placemark>
      <Placemark>
        <name>Diego Chicago Restaurant</name>
        <address>Diego Chicago Restaurant Restaurant West Loop good tostadas and cocktails 459 N Ogden Ave, Chicago, IL 60642</address>
        <description><![CDATA[Type: Restaurant<br>Neighborhood: West Loop<br>Reviews: good tostadas and cocktails<br>Address: 459 N Ogden Ave, Chicago, IL 60642]]></description>
        <styleUrl>#icon-1899-817717</styleUrl>
        <ExtendedData>
          <Data name="Type">
            <value>Restaurant</value>
          </Data>
          <Data name="Neighborhood">
            <value>West Loop</value>
          </Data>
          <Data name="Reviews">
            <value>good tostadas and cocktails</value>
          </Data>
          <Data name="Address">
            <value>459 N Ogden Ave, Chicago, IL 60642</value>
          </Data>
        </ExtendedData>
      </Placemark>
      <Placemark>
        <name>Duck Duck Goat</name>
        <address>Duck Duck Goat Restaurant West Loop chinese food 857 W Fulton St, Chicago, IL 60607</address>
        <description><![CDATA[Type: Restaurant<br>Neighborhood: West Loop<br>Reviews: chinese food<br>Address: 857 W Fulton St, Chicago, IL 60607]]></description>
        <styleUrl>#icon-1899-817717</styleUrl>
        <ExtendedData>
          <Data name="Type">
            <value>Restaurant</value>
          </Data>
          <Data name="Neighborhood">
            <value>West Loop</value>
          </Data>
          <Data name="Reviews">
            <value>chinese food</value>
          </Data>
          <Data name="Address">
            <value>857 W Fulton St, Chicago, IL 60607</value>
          </Data>
        </ExtendedData>
      </Placemark>
      <Placemark>
        <name><![CDATA[El Che Steakhouse & Bar]]></name>
        <address><![CDATA[El Che Steakhouse & Bar Restaurant West Loop argentinan steakhouse 845 W Washington Blvd, Chicago, IL 60607]]></address>
        <description><![CDATA[Type: Restaurant<br>Neighborhood: West Loop<br>Reviews: argentinan steakhouse<br>Address: 845 W Washington Blvd, Chicago, IL 60607]]></description>
        <styleUrl>#icon-1899-817717</styleUrl>
        <ExtendedData>
          <Data name="Type">
            <value>Restaurant</value>
          </Data>
          <Data name="Neighborhood">
            <value>West Loop</value>
          </Data>
          <Data name="Reviews">
            <value>argentinan steakhouse</value>
          </Data>
          <Data name="Address">
            <value>845 W Washington Blvd, Chicago, IL 60607</value>
          </Data>
        </ExtendedData>
      </Placemark>
      <Placemark>
        <name><![CDATA[Girl & The Goat]]></name>
        <address><![CDATA[Girl & The Goat Restaurant West Loop 809 W Randolph St, Chicago, IL 60607]]></address>
        <description><![CDATA[Type: Restaurant<br>Neighborhood: West Loop<br>Reviews: <br>Address: 809 W Randolph St, Chicago, IL 60607]]></description>
        <styleUrl>#icon-1899-817717</styleUrl>
        <ExtendedData>
          <Data name="Type">
            <value>Restaurant</value>
          </Data>
          <Data name="Neighborhood">
            <value>West Loop</value>
          </Data>
          <Data name="Reviews">
            <value/>
          </Data>
          <Data name="Address">
            <value>809 W Randolph St, Chicago, IL 60607</value>
          </Data>
        </ExtendedData>
      </Placemark>
      <Placemark>
        <name>Green Street Smoked Meats</name>
        <address><![CDATA[Green Street Smoked Meats Restaurant West Loop Becca rec'd 112 N Green St, Chicago, IL 60607]]></address>
        <description><![CDATA[Type: Restaurant<br>Neighborhood: West Loop<br>Reviews: Becca rec'd<br>Address: 112 N Green St, Chicago, IL 60607]]></description>
        <styleUrl>#icon-1899-817717</styleUrl>
        <ExtendedData>
          <Data name="Type">
            <value>Restaurant</value>
          </Data>
          <Data name="Neighborhood">
            <value>West Loop</value>
          </Data>
          <Data name="Reviews">
            <value><![CDATA[Becca rec'd]]></value>
          </Data>
          <Data name="Address">
            <value>112 N Green St, Chicago, IL 60607</value>
          </Data>
        </ExtendedData>
      </Placemark>
      <Placemark>
        <name>Hide+Seek</name>
        <address>Hide+Seek Restaurant West Loop 838 W Randolph St, Chicago, IL 60607</address>
        <description><![CDATA[Type: Restaurant<br>Neighborhood: West Loop<br>Reviews: <br>Address: 838 W Randolph St, Chicago, IL 60607]]></description>
        <styleUrl>#icon-1899-817717</styleUrl>
        <ExtendedData>
          <Data name="Type">
            <value>Restaurant</value>
          </Data>
          <Data name="Neighborhood">
            <value>West Loop</value>
          </Data>
          <Data name="Reviews">
            <value/>
          </Data>
          <Data name="Address">
            <value>838 W Randolph St, Chicago, IL 60607</value>
          </Data>
        </ExtendedData>
      </Placemark>
      <Placemark>
        <name>La Josie</name>
        <address>La Josie Restaurant West Loop Mexican place 740 W Randolph St, Chicago, IL 60661</address>
        <description><![CDATA[Type: Restaurant<br>Neighborhood: West Loop<br>Reviews: Mexican place<br>Address: 740 W Randolph St, Chicago, IL 60661]]></description>
        <styleUrl>#icon-1899-817717</styleUrl>
        <ExtendedData>
          <Data name="Type">
            <value>Restaurant</value>
          </Data>
          <Data name="Neighborhood">
            <value>West Loop</value>
          </Data>
          <Data name="Reviews">
            <value>Mexican place</value>
          </Data>
          <Data name="Address">
            <value>740 W Randolph St, Chicago, IL 60661</value>
          </Data>
        </ExtendedData>
      </Placemark>
      <Placemark>
        <name>La Scarola</name>
        <address>La Scarola Restaurant West Loop 721 W Grand Ave, Chicago, IL 60654</address>
        <description><![CDATA[Type: Restaurant<br>Neighborhood: West Loop<br>Reviews: <br>Address: 721 W Grand Ave, Chicago, IL 60654]]></description>
        <styleUrl>#icon-1899-817717</styleUrl>
        <ExtendedData>
          <Data name="Type">
            <value>Restaurant</value>
          </Data>
          <Data name="Neighborhood">
            <value>West Loop</value>
          </Data>
          <Data name="Reviews">
            <value/>
          </Data>
          <Data name="Address">
            <value>721 W Grand Ave, Chicago, IL 60654</value>
          </Data>
        </ExtendedData>
      </Placemark>
      <Placemark>
        <name>Lena Brava</name>
        <address>Lena Brava Restaurant West Loop 900 W Randolph St, Chicago, IL 60607</address>
        <description><![CDATA[Type: Restaurant<br>Neighborhood: West Loop<br>Reviews: <br>Address: 900 W Randolph St, Chicago, IL 60607]]></description>
        <styleUrl>#icon-1899-817717</styleUrl>
        <ExtendedData>
          <Data name="Type">
            <value>Restaurant</value>
          </Data>
          <Data name="Neighborhood">
            <value>West Loop</value>
          </Data>
          <Data name="Reviews">
            <value/>
          </Data>
          <Data name="Address">
            <value>900 W Randolph St, Chicago, IL 60607</value>
          </Data>
        </ExtendedData>
      </Placemark>
      <Placemark>
        <name>Nobu</name>
        <address>Nobu Restaurant West Loop 854 W Randolph St, Chicago, IL 60607</address>
        <description><![CDATA[Type: Restaurant<br>Neighborhood: West Loop<br>Reviews: <br>Address: 854 W Randolph St, Chicago, IL 60607]]></description>
        <styleUrl>#icon-1899-817717</styleUrl>
        <ExtendedData>
          <Data name="Type">
            <value>Restaurant</value>
          </Data>
          <Data name="Neighborhood">
            <value>West Loop</value>
          </Data>
          <Data name="Reviews">
            <value/>
          </Data>
          <Data name="Address">
            <value>854 W Randolph St, Chicago, IL 60607</value>
          </Data>
        </ExtendedData>
      </Placemark>
      <Placemark>
        <name><![CDATA[Nonna's Pizza]]></name>
        <address><![CDATA[Nonna's Pizza Restaurant West Loop 925 W Randolph St, Chicago, IL 60607]]></address>
        <description><![CDATA[Type: Restaurant<br>Neighborhood: West Loop<br>Reviews: <br>Address: 925 W Randolph St, Chicago, IL 60607]]></description>
        <styleUrl>#icon-1899-817717</styleUrl>
        <ExtendedData>
          <Data name="Type">
            <value>Restaurant</value>
          </Data>
          <Data name="Neighborhood">
            <value>West Loop</value>
          </Data>
          <Data name="Reviews">
            <value/>
          </Data>
          <Data name="Address">
            <value>925 W Randolph St, Chicago, IL 60607</value>
          </Data>
        </ExtendedData>
      </Placemark>
      <Placemark>
        <name>Parlor Pizza</name>
        <address><![CDATA[Parlor Pizza Restaurant West Loop rec'd by multiple people 108 N Green St, Chicago, IL 60607]]></address>
        <description><![CDATA[Type: Restaurant<br>Neighborhood: West Loop<br>Reviews: rec'd by multiple people<br>Address: 108 N Green St, Chicago, IL 60607]]></description>
        <styleUrl>#icon-1899-817717</styleUrl>
        <ExtendedData>
          <Data name="Type">
            <value>Restaurant</value>
          </Data>
          <Data name="Neighborhood">
            <value>West Loop</value>
          </Data>
          <Data name="Reviews">
            <value><![CDATA[rec'd by multiple people]]></value>
          </Data>
          <Data name="Address">
            <value>108 N Green St, Chicago, IL 60607</value>
          </Data>
        </ExtendedData>
      </Placemark>
      <Placemark>
        <name>Pasta Veneta</name>
        <address>Pasta Veneta Restaurant West Loop 1154 W Fulton St, Chicago, IL 60607</address>
        <description><![CDATA[Type: Restaurant<br>Neighborhood: West Loop<br>Reviews: <br>Address: 1154 W Fulton St, Chicago, IL 60607]]></description>
        <styleUrl>#icon-1899-817717</styleUrl>
        <ExtendedData>
          <Data name="Type">
            <value>Restaurant</value>
          </Data>
          <Data name="Neighborhood">
            <value>West Loop</value>
          </Data>
          <Data name="Reviews">
            <value/>
          </Data>
          <Data name="Address">
            <value>1154 W Fulton St, Chicago, IL 60607</value>
          </Data>
        </ExtendedData>
      </Placemark>
      <Placemark>
        <name><![CDATA[PIZZ'AMICI]]></name>
        <address><![CDATA[PIZZ'AMICI Restaurant West Loop 1215 W Grand Ave, Chicago, IL 60642]]></address>
        <description><![CDATA[Type: Restaurant<br>Neighborhood: West Loop<br>Reviews: <br>Address: 1215 W Grand Ave, Chicago, IL 60642]]></description>
        <styleUrl>#icon-1899-817717</styleUrl>
        <ExtendedData>
          <Data name="Type">
            <value>Restaurant</value>
          </Data>
          <Data name="Neighborhood">
            <value>West Loop</value>
          </Data>
          <Data name="Reviews">
            <value/>
          </Data>
          <Data name="Address">
            <value>1215 W Grand Ave, Chicago, IL 60642</value>
          </Data>
        </ExtendedData>
      </Placemark>
      <Placemark>
        <name>Ramen Wasabi </name>
        <address>Ramen Wasabi  Restaurant West Loop 819 W Fulton St, Chicago, IL 60607</address>
        <description><![CDATA[Type: Restaurant<br>Neighborhood: West Loop<br>Reviews: <br>Address: 819 W Fulton St, Chicago, IL 60607]]></description>
        <styleUrl>#icon-1899-817717</styleUrl>
        <ExtendedData>
          <Data name="Type">
            <value>Restaurant</value>
          </Data>
          <Data name="Neighborhood">
            <value>West Loop</value>
          </Data>
          <Data name="Reviews">
            <value/>
          </Data>
          <Data name="Address">
            <value>819 W Fulton St, Chicago, IL 60607</value>
          </Data>
        </ExtendedData>
      </Placemark>
      <Placemark>
        <name>Ranalli’s Pizza</name>
        <address>Ranalli’s Pizza Restaurant West Loop 1326 W Madison St, Chicago, IL 60607</address>
        <description><![CDATA[Type: Restaurant<br>Neighborhood: West Loop<br>Reviews: <br>Address: 1326 W Madison St, Chicago, IL 60607]]></description>
        <styleUrl>#icon-1899-817717</styleUrl>
        <ExtendedData>
          <Data name="Type">
            <value>Restaurant</value>
          </Data>
          <Data name="Neighborhood">
            <value>West Loop</value>
          </Data>
          <Data name="Reviews">
            <value/>
          </Data>
          <Data name="Address">
            <value>1326 W Madison St, Chicago, IL 60607</value>
          </Data>
        </ExtendedData>
      </Placemark>
      <Placemark>
        <name><![CDATA[Robinson's No. 1 Ribs]]></name>
        <address><![CDATA[Robinson's No. 1 Ribs Restaurant West Loop 225 S Canal St, Chicago, IL 60606]]></address>
        <description><![CDATA[Type: Restaurant<br>Neighborhood: West Loop<br>Reviews: <br>Address: 225 S Canal St, Chicago, IL 60606]]></description>
        <styleUrl>#icon-1899-817717</styleUrl>
        <ExtendedData>
          <Data name="Type">
            <value>Restaurant</value>
          </Data>
          <Data name="Neighborhood">
            <value>West Loop</value>
          </Data>
          <Data name="Reviews">
            <value/>
          </Data>
          <Data name="Address">
            <value>225 S Canal St, Chicago, IL 60606</value>
          </Data>
        </ExtendedData>
      </Placemark>
      <Placemark>
        <name>ROOP</name>
        <address>ROOP Restaurant West Loop indian place 736 W Randolph St, Chicago, IL 60661</address>
        <description><![CDATA[Type: Restaurant<br>Neighborhood: West Loop<br>Reviews: indian place<br>Address: 736 W Randolph St, Chicago, IL 60661]]></description>
        <styleUrl>#icon-1899-817717</styleUrl>
        <ExtendedData>
          <Data name="Type">
            <value>Restaurant</value>
          </Data>
          <Data name="Neighborhood">
            <value>West Loop</value>
          </Data>
          <Data name="Reviews">
            <value>indian place</value>
          </Data>
          <Data name="Address">
            <value>736 W Randolph St, Chicago, IL 60661</value>
          </Data>
        </ExtendedData>
      </Placemark>
      <Placemark>
        <name>SUNNYGUN</name>
        <address>SUNNYGUN Restaurant West Loop 664 W Lake St, Chicago, IL 60661</address>
        <description><![CDATA[Type: Restaurant<br>Neighborhood: West Loop<br>Reviews: <br>Address: 664 W Lake St, Chicago, IL 60661]]></description>
        <styleUrl>#icon-1899-817717</styleUrl>
        <ExtendedData>
          <Data name="Type">
            <value>Restaurant</value>
          </Data>
          <Data name="Neighborhood">
            <value>West Loop</value>
          </Data>
          <Data name="Reviews">
            <value/>
          </Data>
          <Data name="Address">
            <value>664 W Lake St, Chicago, IL 60661</value>
          </Data>
        </ExtendedData>
      </Placemark>
      <Placemark>
        <name>Sushi by Bou</name>
        <address>Sushi by Bou Restaurant West Loop 311 N Morgan St, Chicago, IL 60607</address>
        <description><![CDATA[Type: Restaurant<br>Neighborhood: West Loop<br>Reviews: <br>Address: 311 N Morgan St, Chicago, IL 60607]]></description>
        <styleUrl>#icon-1899-817717</styleUrl>
        <ExtendedData>
          <Data name="Type">
            <value>Restaurant</value>
          </Data>
          <Data name="Neighborhood">
            <value>West Loop</value>
          </Data>
          <Data name="Reviews">
            <value/>
          </Data>
          <Data name="Address">
            <value>311 N Morgan St, Chicago, IL 60607</value>
          </Data>
        </ExtendedData>
      </Placemark>
      <Placemark>
        <name>Taco Burrito King</name>
        <address><![CDATA[Taco Burrito King Restaurant West Loop Trey's fav burrito 811 W Jackson Blvd, Chicago, IL 60607]]></address>
        <description><![CDATA[Type: Restaurant<br>Neighborhood: West Loop<br>Reviews: Trey's fav burrito<br>Address: 811 W Jackson Blvd, Chicago, IL 60607]]></description>
        <styleUrl>#icon-1899-817717</styleUrl>
        <ExtendedData>
          <Data name="Type">
            <value>Restaurant</value>
          </Data>
          <Data name="Neighborhood">
            <value>West Loop</value>
          </Data>
          <Data name="Reviews">
            <value><![CDATA[Trey's fav burrito]]></value>
          </Data>
          <Data name="Address">
            <value>811 W Jackson Blvd, Chicago, IL 60607</value>
          </Data>
        </ExtendedData>
      </Placemark>
      <Placemark>
        <name>Tacombi</name>
        <address>Tacombi Restaurant West Loop amazing birria tacos 126 N Peoria St, Chicago, IL 60607</address>
        <description><![CDATA[Type: Restaurant<br>Neighborhood: West Loop<br>Reviews: amazing birria tacos<br>Address: 126 N Peoria St, Chicago, IL 60607]]></description>
        <styleUrl>#icon-1899-817717</styleUrl>
        <ExtendedData>
          <Data name="Type">
            <value>Restaurant</value>
          </Data>
          <Data name="Neighborhood">
            <value>West Loop</value>
          </Data>
          <Data name="Reviews">
            <value>amazing birria tacos</value>
          </Data>
          <Data name="Address">
            <value>126 N Peoria St, Chicago, IL 60607</value>
          </Data>
        </ExtendedData>
      </Placemark>
      <Placemark>
        <name>Do-Rite</name>
        <address>Do-Rite Snack West Loop 181 N Morgan St, Chicago, IL 60607</address>
        <description><![CDATA[Type: Snack<br>Neighborhood: West Loop<br>Reviews: <br>Address: 181 N Morgan St, Chicago, IL 60607]]></description>
        <styleUrl>#icon-1899-817717</styleUrl>
        <ExtendedData>
          <Data name="Type">
            <value>Snack</value>
          </Data>
          <Data name="Neighborhood">
            <value>West Loop</value>
          </Data>
          <Data name="Reviews">
            <value/>
          </Data>
          <Data name="Address">
            <value>181 N Morgan St, Chicago, IL 60607</value>
          </Data>
        </ExtendedData>
      </Placemark>
      <Placemark>
        <name><![CDATA[Jeni's Splendid Ice Cream]]></name>
        <address><![CDATA[Jeni's Splendid Ice Cream Snack West Loop rec'd by multiple people 908 W Randolph St, Chicago, IL 60607]]></address>
        <description><![CDATA[Type: Snack<br>Neighborhood: West Loop<br>Reviews: rec'd by multiple people<br>Address: 908 W Randolph St, Chicago, IL 60607]]></description>
        <styleUrl>#icon-1899-817717</styleUrl>
        <ExtendedData>
          <Data name="Type">
            <value>Snack</value>
          </Data>
          <Data name="Neighborhood">
            <value>West Loop</value>
          </Data>
          <Data name="Reviews">
            <value><![CDATA[rec'd by multiple people]]></value>
          </Data>
          <Data name="Address">
            <value>908 W Randolph St, Chicago, IL 60607</value>
          </Data>
        </ExtendedData>
      </Placemark>
      <Placemark>
        <name>Asian Homecook</name>
        <address>Asian Homecook Restaurant West Ridge really good rohingyan and malaysian food! 2739 W Devon Ave, Chicago, IL 60659</address>
        <description><![CDATA[Type: Restaurant<br>Neighborhood: West Ridge<br>Reviews: really good rohingyan and malaysian food!<br>Address: 2739 W Devon Ave, Chicago, IL 60659]]></description>
        <styleUrl>#icon-1899-BDBDBD</styleUrl>
        <ExtendedData>
          <Data name="Type">
            <value>Restaurant</value>
          </Data>
          <Data name="Neighborhood">
            <value>West Ridge</value>
          </Data>
          <Data name="Reviews">
            <value>really good rohingyan and malaysian food!</value>
          </Data>
          <Data name="Address">
            <value>2739 W Devon Ave, Chicago, IL 60659</value>
          </Data>
        </ExtendedData>
      </Placemark>
      <Placemark>
        <name>Empty Bottle</name>
        <address><![CDATA[Empty Bottle Club West Town Plays indie music, punk, r&b sometimes, dive bar 1035 N Western Ave, Chicago, IL 60622]]></address>
        <description><![CDATA[Type: Club<br>Neighborhood: West Town<br>Reviews: Plays indie music, punk, r&b sometimes, dive bar<br>Address: 1035 N Western Ave, Chicago, IL 60622]]></description>
        <styleUrl>#icon-1899-3949AB</styleUrl>
        <ExtendedData>
          <Data name="Type">
            <value>Club</value>
          </Data>
          <Data name="Neighborhood">
            <value>West Town</value>
          </Data>
          <Data name="Reviews">
            <value><![CDATA[Plays indie music, punk, r&b sometimes, dive bar]]></value>
          </Data>
          <Data name="Address">
            <value>1035 N Western Ave, Chicago, IL 60622</value>
          </Data>
        </ExtendedData>
      </Placemark>
      <Placemark>
        <name>Barcocina</name>
        <address>Barcocina Restaurant West Town 1814 W Chicago Ave, Chicago, IL 60622</address>
        <description><![CDATA[Type: Restaurant<br>Neighborhood: West Town<br>Reviews: <br>Address: 1814 W Chicago Ave, Chicago, IL 60622]]></description>
        <styleUrl>#icon-1899-3949AB</styleUrl>
        <ExtendedData>
          <Data name="Type">
            <value>Restaurant</value>
          </Data>
          <Data name="Neighborhood">
            <value>West Town</value>
          </Data>
          <Data name="Reviews">
            <value/>
          </Data>
          <Data name="Address">
            <value>1814 W Chicago Ave, Chicago, IL 60622</value>
          </Data>
        </ExtendedData>
      </Placemark>
      <Placemark>
        <name>JJ Thai Street Food</name>
        <address><![CDATA[JJ Thai Street Food Restaurant West Town rec'd by a Thai person 1715 W Chicago Ave, Chicago, IL 60622]]></address>
        <description><![CDATA[Type: Restaurant<br>Neighborhood: West Town<br>Reviews: rec'd by a Thai person<br>Address: 1715 W Chicago Ave, Chicago, IL 60622]]></description>
        <styleUrl>#icon-1899-3949AB</styleUrl>
        <ExtendedData>
          <Data name="Type">
            <value>Restaurant</value>
          </Data>
          <Data name="Neighborhood">
            <value>West Town</value>
          </Data>
          <Data name="Reviews">
            <value><![CDATA[rec'd by a Thai person]]></value>
          </Data>
          <Data name="Address">
            <value>1715 W Chicago Ave, Chicago, IL 60622</value>
          </Data>
        </ExtendedData>
      </Placemark>
      <Placemark>
        <name>Kasama</name>
        <address>Kasama Restaurant West Town filipino place 1001 N Winchester Ave, Chicago, IL 60622</address>
        <description><![CDATA[Type: Restaurant<br>Neighborhood: West Town<br>Reviews: filipino place<br>Address: 1001 N Winchester Ave, Chicago, IL 60622]]></description>
        <styleUrl>#icon-1899-3949AB</styleUrl>
        <ExtendedData>
          <Data name="Type">
            <value>Restaurant</value>
          </Data>
          <Data name="Neighborhood">
            <value>West Town</value>
          </Data>
          <Data name="Reviews">
            <value>filipino place</value>
          </Data>
          <Data name="Address">
            <value>1001 N Winchester Ave, Chicago, IL 60622</value>
          </Data>
        </ExtendedData>
      </Placemark>
      <Placemark>
        <name>Lao Peng You</name>
        <address>Lao Peng You Restaurant West Town 2020 W Chicago Ave, Chicago IL 60622</address>
        <description><![CDATA[Type: Restaurant<br>Neighborhood: West Town<br>Reviews: <br>Address: 2020 W Chicago Ave, Chicago IL 60622]]></description>
        <styleUrl>#icon-1899-3949AB</styleUrl>
        <ExtendedData>
          <Data name="Type">
            <value>Restaurant</value>
          </Data>
          <Data name="Neighborhood">
            <value>West Town</value>
          </Data>
          <Data name="Reviews">
            <value/>
          </Data>
          <Data name="Address">
            <value>2020 W Chicago Ave, Chicago IL 60622</value>
          </Data>
        </ExtendedData>
      </Placemark>
      <Placemark>
        <name>Nikko Sushi Izakaya</name>
        <address>Nikko Sushi Izakaya Restaurant West Town It’s incredible, all you can eat specialty rolls for $30 matcha ice cream is crazy good 2047 W Division St, Chicago, IL 60622</address>
        <description><![CDATA[Type: Restaurant<br>Neighborhood: West Town<br>Reviews: It’s incredible, all you can eat specialty rolls for $30 matcha ice cream is crazy good<br>Address: 2047 W Division St, Chicago, IL 60622]]></description>
        <styleUrl>#icon-1899-3949AB</styleUrl>
        <ExtendedData>
          <Data name="Type">
            <value>Restaurant</value>
          </Data>
          <Data name="Neighborhood">
            <value>West Town</value>
          </Data>
          <Data name="Reviews">
            <value>It’s incredible, all you can eat specialty rolls for $30 matcha ice cream is crazy good</value>
          </Data>
          <Data name="Address">
            <value>2047 W Division St, Chicago, IL 60622</value>
          </Data>
        </ExtendedData>
      </Placemark>
      <Placemark>
        <name><![CDATA[Uncle Mike's Place]]></name>
        <address><![CDATA[Uncle Mike's Place Restaurant West Town 1700 W Grand Ave, Chicago, IL 60622]]></address>
        <description><![CDATA[Type: Restaurant<br>Neighborhood: West Town<br>Reviews: <br>Address: 1700 W Grand Ave, Chicago, IL 60622]]></description>
        <styleUrl>#icon-1899-3949AB</styleUrl>
        <ExtendedData>
          <Data name="Type">
            <value>Restaurant</value>
          </Data>
          <Data name="Neighborhood">
            <value>West Town</value>
          </Data>
          <Data name="Reviews">
            <value/>
          </Data>
          <Data name="Address">
            <value>1700 W Grand Ave, Chicago, IL 60622</value>
          </Data>
        </ExtendedData>
      </Placemark>
      <Placemark>
        <name>Yuzu</name>
        <address>Yuzu Restaurant West Town 1751 W Chicago Ave, Chicago, IL 60622</address>
        <description><![CDATA[Type: Restaurant<br>Neighborhood: West Town<br>Reviews: <br>Address: 1751 W Chicago Ave, Chicago, IL 60622]]></description>
        <styleUrl>#icon-1899-3949AB</styleUrl>
        <ExtendedData>
          <Data name="Type">
            <value>Restaurant</value>
          </Data>
          <Data name="Neighborhood">
            <value>West Town</value>
          </Data>
          <Data name="Reviews">
            <value/>
          </Data>
          <Data name="Address">
            <value>1751 W Chicago Ave, Chicago, IL 60622</value>
          </Data>
        </ExtendedData>
      </Placemark>
      <Placemark>
        <name>Black Dog Gelato</name>
        <address>Black Dog Gelato Snack West Town 859 N Damen Ave, Chicago, IL 60622</address>
        <description><![CDATA[Type: Snack<br>Neighborhood: West Town<br>Reviews: <br>Address: 859 N Damen Ave, Chicago, IL 60622]]></description>
        <styleUrl>#icon-1899-3949AB</styleUrl>
        <ExtendedData>
          <Data name="Type">
            <value>Snack</value>
          </Data>
          <Data name="Neighborhood">
            <value>West Town</value>
          </Data>
          <Data name="Reviews">
            <value/>
          </Data>
          <Data name="Address">
            <value>859 N Damen Ave, Chicago, IL 60622</value>
          </Data>
        </ExtendedData>
      </Placemark>
      <Placemark>
        <name><![CDATA[Dorian's]]></name>
        <address><![CDATA[Dorian's Bar Wicker Park Hidden entrance speakeasy, jazz bands
rec'd by multiple people, Marissa too 1939 W North Ave, Chicago, IL 60622]]></address>
        <description><![CDATA[Type: Bar<br>Neighborhood: Wicker Park<br>Reviews: Hidden entrance speakeasy, jazz bands<br>rec'd by multiple people, Marissa too<br>Address: 1939 W North Ave, Chicago, IL 60622]]></description>
        <styleUrl>#icon-1899-F9A825</styleUrl>
        <ExtendedData>
          <Data name="Type">
            <value>Bar</value>
          </Data>
          <Data name="Neighborhood">
            <value>Wicker Park</value>
          </Data>
          <Data name="Reviews">
            <value><![CDATA[Hidden entrance speakeasy, jazz bands
rec'd by multiple people, Marissa too]]></value>
          </Data>
          <Data name="Address">
            <value>1939 W North Ave, Chicago, IL 60622</value>
          </Data>
        </ExtendedData>
      </Placemark>
      <Placemark>
        <name>DSTRKT</name>
        <address><![CDATA[DSTRKT Bar Wicker Park rec'd by multiple people 1540 N Milwaukee Ave, Chicago, IL 60622]]></address>
        <description><![CDATA[Type: Bar<br>Neighborhood: Wicker Park<br>Reviews: rec'd by multiple people<br>Address: 1540 N Milwaukee Ave, Chicago, IL 60622]]></description>
        <styleUrl>#icon-1899-F9A825</styleUrl>
        <ExtendedData>
          <Data name="Type">
            <value>Bar</value>
          </Data>
          <Data name="Neighborhood">
            <value>Wicker Park</value>
          </Data>
          <Data name="Reviews">
            <value><![CDATA[rec'd by multiple people]]></value>
          </Data>
          <Data name="Address">
            <value>1540 N Milwaukee Ave, Chicago, IL 60622</value>
          </Data>
        </ExtendedData>
      </Placemark>
      <Placemark>
        <name>Easy Bar</name>
        <address>Easy Bar Bar Wicker Park Cheap happy hours 1944 W Division St, Chicago, IL 60622</address>
        <description><![CDATA[Type: Bar<br>Neighborhood: Wicker Park<br>Reviews: Cheap happy hours<br>Address: 1944 W Division St, Chicago, IL 60622]]></description>
        <styleUrl>#icon-1899-F9A825</styleUrl>
        <ExtendedData>
          <Data name="Type">
            <value>Bar</value>
          </Data>
          <Data name="Neighborhood">
            <value>Wicker Park</value>
          </Data>
          <Data name="Reviews">
            <value>Cheap happy hours</value>
          </Data>
          <Data name="Address">
            <value>1944 W Division St, Chicago, IL 60622</value>
          </Data>
        </ExtendedData>
      </Placemark>
      <Placemark>
        <name>Emporium Arcade Bar</name>
        <address>Emporium Arcade Bar Bar Wicker Park 1366 N Milwaukee Ave, Chicago, IL 60622</address>
        <description><![CDATA[Type: Bar<br>Neighborhood: Wicker Park<br>Reviews: <br>Address: 1366 N Milwaukee Ave, Chicago, IL 60622]]></description>
        <styleUrl>#icon-1899-F9A825</styleUrl>
        <ExtendedData>
          <Data name="Type">
            <value>Bar</value>
          </Data>
          <Data name="Neighborhood">
            <value>Wicker Park</value>
          </Data>
          <Data name="Reviews">
            <value/>
          </Data>
          <Data name="Address">
            <value>1366 N Milwaukee Ave, Chicago, IL 60622</value>
          </Data>
        </ExtendedData>
      </Placemark>
      <Placemark>
        <name>Kennedy Rooftop</name>
        <address>Kennedy Rooftop Bar Wicker Park 1551 W North Ave Ashland, Chicago, IL 60622</address>
        <description><![CDATA[Type: Bar<br>Neighborhood: Wicker Park<br>Reviews: <br>Address: 1551 W North Ave Ashland, Chicago, IL 60622]]></description>
        <styleUrl>#icon-1899-F9A825</styleUrl>
        <ExtendedData>
          <Data name="Type">
            <value>Bar</value>
          </Data>
          <Data name="Neighborhood">
            <value>Wicker Park</value>
          </Data>
          <Data name="Reviews">
            <value/>
          </Data>
          <Data name="Address">
            <value>1551 W North Ave Ashland, Chicago, IL 60622</value>
          </Data>
        </ExtendedData>
      </Placemark>
      <Placemark>
        <name><![CDATA[Louie's Pub]]></name>
        <address><![CDATA[Louie's Pub Bar Wicker Park karaoke, free popcorn 1659 W North Ave, Chicago, IL 60622]]></address>
        <description><![CDATA[Type: Bar<br>Neighborhood: Wicker Park<br>Reviews: karaoke, free popcorn<br>Address: 1659 W North Ave, Chicago, IL 60622]]></description>
        <styleUrl>#icon-1899-F9A825</styleUrl>
        <ExtendedData>
          <Data name="Type">
            <value>Bar</value>
          </Data>
          <Data name="Neighborhood">
            <value>Wicker Park</value>
          </Data>
          <Data name="Reviews">
            <value>karaoke, free popcorn</value>
          </Data>
          <Data name="Address">
            <value>1659 W North Ave, Chicago, IL 60622</value>
          </Data>
        </ExtendedData>
      </Placemark>
      <Placemark>
        <name>Remedy</name>
        <address>Remedy Bar Wicker Park cozy vibes, candlelit tables 1910 N Milwaukee Ave, Chicago, IL 60647</address>
        <description><![CDATA[Type: Bar<br>Neighborhood: Wicker Park<br>Reviews: cozy vibes, candlelit tables<br>Address: 1910 N Milwaukee Ave, Chicago, IL 60647]]></description>
        <styleUrl>#icon-1899-F9A825</styleUrl>
        <ExtendedData>
          <Data name="Type">
            <value>Bar</value>
          </Data>
          <Data name="Neighborhood">
            <value>Wicker Park</value>
          </Data>
          <Data name="Reviews">
            <value>cozy vibes, candlelit tables</value>
          </Data>
          <Data name="Address">
            <value>1910 N Milwaukee Ave, Chicago, IL 60647</value>
          </Data>
        </ExtendedData>
      </Placemark>
      <Placemark>
        <name>Revolver</name>
        <address>Revolver Bar Wicker Park 1270 N Milwaukee Ave, Chicago, IL 60622</address>
        <description><![CDATA[Type: Bar<br>Neighborhood: Wicker Park<br>Reviews: <br>Address: 1270 N Milwaukee Ave, Chicago, IL 60622]]></description>
        <styleUrl>#icon-1899-F9A825</styleUrl>
        <ExtendedData>
          <Data name="Type">
            <value>Bar</value>
          </Data>
          <Data name="Neighborhood">
            <value>Wicker Park</value>
          </Data>
          <Data name="Reviews">
            <value/>
          </Data>
          <Data name="Address">
            <value>1270 N Milwaukee Ave, Chicago, IL 60622</value>
          </Data>
        </ExtendedData>
      </Placemark>
      <Placemark>
        <name>Bongo Room</name>
        <address>Bongo Room Brunch Wicker Park 1470 N Milwaukee Ave, Chicago, IL 60622</address>
        <description><![CDATA[Type: Brunch<br>Neighborhood: Wicker Park<br>Reviews: <br>Address: 1470 N Milwaukee Ave, Chicago, IL 60622]]></description>
        <styleUrl>#icon-1899-F9A825</styleUrl>
        <ExtendedData>
          <Data name="Type">
            <value>Brunch</value>
          </Data>
          <Data name="Neighborhood">
            <value>Wicker Park</value>
          </Data>
          <Data name="Reviews">
            <value/>
          </Data>
          <Data name="Address">
            <value>1470 N Milwaukee Ave, Chicago, IL 60622</value>
          </Data>
        </ExtendedData>
      </Placemark>
      <Placemark>
        <name><![CDATA[Dove's Luncheonette]]></name>
        <address><![CDATA[Dove's Luncheonette Brunch Wicker Park Allen: nice little brunch place 1545 N Damen Ave, Chicago, IL 60622]]></address>
        <description><![CDATA[Type: Brunch<br>Neighborhood: Wicker Park<br>Reviews: Allen: nice little brunch place<br>Address: 1545 N Damen Ave, Chicago, IL 60622]]></description>
        <styleUrl>#icon-1899-F9A825</styleUrl>
        <ExtendedData>
          <Data name="Type">
            <value>Brunch</value>
          </Data>
          <Data name="Neighborhood">
            <value>Wicker Park</value>
          </Data>
          <Data name="Reviews">
            <value>Allen: nice little brunch place</value>
          </Data>
          <Data name="Address">
            <value>1545 N Damen Ave, Chicago, IL 60622</value>
          </Data>
        </ExtendedData>
      </Placemark>
      <Placemark>
        <name>Le Café Station</name>
        <address>Le Café Station Brunch Wicker Park Allen: good sandwiches and wraps 1901 N Western Ave, Chicago, IL 60647</address>
        <description><![CDATA[Type: Brunch<br>Neighborhood: Wicker Park<br>Reviews: Allen: good sandwiches and wraps<br>Address: 1901 N Western Ave, Chicago, IL 60647]]></description>
        <styleUrl>#icon-1899-F9A825</styleUrl>
        <ExtendedData>
          <Data name="Type">
            <value>Brunch</value>
          </Data>
          <Data name="Neighborhood">
            <value>Wicker Park</value>
          </Data>
          <Data name="Reviews">
            <value>Allen: good sandwiches and wraps</value>
          </Data>
          <Data name="Address">
            <value>1901 N Western Ave, Chicago, IL 60647</value>
          </Data>
        </ExtendedData>
      </Placemark>
      <Placemark>
        <name>Ipsento 606</name>
        <address>Ipsento 606 Cafe Wicker Park 1813 N Milwaukee Ave, Chicago, IL 60647</address>
        <description><![CDATA[Type: Cafe<br>Neighborhood: Wicker Park<br>Reviews: <br>Address: 1813 N Milwaukee Ave, Chicago, IL 60647]]></description>
        <styleUrl>#icon-1899-F9A825</styleUrl>
        <ExtendedData>
          <Data name="Type">
            <value>Cafe</value>
          </Data>
          <Data name="Neighborhood">
            <value>Wicker Park</value>
          </Data>
          <Data name="Reviews">
            <value/>
          </Data>
          <Data name="Address">
            <value>1813 N Milwaukee Ave, Chicago, IL 60647</value>
          </Data>
        </ExtendedData>
      </Placemark>
      <Placemark>
        <name><![CDATA[Snakes & Lattes ]]></name>
        <address><![CDATA[Snakes & Lattes  Cafe Wicker Park rec'd by multiple people, including tiktok 1965 N Milwaukee Ave, Chicago, IL 60647]]></address>
        <description><![CDATA[Type: Cafe<br>Neighborhood: Wicker Park<br>Reviews: rec'd by multiple people, including tiktok<br>Address: 1965 N Milwaukee Ave, Chicago, IL 60647]]></description>
        <styleUrl>#icon-1899-F9A825</styleUrl>
        <ExtendedData>
          <Data name="Type">
            <value>Cafe</value>
          </Data>
          <Data name="Neighborhood">
            <value>Wicker Park</value>
          </Data>
          <Data name="Reviews">
            <value><![CDATA[rec'd by multiple people, including tiktok]]></value>
          </Data>
          <Data name="Address">
            <value>1965 N Milwaukee Ave, Chicago, IL 60647</value>
          </Data>
        </ExtendedData>
      </Placemark>
      <Placemark>
        <name>Wormhole Coffee</name>
        <address>Wormhole Coffee Cafe Wicker Park 1462 N Milwaukee Ave, Chicago, IL 60622</address>
        <description><![CDATA[Type: Cafe<br>Neighborhood: Wicker Park<br>Reviews: <br>Address: 1462 N Milwaukee Ave, Chicago, IL 60622]]></description>
        <styleUrl>#icon-1899-F9A825</styleUrl>
        <ExtendedData>
          <Data name="Type">
            <value>Cafe</value>
          </Data>
          <Data name="Neighborhood">
            <value>Wicker Park</value>
          </Data>
          <Data name="Reviews">
            <value/>
          </Data>
          <Data name="Address">
            <value>1462 N Milwaukee Ave, Chicago, IL 60622</value>
          </Data>
        </ExtendedData>
      </Placemark>
      <Placemark>
        <name><![CDATA[Arturo's Tacos]]></name>
        <address><![CDATA[Arturo's Tacos Restaurant Wicker Park 2001 N Western Ave, Chicago, IL 60647]]></address>
        <description><![CDATA[Type: Restaurant<br>Neighborhood: Wicker Park<br>Reviews: <br>Address: 2001 N Western Ave, Chicago, IL 60647]]></description>
        <styleUrl>#icon-1899-F9A825</styleUrl>
        <ExtendedData>
          <Data name="Type">
            <value>Restaurant</value>
          </Data>
          <Data name="Neighborhood">
            <value>Wicker Park</value>
          </Data>
          <Data name="Reviews">
            <value/>
          </Data>
          <Data name="Address">
            <value>2001 N Western Ave, Chicago, IL 60647</value>
          </Data>
        </ExtendedData>
      </Placemark>
      <Placemark>
        <name>Club Lucky</name>
        <address>Club Lucky Restaurant Wicker Park 1824 W Wabansia Ave, Chicago, IL 60622</address>
        <description><![CDATA[Type: Restaurant<br>Neighborhood: Wicker Park<br>Reviews: <br>Address: 1824 W Wabansia Ave, Chicago, IL 60622]]></description>
        <styleUrl>#icon-1899-F9A825</styleUrl>
        <ExtendedData>
          <Data name="Type">
            <value>Restaurant</value>
          </Data>
          <Data name="Neighborhood">
            <value>Wicker Park</value>
          </Data>
          <Data name="Reviews">
            <value/>
          </Data>
          <Data name="Address">
            <value>1824 W Wabansia Ave, Chicago, IL 60622</value>
          </Data>
        </ExtendedData>
      </Placemark>
      <Placemark>
        <name>Iron Age</name>
        <address><![CDATA[Iron Age Restaurant Wicker Park Korean bbq, Trey's fav restaurant 1265 N Milwaukee Ave, Chicago, IL 60622]]></address>
        <description><![CDATA[Type: Restaurant<br>Neighborhood: Wicker Park<br>Reviews: Korean bbq, Trey's fav restaurant<br>Address: 1265 N Milwaukee Ave, Chicago, IL 60622]]></description>
        <styleUrl>#icon-1899-F9A825</styleUrl>
        <ExtendedData>
          <Data name="Type">
            <value>Restaurant</value>
          </Data>
          <Data name="Neighborhood">
            <value>Wicker Park</value>
          </Data>
          <Data name="Reviews">
            <value><![CDATA[Korean bbq, Trey's fav restaurant]]></value>
          </Data>
          <Data name="Address">
            <value>1265 N Milwaukee Ave, Chicago, IL 60622</value>
          </Data>
        </ExtendedData>
      </Placemark>
      <Placemark>
        <name>Manchamanteles</name>
        <address>Manchamanteles Restaurant Wicker Park 2009 N Western Ave, Chicago, IL 60647</address>
        <description><![CDATA[Type: Restaurant<br>Neighborhood: Wicker Park<br>Reviews: <br>Address: 2009 N Western Ave, Chicago, IL 60647]]></description>
        <styleUrl>#icon-1899-F9A825</styleUrl>
        <ExtendedData>
          <Data name="Type">
            <value>Restaurant</value>
          </Data>
          <Data name="Neighborhood">
            <value>Wicker Park</value>
          </Data>
          <Data name="Reviews">
            <value/>
          </Data>
          <Data name="Address">
            <value>2009 N Western Ave, Chicago, IL 60647</value>
          </Data>
        </ExtendedData>
      </Placemark>
      <Placemark>
        <name>Mott St</name>
        <address><![CDATA[Mott St Restaurant Wicker Park Rec'd by Marissa 1401 N Ashland Ave, Chicago, IL 60622]]></address>
        <description><![CDATA[Type: Restaurant<br>Neighborhood: Wicker Park<br>Reviews: Rec'd by Marissa<br>Address: 1401 N Ashland Ave, Chicago, IL 60622]]></description>
        <styleUrl>#icon-1899-F9A825</styleUrl>
        <ExtendedData>
          <Data name="Type">
            <value>Restaurant</value>
          </Data>
          <Data name="Neighborhood">
            <value>Wicker Park</value>
          </Data>
          <Data name="Reviews">
            <value><![CDATA[Rec'd by Marissa]]></value>
          </Data>
          <Data name="Address">
            <value>1401 N Ashland Ave, Chicago, IL 60622</value>
          </Data>
        </ExtendedData>
      </Placemark>
      <Placemark>
        <name>Oiistar</name>
        <address>Oiistar Restaurant Wicker Park 1385 N Milwaukee Ave, Chicago, IL 60622</address>
        <description><![CDATA[Type: Restaurant<br>Neighborhood: Wicker Park<br>Reviews: <br>Address: 1385 N Milwaukee Ave, Chicago, IL 60622]]></description>
        <styleUrl>#icon-1899-F9A825</styleUrl>
        <ExtendedData>
          <Data name="Type">
            <value>Restaurant</value>
          </Data>
          <Data name="Neighborhood">
            <value>Wicker Park</value>
          </Data>
          <Data name="Reviews">
            <value/>
          </Data>
          <Data name="Address">
            <value>1385 N Milwaukee Ave, Chicago, IL 60622</value>
          </Data>
        </ExtendedData>
      </Placemark>
      <Placemark>
        <name>Paradise Park Pizza</name>
        <address><![CDATA[Paradise Park Pizza Restaurant Wicker Park Allen: Food's pretty good 1913 W North Ave, Chicago, IL 60622]]></address>
        <description><![CDATA[Type: Restaurant<br>Neighborhood: Wicker Park<br>Reviews: Allen: Food's pretty good<br>Address: 1913 W North Ave, Chicago, IL 60622]]></description>
        <styleUrl>#icon-1899-F9A825</styleUrl>
        <ExtendedData>
          <Data name="Type">
            <value>Restaurant</value>
          </Data>
          <Data name="Neighborhood">
            <value>Wicker Park</value>
          </Data>
          <Data name="Reviews">
            <value><![CDATA[Allen: Food's pretty good]]></value>
          </Data>
          <Data name="Address">
            <value>1913 W North Ave, Chicago, IL 60622</value>
          </Data>
        </ExtendedData>
      </Placemark>
      <Placemark>
        <name><![CDATA[Paulie Gee's Pizza]]></name>
        <address><![CDATA[Paulie Gee's Pizza Restaurant Wicker Park 1566 N Damen Ave, Chicago, IL 60622]]></address>
        <description><![CDATA[Type: Restaurant<br>Neighborhood: Wicker Park<br>Reviews: <br>Address: 1566 N Damen Ave, Chicago, IL 60622]]></description>
        <styleUrl>#icon-1899-F9A825</styleUrl>
        <ExtendedData>
          <Data name="Type">
            <value>Restaurant</value>
          </Data>
          <Data name="Neighborhood">
            <value>Wicker Park</value>
          </Data>
          <Data name="Reviews">
            <value/>
          </Data>
          <Data name="Address">
            <value>1566 N Damen Ave, Chicago, IL 60622</value>
          </Data>
        </ExtendedData>
      </Placemark>
      <Placemark>
        <name>Redhot Ranch</name>
        <address>Redhot Ranch Restaurant Wicker Park 2449 W Armitage Ave, Chicago, IL 60647</address>
        <description><![CDATA[Type: Restaurant<br>Neighborhood: Wicker Park<br>Reviews: <br>Address: 2449 W Armitage Ave, Chicago, IL 60647]]></description>
        <styleUrl>#icon-1899-F9A825</styleUrl>
        <ExtendedData>
          <Data name="Type">
            <value>Restaurant</value>
          </Data>
          <Data name="Neighborhood">
            <value>Wicker Park</value>
          </Data>
          <Data name="Reviews">
            <value/>
          </Data>
          <Data name="Address">
            <value>2449 W Armitage Ave, Chicago, IL 60647</value>
          </Data>
        </ExtendedData>
      </Placemark>
      <Placemark>
        <name>Sushi Taku</name>
        <address>Sushi Taku Restaurant Wicker Park 1904 W Division St, Chicago, IL 60622</address>
        <description><![CDATA[Type: Restaurant<br>Neighborhood: Wicker Park<br>Reviews: <br>Address: 1904 W Division St, Chicago, IL 60622]]></description>
        <styleUrl>#icon-1899-F9A825</styleUrl>
        <ExtendedData>
          <Data name="Type">
            <value>Restaurant</value>
          </Data>
          <Data name="Neighborhood">
            <value>Wicker Park</value>
          </Data>
          <Data name="Reviews">
            <value/>
          </Data>
          <Data name="Address">
            <value>1904 W Division St, Chicago, IL 60622</value>
          </Data>
        </ExtendedData>
      </Placemark>
      <Placemark>
        <name>Sweet Rice</name>
        <address>Sweet Rice Restaurant Wicker Park Allen: good Korean and Thai food 1904 N Western Ave, Chicago, IL 60647</address>
        <description><![CDATA[Type: Restaurant<br>Neighborhood: Wicker Park<br>Reviews: Allen: good Korean and Thai food<br>Address: 1904 N Western Ave, Chicago, IL 60647]]></description>
        <styleUrl>#icon-1899-F9A825</styleUrl>
        <ExtendedData>
          <Data name="Type">
            <value>Restaurant</value>
          </Data>
          <Data name="Neighborhood">
            <value>Wicker Park</value>
          </Data>
          <Data name="Reviews">
            <value>Allen: good Korean and Thai food</value>
          </Data>
          <Data name="Address">
            <value>1904 N Western Ave, Chicago, IL 60647</value>
          </Data>
        </ExtendedData>
      </Placemark>
      <Placemark>
        <name>Taxim</name>
        <address>Taxim Restaurant Wicker Park 1558 N Milwaukee Ave, Chicago, IL 60622</address>
        <description><![CDATA[Type: Restaurant<br>Neighborhood: Wicker Park<br>Reviews: <br>Address: 1558 N Milwaukee Ave, Chicago, IL 60622]]></description>
        <styleUrl>#icon-1899-F9A825</styleUrl>
        <ExtendedData>
          <Data name="Type">
            <value>Restaurant</value>
          </Data>
          <Data name="Neighborhood">
            <value>Wicker Park</value>
          </Data>
          <Data name="Reviews">
            <value/>
          </Data>
          <Data name="Address">
            <value>1558 N Milwaukee Ave, Chicago, IL 60622</value>
          </Data>
        </ExtendedData>
      </Placemark>
      <Placemark>
        <name><![CDATA[Margie's Candies]]></name>
        <address><![CDATA[Margie's Candies Snack Wicker Park 1960 N Western Ave, Chicago, IL 60647]]></address>
        <description><![CDATA[Type: Snack<br>Neighborhood: Wicker Park<br>Reviews: <br>Address: 1960 N Western Ave, Chicago, IL 60647]]></description>
        <styleUrl>#icon-1899-F9A825</styleUrl>
        <ExtendedData>
          <Data name="Type">
            <value>Snack</value>
          </Data>
          <Data name="Neighborhood">
            <value>Wicker Park</value>
          </Data>
          <Data name="Reviews">
            <value/>
          </Data>
          <Data name="Address">
            <value>1960 N Western Ave, Chicago, IL 60647</value>
          </Data>
        </ExtendedData>
      </Placemark>
      <Placemark>
        <name>Guthries</name>
        <address>Guthries Bar Wrigleyville board game bar, trivia nights 1300 W Addison St, Chicago, IL 60613</address>
        <description><![CDATA[Type: Bar<br>Neighborhood: Wrigleyville<br>Reviews: board game bar, trivia nights<br>Address: 1300 W Addison St, Chicago, IL 60613]]></description>
        <styleUrl>#icon-1899-0288D1</styleUrl>
        <ExtendedData>
          <Data name="Type">
            <value>Bar</value>
          </Data>
          <Data name="Neighborhood">
            <value>Wrigleyville</value>
          </Data>
          <Data name="Reviews">
            <value>board game bar, trivia nights</value>
          </Data>
          <Data name="Address">
            <value>1300 W Addison St, Chicago, IL 60613</value>
          </Data>
        </ExtendedData>
      </Placemark>
      <Placemark>
        <name>Cafe Tola</name>
        <address>Cafe Tola Cafe Wrigleyville 3612 N Southport Ave, Chicago, IL 60613</address>
        <description><![CDATA[Type: Cafe<br>Neighborhood: Wrigleyville<br>Reviews: <br>Address: 3612 N Southport Ave, Chicago, IL 60613]]></description>
        <styleUrl>#icon-1899-0288D1</styleUrl>
        <ExtendedData>
          <Data name="Type">
            <value>Cafe</value>
          </Data>
          <Data name="Neighborhood">
            <value>Wrigleyville</value>
          </Data>
          <Data name="Reviews">
            <value/>
          </Data>
          <Data name="Address">
            <value>3612 N Southport Ave, Chicago, IL 60613</value>
          </Data>
        </ExtendedData>
      </Placemark>
      <Placemark>
        <name>smartbar</name>
        <address>smartbar Club Wrigleyville techno/house music, open until 4am on weekends 3730 N Clark St, Chicago, IL 60613</address>
        <description><![CDATA[Type: Club<br>Neighborhood: Wrigleyville<br>Reviews: techno/house music, open until 4am on weekends<br>Address: 3730 N Clark St, Chicago, IL 60613]]></description>
        <styleUrl>#icon-1899-0288D1</styleUrl>
        <ExtendedData>
          <Data name="Type">
            <value>Club</value>
          </Data>
          <Data name="Neighborhood">
            <value>Wrigleyville</value>
          </Data>
          <Data name="Reviews">
            <value>techno/house music, open until 4am on weekends</value>
          </Data>
          <Data name="Address">
            <value>3730 N Clark St, Chicago, IL 60613</value>
          </Data>
        </ExtendedData>
      </Placemark>
      <Placemark>
        <name>Tin Roof</name>
        <address>Tin Roof Club Wrigleyville Allen: Lively bar, good dj and dance floor 3519 N Clark St, Chicago, IL 60657</address>
        <description><![CDATA[Type: Club<br>Neighborhood: Wrigleyville<br>Reviews: Allen: Lively bar, good dj and dance floor<br>Address: 3519 N Clark St, Chicago, IL 60657]]></description>
        <styleUrl>#icon-1899-0288D1</styleUrl>
        <ExtendedData>
          <Data name="Type">
            <value>Club</value>
          </Data>
          <Data name="Neighborhood">
            <value>Wrigleyville</value>
          </Data>
          <Data name="Reviews">
            <value>Allen: Lively bar, good dj and dance floor</value>
          </Data>
          <Data name="Address">
            <value>3519 N Clark St, Chicago, IL 60657</value>
          </Data>
        </ExtendedData>
      </Placemark>
      <Placemark>
        <name>Underground Lounge</name>
        <address>Underground Lounge Club Wrigleyville 952 W Newport Ave, Chicago, IL 60657</address>
        <description><![CDATA[Type: Club<br>Neighborhood: Wrigleyville<br>Reviews: <br>Address: 952 W Newport Ave, Chicago, IL 60657]]></description>
        <styleUrl>#icon-1899-0288D1</styleUrl>
        <ExtendedData>
          <Data name="Type">
            <value>Club</value>
          </Data>
          <Data name="Neighborhood">
            <value>Wrigleyville</value>
          </Data>
          <Data name="Reviews">
            <value/>
          </Data>
          <Data name="Address">
            <value>952 W Newport Ave, Chicago, IL 60657</value>
          </Data>
        </ExtendedData>
      </Placemark>
      <Placemark>
        <name>Happy Camper</name>
        <address>Happy Camper Restaurant Wrigleyville 3458 N Clark St, Chicago, IL 60657</address>
        <description><![CDATA[Type: Restaurant<br>Neighborhood: Wrigleyville<br>Reviews: <br>Address: 3458 N Clark St, Chicago, IL 60657]]></description>
        <styleUrl>#icon-1899-0288D1</styleUrl>
        <ExtendedData>
          <Data name="Type">
            <value>Restaurant</value>
          </Data>
          <Data name="Neighborhood">
            <value>Wrigleyville</value>
          </Data>
          <Data name="Reviews">
            <value/>
          </Data>
          <Data name="Address">
            <value>3458 N Clark St, Chicago, IL 60657</value>
          </Data>
        </ExtendedData>
      </Placemark>
      <Placemark>
        <name><![CDATA[Hattie B's]]></name>
        <address><![CDATA[Hattie B's Restaurant Wrigleyville 3649 N Clark St, Chicago, IL 60613]]></address>
        <description><![CDATA[Type: Restaurant<br>Neighborhood: Wrigleyville<br>Reviews: <br>Address: 3649 N Clark St, Chicago, IL 60613]]></description>
        <styleUrl>#icon-1899-0288D1</styleUrl>
        <ExtendedData>
          <Data name="Type">
            <value>Restaurant</value>
          </Data>
          <Data name="Neighborhood">
            <value>Wrigleyville</value>
          </Data>
          <Data name="Reviews">
            <value/>
          </Data>
          <Data name="Address">
            <value>3649 N Clark St, Chicago, IL 60613</value>
          </Data>
        </ExtendedData>
      </Placemark>
      <Placemark>
        <name>Do-Rite</name>
        <address>Do-Rite Snack Wrigleyville 1027 W Addison St, Chicago, IL 60613</address>
        <description><![CDATA[Type: Snack<br>Neighborhood: Wrigleyville<br>Reviews: <br>Address: 1027 W Addison St, Chicago, IL 60613]]></description>
        <styleUrl>#icon-1899-0288D1</styleUrl>
        <ExtendedData>
          <Data name="Type">
            <value>Snack</value>
          </Data>
          <Data name="Neighborhood">
            <value>Wrigleyville</value>
          </Data>
          <Data name="Reviews">
            <value/>
          </Data>
          <Data name="Address">
            <value>1027 W Addison St, Chicago, IL 60613</value>
          </Data>
        </ExtendedData>
      </Placemark>
    </Folder>
    <Folder>
      <name>Activities</name>
      <Placemark>
        <name>Meeting House</name>
        <address>Meeting House 5025 N Clark St, Chicago, IL 60640</address>
        <description><![CDATA[Type: Bar<br>Neighborhood: Andersonville<br>Reviews: shuffleboard, billards, arcade games, popcorn<br>Address: 5025 N Clark St, Chicago, IL 60640]]></description>
        <styleUrl>#icon-1899-F9A825</styleUrl>
        <ExtendedData>
          <Data name="Type">
            <value>Bar</value>
          </Data>
          <Data name="Neighborhood">
            <value>Andersonville</value>
          </Data>
          <Data name="Reviews">
            <value>shuffleboard, billards, arcade games, popcorn</value>
          </Data>
          <Data name="Address">
            <value>5025 N Clark St, Chicago, IL 60640</value>
          </Data>
        </ExtendedData>
      </Placemark>
      <Placemark>
        <name>Late Bar</name>
        <address>Late Bar 3534 W Belmont Ave, Chicago, IL 60618</address>
        <description><![CDATA[Type: Club<br>Neighborhood: Avondale<br>Reviews: goth club, open til 4am thurs-sat, cheap beer<br>Address: 3534 W Belmont Ave, Chicago, IL 60618]]></description>
        <styleUrl>#icon-1899-AFB42B</styleUrl>
        <ExtendedData>
          <Data name="Type">
            <value>Club</value>
          </Data>
          <Data name="Neighborhood">
            <value>Avondale</value>
          </Data>
          <Data name="Reviews">
            <value>goth club, open til 4am thurs-sat, cheap beer</value>
          </Data>
          <Data name="Address">
            <value>3534 W Belmont Ave, Chicago, IL 60618</value>
          </Data>
        </ExtendedData>
      </Placemark>
      <Placemark>
        <name>Chicago Maritime Museum</name>
        <address>Chicago Maritime Museum 1200 W 35th St, Chicago, IL 60609</address>
        <description><![CDATA[Type: Museum<br>Neighborhood: Bridgeport<br>Reviews: <br>Address: 1200 W 35th St, Chicago, IL 60609]]></description>
        <styleUrl>#icon-1899-A52714</styleUrl>
        <ExtendedData>
          <Data name="Type">
            <value>Museum</value>
          </Data>
          <Data name="Neighborhood">
            <value>Bridgeport</value>
          </Data>
          <Data name="Reviews">
            <value/>
          </Data>
          <Data name="Address">
            <value>1200 W 35th St, Chicago, IL 60609</value>
          </Data>
        </ExtendedData>
      </Placemark>
      <Placemark>
        <name>Palmisano Park</name>
        <address>Palmisano Park 2700 S Halsted St, Chicago, IL 60608</address>
        <description><![CDATA[Type: Park<br>Neighborhood: Bridgeport<br>Reviews: old quarry and pond<br>Address: 2700 S Halsted St, Chicago, IL 60608]]></description>
        <styleUrl>#icon-1899-A52714</styleUrl>
        <ExtendedData>
          <Data name="Type">
            <value>Park</value>
          </Data>
          <Data name="Neighborhood">
            <value>Bridgeport</value>
          </Data>
          <Data name="Reviews">
            <value>old quarry and pond</value>
          </Data>
          <Data name="Address">
            <value>2700 S Halsted St, Chicago, IL 60608</value>
          </Data>
        </ExtendedData>
      </Placemark>
      <Placemark>
        <name>Oakwood Beach</name>
        <address>Oakwood Beach 4100 S DuSable Lake Shore Dr, Chicago, IL 60653</address>
        <description><![CDATA[Type: Beach<br>Neighborhood: Bronzeville<br>Reviews: Mermaid statue, long pier platform<br>Address: 4100 S DuSable Lake Shore Dr, Chicago, IL 60653]]></description>
        <styleUrl>#icon-1899-0097A7</styleUrl>
        <ExtendedData>
          <Data name="Type">
            <value>Beach</value>
          </Data>
          <Data name="Neighborhood">
            <value>Bronzeville</value>
          </Data>
          <Data name="Reviews">
            <value>Mermaid statue, long pier platform</value>
          </Data>
          <Data name="Address">
            <value>4100 S DuSable Lake Shore Dr, Chicago, IL 60653</value>
          </Data>
        </ExtendedData>
      </Placemark>
      <Placemark>
        <name>The 606</name>
        <address>The 606 1850 N Hermitage Ave, Chicago, IL 60622</address>
        <description><![CDATA[Type: Landmark<br>Neighborhood: Bucktown<br>Reviews: Walk or bike the 2-mile trail<br>Address: 1850 N Hermitage Ave, Chicago, IL 60622]]></description>
        <styleUrl>#icon-1899-01579B</styleUrl>
        <ExtendedData>
          <Data name="Type">
            <value>Landmark</value>
          </Data>
          <Data name="Neighborhood">
            <value>Bucktown</value>
          </Data>
          <Data name="Reviews">
            <value>Walk or bike the 2-mile trail</value>
          </Data>
          <Data name="Address">
            <value>1850 N Hermitage Ave, Chicago, IL 60622</value>
          </Data>
        </ExtendedData>
      </Placemark>
      <Placemark>
        <name>Chinese American Museum of Chicago</name>
        <address>Chinese American Museum of Chicago 238 W 23rd St, Chicago, IL 60616</address>
        <description><![CDATA[Type: Museum<br>Neighborhood: Chinatown<br>Reviews: <br>Address: 238 W 23rd St, Chicago, IL 60616]]></description>
        <styleUrl>#icon-1899-BDBDBD</styleUrl>
        <ExtendedData>
          <Data name="Type">
            <value>Museum</value>
          </Data>
          <Data name="Neighborhood">
            <value>Chinatown</value>
          </Data>
          <Data name="Reviews">
            <value/>
          </Data>
          <Data name="Address">
            <value>238 W 23rd St, Chicago, IL 60616</value>
          </Data>
        </ExtendedData>
      </Placemark>
      <Placemark>
        <name>Gichigamiin Indigenous Nations Museum</name>
        <address>Gichigamiin Indigenous Nations Museum 3001 Central St, Evanston, IL 60201</address>
        <description><![CDATA[Type: Museum<br>Neighborhood: Evanston<br>Reviews: <br>Address: 3001 Central St, Evanston, IL 60201]]></description>
        <styleUrl>#icon-1899-BDBDBD</styleUrl>
        <ExtendedData>
          <Data name="Type">
            <value>Museum</value>
          </Data>
          <Data name="Neighborhood">
            <value>Evanston</value>
          </Data>
          <Data name="Reviews">
            <value/>
          </Data>
          <Data name="Address">
            <value>3001 Central St, Evanston, IL 60201</value>
          </Data>
        </ExtendedData>
      </Placemark>
      <Placemark>
        <name>Garfield Park Conservatory</name>
        <address>Garfield Park Conservatory 300 N Central Park Ave, Chicago, IL 60624</address>
        <description><![CDATA[Type: Park<br>Neighborhood: Garfield Park<br>Reviews: <br>Address: 300 N Central Park Ave, Chicago, IL 60624]]></description>
        <styleUrl>#icon-1899-BDBDBD</styleUrl>
        <ExtendedData>
          <Data name="Type">
            <value>Park</value>
          </Data>
          <Data name="Neighborhood">
            <value>Garfield Park</value>
          </Data>
          <Data name="Reviews">
            <value/>
          </Data>
          <Data name="Address">
            <value>300 N Central Park Ave, Chicago, IL 60624</value>
          </Data>
        </ExtendedData>
      </Placemark>
      <Placemark>
        <name>Oak Street Beach</name>
        <address>Oak Street Beach 1000 N Lake Shore Dr, Chicago, IL 60611</address>
        <description><![CDATA[Type: Beach<br>Neighborhood: Gold Coast<br>Reviews: <br>Address: 1000 N Lake Shore Dr, Chicago, IL 60611]]></description>
        <styleUrl>#icon-1899-673AB7</styleUrl>
        <ExtendedData>
          <Data name="Type">
            <value>Beach</value>
          </Data>
          <Data name="Neighborhood">
            <value>Gold Coast</value>
          </Data>
          <Data name="Reviews">
            <value/>
          </Data>
          <Data name="Address">
            <value>1000 N Lake Shore Dr, Chicago, IL 60611</value>
          </Data>
        </ExtendedData>
      </Placemark>
      <Placemark>
        <name>Newberry Library</name>
        <address>Newberry Library 60 W Walton St, Chicago, IL 60610</address>
        <description><![CDATA[Type: Books<br>Neighborhood: Gold Coast<br>Reviews: <br>Address: 60 W Walton St, Chicago, IL 60610]]></description>
        <styleUrl>#icon-1899-673AB7</styleUrl>
        <ExtendedData>
          <Data name="Type">
            <value>Books</value>
          </Data>
          <Data name="Neighborhood">
            <value>Gold Coast</value>
          </Data>
          <Data name="Reviews">
            <value/>
          </Data>
          <Data name="Address">
            <value>60 W Walton St, Chicago, IL 60610</value>
          </Data>
        </ExtendedData>
      </Placemark>
      <Placemark>
        <name>The Hangge-Uppe</name>
        <address>The Hangge-Uppe 14 W Elm St, Chicago, IL 60610</address>
        <description><![CDATA[Type: Club<br>Neighborhood: Gold Coast<br>Reviews: Lit, lots of dancing<br>Address: 14 W Elm St, Chicago, IL 60610]]></description>
        <styleUrl>#icon-1899-673AB7</styleUrl>
        <ExtendedData>
          <Data name="Type">
            <value>Club</value>
          </Data>
          <Data name="Neighborhood">
            <value>Gold Coast</value>
          </Data>
          <Data name="Reviews">
            <value>Lit, lots of dancing</value>
          </Data>
          <Data name="Address">
            <value>14 W Elm St, Chicago, IL 60610</value>
          </Data>
        </ExtendedData>
      </Placemark>
      <Placemark>
        <name><![CDATA[The Original Mother's]]></name>
        <address><![CDATA[The Original Mother's 26 W Division St, Chicago, IL 60610]]></address>
        <description><![CDATA[Type: Club<br>Neighborhood: Gold Coast<br>Reviews: <br>Address: 26 W Division St, Chicago, IL 60610]]></description>
        <styleUrl>#icon-1899-673AB7</styleUrl>
        <ExtendedData>
          <Data name="Type">
            <value>Club</value>
          </Data>
          <Data name="Neighborhood">
            <value>Gold Coast</value>
          </Data>
          <Data name="Reviews">
            <value/>
          </Data>
          <Data name="Address">
            <value>26 W Division St, Chicago, IL 60610</value>
          </Data>
        </ExtendedData>
      </Placemark>
      <Placemark>
        <name>Charnley-Persky House</name>
        <address>Charnley-Persky House 1365 N Astor St, Chicago, IL 60610</address>
        <description><![CDATA[Type: Museum<br>Neighborhood: Gold Coast<br>Reviews: Free to visit, old-timey house<br>Address: 1365 N Astor St, Chicago, IL 60610]]></description>
        <styleUrl>#icon-1899-673AB7</styleUrl>
        <ExtendedData>
          <Data name="Type">
            <value>Museum</value>
          </Data>
          <Data name="Neighborhood">
            <value>Gold Coast</value>
          </Data>
          <Data name="Reviews">
            <value>Free to visit, old-timey house</value>
          </Data>
          <Data name="Address">
            <value>1365 N Astor St, Chicago, IL 60610</value>
          </Data>
        </ExtendedData>
      </Placemark>
      <Placemark>
        <name>900 N Michigan Shops</name>
        <address>900 N Michigan Shops 900 N Michigan Ave, Chicago, IL 60611</address>
        <description><![CDATA[Type: Retail<br>Neighborhood: Gold Coast<br>Reviews: Nice food court, could study on top floor<br>Address: 900 N Michigan Ave, Chicago, IL 60611]]></description>
        <styleUrl>#icon-1899-673AB7</styleUrl>
        <ExtendedData>
          <Data name="Type">
            <value>Retail</value>
          </Data>
          <Data name="Neighborhood">
            <value>Gold Coast</value>
          </Data>
          <Data name="Reviews">
            <value>Nice food court, could study on top floor</value>
          </Data>
          <Data name="Address">
            <value>900 N Michigan Ave, Chicago, IL 60611</value>
          </Data>
        </ExtendedData>
      </Placemark>
      <Placemark>
        <name><![CDATA[National Museum of Puerto Rican Arts & Culture]]></name>
        <address><![CDATA[National Museum of Puerto Rican Arts & Culture 3015 W Division St, Chicago, IL 60622]]></address>
        <description><![CDATA[Type: Museum<br>Neighborhood: Humboldt Park<br>Reviews: <br>Address: 3015 W Division St, Chicago, IL 60622]]></description>
        <styleUrl>#icon-1899-F57C00</styleUrl>
        <ExtendedData>
          <Data name="Type">
            <value>Museum</value>
          </Data>
          <Data name="Neighborhood">
            <value>Humboldt Park</value>
          </Data>
          <Data name="Reviews">
            <value/>
          </Data>
          <Data name="Address">
            <value>3015 W Division St, Chicago, IL 60622</value>
          </Data>
        </ExtendedData>
      </Placemark>
      <Placemark>
        <name>Humboldt Park</name>
        <address>Humboldt Park 1400 N Humboldt Dr, Chicago, IL 60622</address>
        <description><![CDATA[Type: Park<br>Neighborhood: Humboldt Park<br>Reviews: <br>Address: 1400 N Humboldt Dr, Chicago, IL 60622]]></description>
        <styleUrl>#icon-1899-F57C00</styleUrl>
        <ExtendedData>
          <Data name="Type">
            <value>Park</value>
          </Data>
          <Data name="Neighborhood">
            <value>Humboldt Park</value>
          </Data>
          <Data name="Reviews">
            <value/>
          </Data>
          <Data name="Address">
            <value>1400 N Humboldt Dr, Chicago, IL 60622</value>
          </Data>
        </ExtendedData>
      </Placemark>
      <Placemark>
        <name>57th Street Beach</name>
        <address>57th Street Beach 5700 S DuSable Lake Shore Dr, Chicago, IL 60637</address>
        <description><![CDATA[Type: Beach<br>Neighborhood: Hyde Park<br>Reviews: Allen: cool beach, has sand and concrete parts<br>Address: 5700 S DuSable Lake Shore Dr, Chicago, IL 60637]]></description>
        <styleUrl>#icon-1899-FBC02D</styleUrl>
        <ExtendedData>
          <Data name="Type">
            <value>Beach</value>
          </Data>
          <Data name="Neighborhood">
            <value>Hyde Park</value>
          </Data>
          <Data name="Reviews">
            <value>Allen: cool beach, has sand and concrete parts</value>
          </Data>
          <Data name="Address">
            <value>5700 S DuSable Lake Shore Dr, Chicago, IL 60637</value>
          </Data>
        </ExtendedData>
      </Placemark>
      <Placemark>
        <name>Harper Memorial Library</name>
        <address>Harper Memorial Library 1116 E 59th St, Chicago, IL 60637</address>
        <description><![CDATA[Type: Books<br>Neighborhood: Hyde Park<br>Reviews: Beautiful gothic design<br>Address: 1116 E 59th St, Chicago, IL 60637]]></description>
        <styleUrl>#icon-1899-FBC02D</styleUrl>
        <ExtendedData>
          <Data name="Type">
            <value>Books</value>
          </Data>
          <Data name="Neighborhood">
            <value>Hyde Park</value>
          </Data>
          <Data name="Reviews">
            <value>Beautiful gothic design</value>
          </Data>
          <Data name="Address">
            <value>1116 E 59th St, Chicago, IL 60637</value>
          </Data>
        </ExtendedData>
      </Placemark>
      <Placemark>
        <name>Mansueto Library</name>
        <address>Mansueto Library 1100 E 57th St, Chicago, IL 60637</address>
        <description><![CDATA[Type: Books<br>Neighborhood: Hyde Park<br>Reviews: More modern design, big skylight dome<br>Address: 1100 E 57th St, Chicago, IL 60637]]></description>
        <styleUrl>#icon-1899-FBC02D</styleUrl>
        <ExtendedData>
          <Data name="Type">
            <value>Books</value>
          </Data>
          <Data name="Neighborhood">
            <value>Hyde Park</value>
          </Data>
          <Data name="Reviews">
            <value>More modern design, big skylight dome</value>
          </Data>
          <Data name="Address">
            <value>1100 E 57th St, Chicago, IL 60637</value>
          </Data>
        </ExtendedData>
      </Placemark>
      <Placemark>
        <name>DuSable Museum</name>
        <address>DuSable Museum 740 E 56th Place, Chicago, IL 60637</address>
        <description><![CDATA[Type: Museum<br>Neighborhood: Hyde Park<br>Reviews: DuSable (founder of Chicago) was actually Haitian!<br>Address: 740 E 56th Place, Chicago, IL 60637]]></description>
        <styleUrl>#icon-1899-FBC02D</styleUrl>
        <ExtendedData>
          <Data name="Type">
            <value>Museum</value>
          </Data>
          <Data name="Neighborhood">
            <value>Hyde Park</value>
          </Data>
          <Data name="Reviews">
            <value>DuSable (founder of Chicago) was actually Haitian!</value>
          </Data>
          <Data name="Address">
            <value>740 E 56th Place, Chicago, IL 60637</value>
          </Data>
        </ExtendedData>
      </Placemark>
      <Placemark>
        <name><![CDATA[Griffin Museum of Science & Industry]]></name>
        <address><![CDATA[Griffin Museum of Science & Industry 5700 S DuSable Lake Shore Dr, Chicago, IL 60637]]></address>
        <description><![CDATA[Type: Museum<br>Neighborhood: Hyde Park<br>Reviews: <br>Address: 5700 S DuSable Lake Shore Dr, Chicago, IL 60637]]></description>
        <styleUrl>#icon-1899-FBC02D</styleUrl>
        <ExtendedData>
          <Data name="Type">
            <value>Museum</value>
          </Data>
          <Data name="Neighborhood">
            <value>Hyde Park</value>
          </Data>
          <Data name="Reviews">
            <value/>
          </Data>
          <Data name="Address">
            <value>5700 S DuSable Lake Shore Dr, Chicago, IL 60637</value>
          </Data>
        </ExtendedData>
      </Placemark>
      <Placemark>
        <name>Institute for the Study of Ancient Cultures Museum</name>
        <address>Institute for the Study of Ancient Cultures Museum 1155 E 58th St, Chicago, IL 60637</address>
        <description><![CDATA[Type: Museum<br>Neighborhood: Hyde Park<br>Reviews: <br>Address: 1155 E 58th St, Chicago, IL 60637]]></description>
        <styleUrl>#icon-1899-FBC02D</styleUrl>
        <ExtendedData>
          <Data name="Type">
            <value>Museum</value>
          </Data>
          <Data name="Neighborhood">
            <value>Hyde Park</value>
          </Data>
          <Data name="Reviews">
            <value/>
          </Data>
          <Data name="Address">
            <value>1155 E 58th St, Chicago, IL 60637</value>
          </Data>
        </ExtendedData>
      </Placemark>
      <Placemark>
        <name>Smart Museum of Art</name>
        <address>Smart Museum of Art 5550 S Greenwood Ave, Chicago, IL 60637</address>
        <description><![CDATA[Type: Museum<br>Neighborhood: Hyde Park<br>Reviews: free!<br>Address: 5550 S Greenwood Ave, Chicago, IL 60637]]></description>
        <styleUrl>#icon-1899-FBC02D</styleUrl>
        <ExtendedData>
          <Data name="Type">
            <value>Museum</value>
          </Data>
          <Data name="Neighborhood">
            <value>Hyde Park</value>
          </Data>
          <Data name="Reviews">
            <value>free!</value>
          </Data>
          <Data name="Address">
            <value>5550 S Greenwood Ave, Chicago, IL 60637</value>
          </Data>
        </ExtendedData>
      </Placemark>
      <Placemark>
        <name>Promontory Point</name>
        <address>Promontory Point 5491 S DuSable Lake Shore Dr, Chicago, IL 60615</address>
        <description><![CDATA[Type: Park<br>Neighborhood: Hyde Park<br>Reviews: Allen: nice green area, shore is rock slabs<br>Address: 5491 S DuSable Lake Shore Dr, Chicago, IL 60615]]></description>
        <styleUrl>#icon-1899-FBC02D</styleUrl>
        <ExtendedData>
          <Data name="Type">
            <value>Park</value>
          </Data>
          <Data name="Neighborhood">
            <value>Hyde Park</value>
          </Data>
          <Data name="Reviews">
            <value>Allen: nice green area, shore is rock slabs</value>
          </Data>
          <Data name="Address">
            <value>5491 S DuSable Lake Shore Dr, Chicago, IL 60615</value>
          </Data>
        </ExtendedData>
      </Placemark>
      <Placemark>
        <name>Stay and Play Game Cafe</name>
        <address>Stay and Play Game Cafe 3932 W Irving Park Rd, Chicago, IL 60618</address>
        <description><![CDATA[Type: Restaurant<br>Neighborhood: Irving Park<br>Reviews: puerto rican food<br>$5 games (min $10 food)<br>Address: 3932 W Irving Park Rd, Chicago, IL 60618]]></description>
        <styleUrl>#icon-1899-BDBDBD</styleUrl>
        <ExtendedData>
          <Data name="Type">
            <value>Restaurant</value>
          </Data>
          <Data name="Neighborhood">
            <value>Irving Park</value>
          </Data>
          <Data name="Reviews">
            <value>puerto rican food
$5 games (min $10 food)</value>
          </Data>
          <Data name="Address">
            <value>3932 W Irving Park Rd, Chicago, IL 60618</value>
          </Data>
        </ExtendedData>
      </Placemark>
      <Placemark>
        <name>Osaka Garden</name>
        <address>Osaka Garden 6300 S Cornell Ave, Chicago, IL 60637</address>
        <description><![CDATA[Type: Park<br>Neighborhood: Jackson Park<br>Reviews: Visit in morning, look at cherry blossoms<br>Address: 6300 S Cornell Ave, Chicago, IL 60637]]></description>
        <styleUrl>#icon-1899-BDBDBD</styleUrl>
        <ExtendedData>
          <Data name="Type">
            <value>Park</value>
          </Data>
          <Data name="Neighborhood">
            <value>Jackson Park</value>
          </Data>
          <Data name="Reviews">
            <value>Visit in morning, look at cherry blossoms</value>
          </Data>
          <Data name="Address">
            <value>6300 S Cornell Ave, Chicago, IL 60637</value>
          </Data>
        </ExtendedData>
      </Placemark>
      <Placemark>
        <name>Lakefront Trail</name>
        <address>Lakefront Trail 400 S DuSable Lake Shore Dr, Chicago, IL 60605</address>
        <description><![CDATA[Type: Landmark<br>Neighborhood: Lake<br>Reviews: All along chicago<br>Address: 400 S DuSable Lake Shore Dr, Chicago, IL 60605]]></description>
        <styleUrl>#icon-1899-BDBDBD</styleUrl>
        <ExtendedData>
          <Data name="Type">
            <value>Landmark</value>
          </Data>
          <Data name="Neighborhood">
            <value>Lake</value>
          </Data>
          <Data name="Reviews">
            <value>All along chicago</value>
          </Data>
          <Data name="Address">
            <value>400 S DuSable Lake Shore Dr, Chicago, IL 60605</value>
          </Data>
        </ExtendedData>
      </Placemark>
      <Placemark>
        <name>Cuddle Bunny</name>
        <address>Cuddle Bunny 2901 N Clark St, Chicago, IL 60657</address>
        <description><![CDATA[Type: Activity<br>Neighborhood: Lakeview<br>Reviews: <br>Address: 2901 N Clark St, Chicago, IL 60657]]></description>
        <styleUrl>#icon-1899-FFD600</styleUrl>
        <ExtendedData>
          <Data name="Type">
            <value>Activity</value>
          </Data>
          <Data name="Neighborhood">
            <value>Lakeview</value>
          </Data>
          <Data name="Reviews">
            <value/>
          </Data>
          <Data name="Address">
            <value>2901 N Clark St, Chicago, IL 60657</value>
          </Data>
        </ExtendedData>
      </Placemark>
      <Placemark>
        <name>Laugh Factory</name>
        <address>Laugh Factory 3175 N Broadway, Chicago, IL 60657</address>
        <description><![CDATA[Type: Activity<br>Neighborhood: Lakeview<br>Reviews: Use code JOSH for free tickets!<br>Address: 3175 N Broadway, Chicago, IL 60657]]></description>
        <styleUrl>#icon-1899-FFD600</styleUrl>
        <ExtendedData>
          <Data name="Type">
            <value>Activity</value>
          </Data>
          <Data name="Neighborhood">
            <value>Lakeview</value>
          </Data>
          <Data name="Reviews">
            <value>Use code JOSH for free tickets!</value>
          </Data>
          <Data name="Address">
            <value>3175 N Broadway, Chicago, IL 60657</value>
          </Data>
        </ExtendedData>
      </Placemark>
      <Placemark>
        <name>The Brown Elephant</name>
        <address>The Brown Elephant 812 W Belmont Ave, Chicago, IL 60657</address>
        <description><![CDATA[Type: Activity<br>Neighborhood: Lakeview<br>Reviews: thrift store, cheaper finds<br>Address: 812 W Belmont Ave, Chicago, IL 60657]]></description>
        <styleUrl>#icon-1899-FFD600</styleUrl>
        <ExtendedData>
          <Data name="Type">
            <value>Activity</value>
          </Data>
          <Data name="Neighborhood">
            <value>Lakeview</value>
          </Data>
          <Data name="Reviews">
            <value>thrift store, cheaper finds</value>
          </Data>
          <Data name="Address">
            <value>812 W Belmont Ave, Chicago, IL 60657</value>
          </Data>
        </ExtendedData>
      </Placemark>
      <Placemark>
        <name>Replay</name>
        <address>Replay 2833 N Sheffield Ave, Chicago, IL 60657</address>
        <description><![CDATA[Type: Bar<br>Neighborhood: Lakeview<br>Reviews: arcade bar, games mostly free<br>Address: 2833 N Sheffield Ave, Chicago, IL 60657]]></description>
        <styleUrl>#icon-1899-FFD600</styleUrl>
        <ExtendedData>
          <Data name="Type">
            <value>Bar</value>
          </Data>
          <Data name="Neighborhood">
            <value>Lakeview</value>
          </Data>
          <Data name="Reviews">
            <value>arcade bar, games mostly free</value>
          </Data>
          <Data name="Address">
            <value>2833 N Sheffield Ave, Chicago, IL 60657</value>
          </Data>
        </ExtendedData>
      </Placemark>
      <Placemark>
        <name>Belmont Waterfront</name>
        <address>Belmont Waterfront 3600 N Recreation Dr, Chicago, IL 60613</address>
        <description><![CDATA[Type: Park<br>Neighborhood: Lakeview<br>Reviews: <br>Address: 3600 N Recreation Dr, Chicago, IL 60613]]></description>
        <styleUrl>#icon-1899-FFD600</styleUrl>
        <ExtendedData>
          <Data name="Type">
            <value>Park</value>
          </Data>
          <Data name="Neighborhood">
            <value>Lakeview</value>
          </Data>
          <Data name="Reviews">
            <value/>
          </Data>
          <Data name="Address">
            <value>3600 N Recreation Dr, Chicago, IL 60613</value>
          </Data>
        </ExtendedData>
      </Placemark>
      <Placemark>
        <name>Galway Bay</name>
        <address>Galway Bay 500 W Diversey Pkwy, Chicago, IL 60614</address>
        <description><![CDATA[Type: Bar<br>Neighborhood: Lincoln Park<br>Reviews: bilards, darts, free popcorn<br>Address: 500 W Diversey Pkwy, Chicago, IL 60614]]></description>
        <styleUrl>#icon-1899-FFEA00</styleUrl>
        <ExtendedData>
          <Data name="Type">
            <value>Bar</value>
          </Data>
          <Data name="Neighborhood">
            <value>Lincoln Park</value>
          </Data>
          <Data name="Reviews">
            <value>bilards, darts, free popcorn</value>
          </Data>
          <Data name="Address">
            <value>500 W Diversey Pkwy, Chicago, IL 60614</value>
          </Data>
        </ExtendedData>
      </Placemark>
      <Placemark>
        <name>Kibbitznest</name>
        <address>Kibbitznest 2212 N Clybourn Ave, Chicago, IL 60614</address>
        <description><![CDATA[Type: Bar<br>Neighborhood: Lincoln Park<br>Reviews: board game and reading cafe<br>has alc too<br>foosball table hidden in back<br>rec'd by multiple people<br>Address: 2212 N Clybourn Ave, Chicago, IL 60614]]></description>
        <styleUrl>#icon-1899-FFEA00</styleUrl>
        <ExtendedData>
          <Data name="Type">
            <value>Bar</value>
          </Data>
          <Data name="Neighborhood">
            <value>Lincoln Park</value>
          </Data>
          <Data name="Reviews">
            <value><![CDATA[board game and reading cafe
has alc too
foosball table hidden in back
rec'd by multiple people]]></value>
          </Data>
          <Data name="Address">
            <value>2212 N Clybourn Ave, Chicago, IL 60614</value>
          </Data>
        </ExtendedData>
      </Placemark>
      <Placemark>
        <name>The Red Lion Pub</name>
        <address>The Red Lion Pub 2446 N Lincoln Ave, Chicago, IL 60614</address>
        <description><![CDATA[Type: Bar<br>Neighborhood: Lincoln Park<br>Reviews: Bristish-style pub w books and WW2 memorabilia<br>Address: 2446 N Lincoln Ave, Chicago, IL 60614]]></description>
        <styleUrl>#icon-1899-FFEA00</styleUrl>
        <ExtendedData>
          <Data name="Type">
            <value>Bar</value>
          </Data>
          <Data name="Neighborhood">
            <value>Lincoln Park</value>
          </Data>
          <Data name="Reviews">
            <value>Bristish-style pub w books and WW2 memorabilia</value>
          </Data>
          <Data name="Address">
            <value>2446 N Lincoln Ave, Chicago, IL 60614</value>
          </Data>
        </ExtendedData>
      </Placemark>
      <Placemark>
        <name>North Avenue Beach</name>
        <address>North Avenue Beach 1603 N Lake Shore Dr, Chicago, IL 60613</address>
        <description><![CDATA[Type: Beach<br>Neighborhood: Lincoln Park<br>Reviews: <br>Address: 1603 N Lake Shore Dr, Chicago, IL 60613]]></description>
        <styleUrl>#icon-1899-FFEA00</styleUrl>
        <ExtendedData>
          <Data name="Type">
            <value>Beach</value>
          </Data>
          <Data name="Neighborhood">
            <value>Lincoln Park</value>
          </Data>
          <Data name="Reviews">
            <value/>
          </Data>
          <Data name="Address">
            <value>1603 N Lake Shore Dr, Chicago, IL 60613</value>
          </Data>
        </ExtendedData>
      </Placemark>
      <Placemark>
        <name>Kingston Mines</name>
        <address>Kingston Mines 2548 N Halsted St, Chicago, IL 60614</address>
        <description><![CDATA[Type: Club<br>Neighborhood: Lincoln Park<br>Reviews: Live music, blues club, open til 4am fri+sat<br>rec'd by multiple people, Marissa too<br>Address: 2548 N Halsted St, Chicago, IL 60614]]></description>
        <styleUrl>#icon-1899-FFEA00</styleUrl>
        <ExtendedData>
          <Data name="Type">
            <value>Club</value>
          </Data>
          <Data name="Neighborhood">
            <value>Lincoln Park</value>
          </Data>
          <Data name="Reviews">
            <value><![CDATA[Live music, blues club, open til 4am fri+sat
rec'd by multiple people, Marissa too]]></value>
          </Data>
          <Data name="Address">
            <value>2548 N Halsted St, Chicago, IL 60614</value>
          </Data>
        </ExtendedData>
      </Placemark>
      <Placemark>
        <name>Elks National Foundation</name>
        <address>Elks National Foundation 2750 N Lakeview Ave, Chicago, IL 60614</address>
        <description><![CDATA[Type: Landmark<br>Neighborhood: Lincoln Park<br>Reviews: <br>Address: 2750 N Lakeview Ave, Chicago, IL 60614]]></description>
        <styleUrl>#icon-1899-FFEA00</styleUrl>
        <ExtendedData>
          <Data name="Type">
            <value>Landmark</value>
          </Data>
          <Data name="Neighborhood">
            <value>Lincoln Park</value>
          </Data>
          <Data name="Reviews">
            <value/>
          </Data>
          <Data name="Address">
            <value>2750 N Lakeview Ave, Chicago, IL 60614</value>
          </Data>
        </ExtendedData>
      </Placemark>
      <Placemark>
        <name>Lincoln Park Zoo</name>
        <address>Lincoln Park Zoo 2001 N Clark St, Chicago, IL 60614</address>
        <description><![CDATA[Type: Park<br>Neighborhood: Lincoln Park<br>Reviews: Free!<br>Go to conservatory<br>Go to Zoolights in winter<br>Address: 2001 N Clark St, Chicago, IL 60614]]></description>
        <styleUrl>#icon-1899-FFEA00</styleUrl>
        <ExtendedData>
          <Data name="Type">
            <value>Park</value>
          </Data>
          <Data name="Neighborhood">
            <value>Lincoln Park</value>
          </Data>
          <Data name="Reviews">
            <value>Free!
Go to conservatory
Go to Zoolights in winter</value>
          </Data>
          <Data name="Address">
            <value>2001 N Clark St, Chicago, IL 60614</value>
          </Data>
        </ExtendedData>
      </Placemark>
      <Placemark>
        <name>The Book Cellar</name>
        <address>The Book Cellar 4736 N Lincoln Ave, Chicago, IL 60625</address>
        <description><![CDATA[Type: Books<br>Neighborhood: Lincoln Square<br>Reviews: <br>Address: 4736 N Lincoln Ave, Chicago, IL 60625]]></description>
        <styleUrl>#icon-1899-C2185B</styleUrl>
        <ExtendedData>
          <Data name="Type">
            <value>Books</value>
          </Data>
          <Data name="Neighborhood">
            <value>Lincoln Square</value>
          </Data>
          <Data name="Reviews">
            <value/>
          </Data>
          <Data name="Address">
            <value>4736 N Lincoln Ave, Chicago, IL 60625</value>
          </Data>
        </ExtendedData>
      </Placemark>
      <Placemark>
        <name>Berlin Wall Monument</name>
        <address>Berlin Wall Monument 4648 N Western Ave, Chicago, IL 60625</address>
        <description><![CDATA[Type: Landmark<br>Neighborhood: Lincoln Square<br>Reviews: <br>Address: 4648 N Western Ave, Chicago, IL 60625]]></description>
        <styleUrl>#icon-1899-C2185B</styleUrl>
        <ExtendedData>
          <Data name="Type">
            <value>Landmark</value>
          </Data>
          <Data name="Neighborhood">
            <value>Lincoln Square</value>
          </Data>
          <Data name="Reviews">
            <value/>
          </Data>
          <Data name="Address">
            <value>4648 N Western Ave, Chicago, IL 60625</value>
          </Data>
        </ExtendedData>
      </Placemark>
      <Placemark>
        <name>National Public Housing Museum</name>
        <address>National Public Housing Museum 919 S Ada St, Chicago, IL 60607</address>
        <description><![CDATA[Type: Museum<br>Neighborhood: Little Italy<br>Reviews: free<br>Address: 919 S Ada St, Chicago, IL 60607]]></description>
        <styleUrl>#icon-1899-BDBDBD</styleUrl>
        <ExtendedData>
          <Data name="Type">
            <value>Museum</value>
          </Data>
          <Data name="Neighborhood">
            <value>Little Italy</value>
          </Data>
          <Data name="Reviews">
            <value>free</value>
          </Data>
          <Data name="Address">
            <value>919 S Ada St, Chicago, IL 60607</value>
          </Data>
        </ExtendedData>
      </Placemark>
      <Placemark>
        <name>The Insect Asylum</name>
        <address>The Insect Asylum 2870 N Milwaukee Ave, Chicago, IL 60618</address>
        <description><![CDATA[Type: Museum<br>Neighborhood: Logan Square<br>Reviews: insect specimens and taxidermy art<br>Address: 2870 N Milwaukee Ave, Chicago, IL 60618]]></description>
        <styleUrl>#icon-1899-BDBDBD</styleUrl>
        <ExtendedData>
          <Data name="Type">
            <value>Museum</value>
          </Data>
          <Data name="Neighborhood">
            <value>Logan Square</value>
          </Data>
          <Data name="Reviews">
            <value>insect specimens and taxidermy art</value>
          </Data>
          <Data name="Address">
            <value>2870 N Milwaukee Ave, Chicago, IL 60618</value>
          </Data>
        </ExtendedData>
      </Placemark>
      <Placemark>
        <name>AceBounce</name>
        <address>AceBounce 230 N Clark St, Chicago, IL 60601</address>
        <description><![CDATA[Type: Bar<br>Neighborhood: Loop<br>Reviews: Ping pong bar coworkers were telling me about<br>rec'd by multiple people<br>Address: 230 N Clark St, Chicago, IL 60601]]></description>
        <styleUrl>#icon-1899-0F9D58</styleUrl>
        <ExtendedData>
          <Data name="Type">
            <value>Bar</value>
          </Data>
          <Data name="Neighborhood">
            <value>Loop</value>
          </Data>
          <Data name="Reviews">
            <value><![CDATA[Ping pong bar coworkers were telling me about
rec'd by multiple people]]></value>
          </Data>
          <Data name="Address">
            <value>230 N Clark St, Chicago, IL 60601</value>
          </Data>
        </ExtendedData>
      </Placemark>
      <Placemark>
        <name>Sky Ride Tap</name>
        <address>Sky Ride Tap 105 W Van Buren St, Chicago, IL 60605</address>
        <description><![CDATA[Type: Bar<br>Neighborhood: Loop<br>Reviews: <br>Address: 105 W Van Buren St, Chicago, IL 60605]]></description>
        <styleUrl>#icon-1899-0F9D58</styleUrl>
        <ExtendedData>
          <Data name="Type">
            <value>Bar</value>
          </Data>
          <Data name="Neighborhood">
            <value>Loop</value>
          </Data>
          <Data name="Reviews">
            <value/>
          </Data>
          <Data name="Address">
            <value>105 W Van Buren St, Chicago, IL 60605</value>
          </Data>
        </ExtendedData>
      </Placemark>
      <Placemark>
        <name>Era</name>
        <address>Era 416 S Clark St, Chicago, IL 60605</address>
        <description><![CDATA[Type: Club<br>Neighborhood: Loop<br>Reviews: rec'd by multiple people<br>Address: 416 S Clark St, Chicago, IL 60605]]></description>
        <styleUrl>#icon-1899-0F9D58</styleUrl>
        <ExtendedData>
          <Data name="Type">
            <value>Club</value>
          </Data>
          <Data name="Neighborhood">
            <value>Loop</value>
          </Data>
          <Data name="Reviews">
            <value><![CDATA[rec'd by multiple people]]></value>
          </Data>
          <Data name="Address">
            <value>416 S Clark St, Chicago, IL 60605</value>
          </Data>
        </ExtendedData>
      </Placemark>
      <Placemark>
        <name>Buckingham Fountain</name>
        <address>Buckingham Fountain 301 S Columbus Drive, Chicago, IL 60605</address>
        <description><![CDATA[Type: Landmark<br>Neighborhood: Loop<br>Reviews: <br>Address: 301 S Columbus Drive, Chicago, IL 60605]]></description>
        <styleUrl>#icon-1899-0F9D58</styleUrl>
        <ExtendedData>
          <Data name="Type">
            <value>Landmark</value>
          </Data>
          <Data name="Neighborhood">
            <value>Loop</value>
          </Data>
          <Data name="Reviews">
            <value/>
          </Data>
          <Data name="Address">
            <value>301 S Columbus Drive, Chicago, IL 60605</value>
          </Data>
        </ExtendedData>
      </Placemark>
      <Placemark>
        <name>Chicago Athletic Association</name>
        <address>Chicago Athletic Association 12 S Michigan Ave, Chicago, IL 60603</address>
        <description><![CDATA[Type: Landmark<br>Neighborhood: Loop<br>Reviews: Go to second floor<br>Address: 12 S Michigan Ave, Chicago, IL 60603]]></description>
        <styleUrl>#icon-1899-0F9D58</styleUrl>
        <ExtendedData>
          <Data name="Type">
            <value>Landmark</value>
          </Data>
          <Data name="Neighborhood">
            <value>Loop</value>
          </Data>
          <Data name="Reviews">
            <value>Go to second floor</value>
          </Data>
          <Data name="Address">
            <value>12 S Michigan Ave, Chicago, IL 60603</value>
          </Data>
        </ExtendedData>
      </Placemark>
      <Placemark>
        <name>Harris Theater</name>
        <address>Harris Theater 205 E Randolph St, Chicago, IL 60601</address>
        <description><![CDATA[Type: Landmark<br>Neighborhood: Loop<br>Reviews: huge venue<br>Address: 205 E Randolph St, Chicago, IL 60601]]></description>
        <styleUrl>#icon-1899-0F9D58</styleUrl>
        <ExtendedData>
          <Data name="Type">
            <value>Landmark</value>
          </Data>
          <Data name="Neighborhood">
            <value>Loop</value>
          </Data>
          <Data name="Reviews">
            <value>huge venue</value>
          </Data>
          <Data name="Address">
            <value>205 E Randolph St, Chicago, IL 60601</value>
          </Data>
        </ExtendedData>
      </Placemark>
      <Placemark>
        <name>Maggie Daley Park</name>
        <address>Maggie Daley Park 337 E Randolph St, Chicago, IL 60602</address>
        <description><![CDATA[Type: Landmark<br>Neighborhood: Loop<br>Reviews: <br>Address: 337 E Randolph St, Chicago, IL 60602]]></description>
        <styleUrl>#icon-1899-0F9D58</styleUrl>
        <ExtendedData>
          <Data name="Type">
            <value>Landmark</value>
          </Data>
          <Data name="Neighborhood">
            <value>Loop</value>
          </Data>
          <Data name="Reviews">
            <value/>
          </Data>
          <Data name="Address">
            <value>337 E Randolph St, Chicago, IL 60602</value>
          </Data>
        </ExtendedData>
      </Placemark>
      <Placemark>
        <name>Riverwalk</name>
        <address>Riverwalk Chicago, IL 60601</address>
        <description><![CDATA[Type: Landmark<br>Neighborhood: Loop<br>Reviews: <br>Address: Chicago, IL 60601]]></description>
        <styleUrl>#icon-1899-0F9D58</styleUrl>
        <ExtendedData>
          <Data name="Type">
            <value>Landmark</value>
          </Data>
          <Data name="Neighborhood">
            <value>Loop</value>
          </Data>
          <Data name="Reviews">
            <value/>
          </Data>
          <Data name="Address">
            <value>Chicago, IL 60601</value>
          </Data>
        </ExtendedData>
      </Placemark>
      <Placemark>
        <name>The Bean</name>
        <address>The Bean 337 E Randolph St, Chicago, IL 60602</address>
        <description><![CDATA[Type: Landmark<br>Neighborhood: Loop<br>Reviews: <br>Address: 337 E Randolph St, Chicago, IL 60602]]></description>
        <styleUrl>#icon-1899-0F9D58</styleUrl>
        <ExtendedData>
          <Data name="Type">
            <value>Landmark</value>
          </Data>
          <Data name="Neighborhood">
            <value>Loop</value>
          </Data>
          <Data name="Reviews">
            <value/>
          </Data>
          <Data name="Address">
            <value>337 E Randolph St, Chicago, IL 60602</value>
          </Data>
        </ExtendedData>
      </Placemark>
      <Placemark>
        <name>The Rookery</name>
        <address>The Rookery 209 S LaSalle St, Chicago, IL 60604</address>
        <description><![CDATA[Type: Landmark<br>Neighborhood: Loop<br>Reviews: <br>Address: 209 S LaSalle St, Chicago, IL 60604]]></description>
        <styleUrl>#icon-1899-0F9D58</styleUrl>
        <ExtendedData>
          <Data name="Type">
            <value>Landmark</value>
          </Data>
          <Data name="Neighborhood">
            <value>Loop</value>
          </Data>
          <Data name="Reviews">
            <value/>
          </Data>
          <Data name="Address">
            <value>209 S LaSalle St, Chicago, IL 60604</value>
          </Data>
        </ExtendedData>
      </Placemark>
      <Placemark>
        <name>Christkindlmarket</name>
        <address>Christkindlmarket 50 W Washington St, Chicago, IL 60602</address>
        <description><![CDATA[Type: Market<br>Neighborhood: Loop<br>Reviews: From Nov 21 to Dec 24<br>Address: 50 W Washington St, Chicago, IL 60602]]></description>
        <styleUrl>#icon-1899-0F9D58</styleUrl>
        <ExtendedData>
          <Data name="Type">
            <value>Market</value>
          </Data>
          <Data name="Neighborhood">
            <value>Loop</value>
          </Data>
          <Data name="Reviews">
            <value>From Nov 21 to Dec 24</value>
          </Data>
          <Data name="Address">
            <value>50 W Washington St, Chicago, IL 60602</value>
          </Data>
        </ExtendedData>
      </Placemark>
      <Placemark>
        <name>American Writers Museum</name>
        <address>American Writers Museum 180 N Michigan Ave, Chicago, IL 60601</address>
        <description><![CDATA[Type: Museum<br>Neighborhood: Loop<br>Reviews: <br>Address: 180 N Michigan Ave, Chicago, IL 60601]]></description>
        <styleUrl>#icon-1899-0F9D58</styleUrl>
        <ExtendedData>
          <Data name="Type">
            <value>Museum</value>
          </Data>
          <Data name="Neighborhood">
            <value>Loop</value>
          </Data>
          <Data name="Reviews">
            <value/>
          </Data>
          <Data name="Address">
            <value>180 N Michigan Ave, Chicago, IL 60601</value>
          </Data>
        </ExtendedData>
      </Placemark>
      <Placemark>
        <name>Chicago Cultural Center</name>
        <address>Chicago Cultural Center 78 E Washington St, Chicago, IL 60602</address>
        <description><![CDATA[Type: Museum<br>Neighborhood: Loop<br>Reviews: Very informational for tourist. It's free (if you buy boat tour same day) and has miniature 3D replicas of the city so you can put into prospective how beautiful the city is. MUST DO!<br>Address: 78 E Washington St, Chicago, IL 60602]]></description>
        <styleUrl>#icon-1899-0F9D58</styleUrl>
        <ExtendedData>
          <Data name="Type">
            <value>Museum</value>
          </Data>
          <Data name="Neighborhood">
            <value>Loop</value>
          </Data>
          <Data name="Reviews">
            <value><![CDATA[Very informational for tourist. It's free (if you buy boat tour same day) and has miniature 3D replicas of the city so you can put into prospective how beautiful the city is. MUST DO!]]></value>
          </Data>
          <Data name="Address">
            <value>78 E Washington St, Chicago, IL 60602</value>
          </Data>
        </ExtendedData>
      </Placemark>
      <Placemark>
        <name>Color Factory</name>
        <address>Color Factory 233 S Wacker Dr Lower Level 2, Chicago, IL 60606</address>
        <description><![CDATA[Type: Museum<br>Neighborhood: Loop<br>Reviews: Interactive museum, in LL2<br>Address: 233 S Wacker Dr Lower Level 2, Chicago, IL 60606]]></description>
        <styleUrl>#icon-1899-0F9D58</styleUrl>
        <ExtendedData>
          <Data name="Type">
            <value>Museum</value>
          </Data>
          <Data name="Neighborhood">
            <value>Loop</value>
          </Data>
          <Data name="Reviews">
            <value>Interactive museum, in LL2</value>
          </Data>
          <Data name="Address">
            <value>233 S Wacker Dr Lower Level 2, Chicago, IL 60606</value>
          </Data>
        </ExtendedData>
      </Placemark>
      <Placemark>
        <name><![CDATA[McCormick Bridgehouse & Chicago River Museum]]></name>
        <address><![CDATA[McCormick Bridgehouse & Chicago River Museum 99 Chicago Riverwalk, Chicago, IL 60601]]></address>
        <description><![CDATA[Type: Museum<br>Neighborhood: Loop<br>Reviews: <br>Address: 99 Chicago Riverwalk, Chicago, IL 60601]]></description>
        <styleUrl>#icon-1899-0F9D58</styleUrl>
        <ExtendedData>
          <Data name="Type">
            <value>Museum</value>
          </Data>
          <Data name="Neighborhood">
            <value>Loop</value>
          </Data>
          <Data name="Reviews">
            <value/>
          </Data>
          <Data name="Address">
            <value>99 Chicago Riverwalk, Chicago, IL 60601</value>
          </Data>
        </ExtendedData>
      </Placemark>
      <Placemark>
        <name>Money Museum</name>
        <address>Money Museum 230 S LaSalle St, Chicago, IL 60604</address>
        <description><![CDATA[Type: Museum<br>Neighborhood: Loop<br>Reviews: free!<br>Address: 230 S LaSalle St, Chicago, IL 60604]]></description>
        <styleUrl>#icon-1899-0F9D58</styleUrl>
        <ExtendedData>
          <Data name="Type">
            <value>Museum</value>
          </Data>
          <Data name="Neighborhood">
            <value>Loop</value>
          </Data>
          <Data name="Reviews">
            <value>free!</value>
          </Data>
          <Data name="Address">
            <value>230 S LaSalle St, Chicago, IL 60604</value>
          </Data>
        </ExtendedData>
      </Placemark>
      <Placemark>
        <name>Sneaker Head University</name>
        <address>Sneaker Head University 17 S Wabash Ave, Chicago, IL 60603</address>
        <description><![CDATA[Type: Museum<br>Neighborhood: Loop<br>Reviews: <br>Address: 17 S Wabash Ave, Chicago, IL 60603]]></description>
        <styleUrl>#icon-1899-0F9D58</styleUrl>
        <ExtendedData>
          <Data name="Type">
            <value>Museum</value>
          </Data>
          <Data name="Neighborhood">
            <value>Loop</value>
          </Data>
          <Data name="Reviews">
            <value/>
          </Data>
          <Data name="Address">
            <value>17 S Wabash Ave, Chicago, IL 60603</value>
          </Data>
        </ExtendedData>
      </Placemark>
      <Placemark>
        <name>The Art Institute of Chicago</name>
        <address>The Art Institute of Chicago 111 S Michigan Ave, Chicago, IL 60603</address>
        <description><![CDATA[Type: Museum<br>Neighborhood: Loop<br>Reviews: <br>Address: 111 S Michigan Ave, Chicago, IL 60603]]></description>
        <styleUrl>#icon-1899-0F9D58</styleUrl>
        <ExtendedData>
          <Data name="Type">
            <value>Museum</value>
          </Data>
          <Data name="Neighborhood">
            <value>Loop</value>
          </Data>
          <Data name="Reviews">
            <value/>
          </Data>
          <Data name="Address">
            <value>111 S Michigan Ave, Chicago, IL 60603</value>
          </Data>
        </ExtendedData>
      </Placemark>
      <Placemark>
        <name>Millenium Park</name>
        <address>Millenium Park 201 E Randolph St, Chicago, IL 60601</address>
        <description><![CDATA[Type: Park<br>Neighborhood: Loop<br>Reviews: Very scenic<br>The Bean is here<br>Movies here in summer<br>Address: 201 E Randolph St, Chicago, IL 60601]]></description>
        <styleUrl>#icon-1899-0F9D58</styleUrl>
        <ExtendedData>
          <Data name="Type">
            <value>Park</value>
          </Data>
          <Data name="Neighborhood">
            <value>Loop</value>
          </Data>
          <Data name="Reviews">
            <value>Very scenic
The Bean is here
Movies here in summer</value>
          </Data>
          <Data name="Address">
            <value>201 E Randolph St, Chicago, IL 60601</value>
          </Data>
        </ExtendedData>
      </Placemark>
      <Placemark>
        <name>Block 37</name>
        <address>Block 37 108 N State St, Chicago, IL 60602</address>
        <description><![CDATA[Type: Retail<br>Neighborhood: Loop<br>Reviews: <br>Address: 108 N State St, Chicago, IL 60602]]></description>
        <styleUrl>#icon-1899-0F9D58</styleUrl>
        <ExtendedData>
          <Data name="Type">
            <value>Retail</value>
          </Data>
          <Data name="Neighborhood">
            <value>Loop</value>
          </Data>
          <Data name="Reviews">
            <value/>
          </Data>
          <Data name="Address">
            <value>108 N State St, Chicago, IL 60602</value>
          </Data>
        </ExtendedData>
      </Placemark>
      <Placemark>
        <name>Chicago Bulls</name>
        <address>Chicago Bulls 1901 W Madison St, Chicago, IL 60612</address>
        <description><![CDATA[Type: Activity<br>Neighborhood: Near West Side<br>Reviews: Watch Chicago Bulls game<br>Address: 1901 W Madison St, Chicago, IL 60612]]></description>
        <styleUrl>#icon-1899-BDBDBD</styleUrl>
        <ExtendedData>
          <Data name="Type">
            <value>Activity</value>
          </Data>
          <Data name="Neighborhood">
            <value>Near West Side</value>
          </Data>
          <Data name="Reviews">
            <value>Watch Chicago Bulls game</value>
          </Data>
          <Data name="Address">
            <value>1901 W Madison St, Chicago, IL 60612</value>
          </Data>
        </ExtendedData>
      </Placemark>
      <Placemark>
        <name>Beauty Bar</name>
        <address>Beauty Bar 1444 W Chicago Ave, Chicago, IL 60642</address>
        <description><![CDATA[Type: Club<br>Neighborhood: Noble Square<br>Reviews: <br>Address: 1444 W Chicago Ave, Chicago, IL 60642]]></description>
        <styleUrl>#icon-1899-BDBDBD</styleUrl>
        <ExtendedData>
          <Data name="Type">
            <value>Club</value>
          </Data>
          <Data name="Neighborhood">
            <value>Noble Square</value>
          </Data>
          <Data name="Reviews">
            <value/>
          </Data>
          <Data name="Address">
            <value>1444 W Chicago Ave, Chicago, IL 60642</value>
          </Data>
        </ExtendedData>
      </Placemark>
      <Placemark>
        <name>Second City</name>
        <address>Second City 1628 N Wells St, Chicago, IL 60614</address>
        <description><![CDATA[Type: Activity<br>Neighborhood: Old Town<br>Reviews: Very funny comedy shows<br>Address: 1628 N Wells St, Chicago, IL 60614]]></description>
        <styleUrl>#icon-1899-795548</styleUrl>
        <ExtendedData>
          <Data name="Type">
            <value>Activity</value>
          </Data>
          <Data name="Neighborhood">
            <value>Old Town</value>
          </Data>
          <Data name="Reviews">
            <value>Very funny comedy shows</value>
          </Data>
          <Data name="Address">
            <value>1628 N Wells St, Chicago, IL 60614</value>
          </Data>
        </ExtendedData>
      </Placemark>
      <Placemark>
        <name>No. 9</name>
        <address>No. 9 1543 N Kingsbury St, Chicago, IL 60642</address>
        <description><![CDATA[Type: Club<br>Neighborhood: Old Town<br>Reviews: <br>Address: 1543 N Kingsbury St, Chicago, IL 60642]]></description>
        <styleUrl>#icon-1899-795548</styleUrl>
        <ExtendedData>
          <Data name="Type">
            <value>Club</value>
          </Data>
          <Data name="Neighborhood">
            <value>Old Town</value>
          </Data>
          <Data name="Reviews">
            <value/>
          </Data>
          <Data name="Address">
            <value>1543 N Kingsbury St, Chicago, IL 60642</value>
          </Data>
        </ExtendedData>
      </Placemark>
      <Placemark>
        <name>Prysm</name>
        <address>Prysm 1543 N Kingsbury St, Chicago, IL 60642</address>
        <description><![CDATA[Type: Club<br>Neighborhood: Old Town<br>Reviews: <br>Address: 1543 N Kingsbury St, Chicago, IL 60642]]></description>
        <styleUrl>#icon-1899-795548</styleUrl>
        <ExtendedData>
          <Data name="Type">
            <value>Club</value>
          </Data>
          <Data name="Neighborhood">
            <value>Old Town</value>
          </Data>
          <Data name="Reviews">
            <value/>
          </Data>
          <Data name="Address">
            <value>1543 N Kingsbury St, Chicago, IL 60642</value>
          </Data>
        </ExtendedData>
      </Placemark>
      <Placemark>
        <name>National Veterans Art Museum</name>
        <address>National Veterans Art Museum 4041 N Milwaukee Ave, Chicago, IL 60641</address>
        <description><![CDATA[Type: Museum<br>Neighborhood: Portage Park<br>Reviews: <br>Address: 4041 N Milwaukee Ave, Chicago, IL 60641]]></description>
        <styleUrl>#icon-1899-BDBDBD</styleUrl>
        <ExtendedData>
          <Data name="Type">
            <value>Museum</value>
          </Data>
          <Data name="Neighborhood">
            <value>Portage Park</value>
          </Data>
          <Data name="Reviews">
            <value/>
          </Data>
          <Data name="Address">
            <value>4041 N Milwaukee Ave, Chicago, IL 60641</value>
          </Data>
        </ExtendedData>
      </Placemark>
      <Placemark>
        <name>Pullman National Historical Park</name>
        <address>Pullman National Historical Park 610 E 111th St, Chicago, IL 60628</address>
        <description><![CDATA[Type: Park<br>Neighborhood: Pullman<br>Reviews: Historical neighborhood/museum<br>Address: 610 E 111th St, Chicago, IL 60628]]></description>
        <styleUrl>#icon-1899-BDBDBD</styleUrl>
        <ExtendedData>
          <Data name="Type">
            <value>Park</value>
          </Data>
          <Data name="Neighborhood">
            <value>Pullman</value>
          </Data>
          <Data name="Reviews">
            <value>Historical neighborhood/museum</value>
          </Data>
          <Data name="Address">
            <value>610 E 111th St, Chicago, IL 60628</value>
          </Data>
        </ExtendedData>
      </Placemark>
      <Placemark>
        <name>Architectural Boat Tour</name>
        <address>Architectural Boat Tour 401 N Michigan Ave, Chicago, IL 60611</address>
        <description><![CDATA[Type: Activity<br>Neighborhood: River North<br>Reviews: rec'd by multiple people<br>Address: 401 N Michigan Ave, Chicago, IL 60611]]></description>
        <styleUrl>#icon-1899-7CB342</styleUrl>
        <ExtendedData>
          <Data name="Type">
            <value>Activity</value>
          </Data>
          <Data name="Neighborhood">
            <value>River North</value>
          </Data>
          <Data name="Reviews">
            <value><![CDATA[rec'd by multiple people]]></value>
          </Data>
          <Data name="Address">
            <value>401 N Michigan Ave, Chicago, IL 60611</value>
          </Data>
        </ExtendedData>
      </Placemark>
      <Placemark>
        <name><![CDATA[Andy's Jazz Club]]></name>
        <address><![CDATA[Andy's Jazz Club 11 E Hubbard St, Chicago, IL 60611]]></address>
        <description><![CDATA[Type: Bar<br>Neighborhood: River North<br>Reviews: rec'd by multiple people, BRING JR<br>Address: 11 E Hubbard St, Chicago, IL 60611]]></description>
        <styleUrl>#icon-1899-7CB342</styleUrl>
        <ExtendedData>
          <Data name="Type">
            <value>Bar</value>
          </Data>
          <Data name="Neighborhood">
            <value>River North</value>
          </Data>
          <Data name="Reviews">
            <value><![CDATA[rec'd by multiple people, BRING JR]]></value>
          </Data>
          <Data name="Address">
            <value>11 E Hubbard St, Chicago, IL 60611</value>
          </Data>
        </ExtendedData>
      </Placemark>
      <Placemark>
        <name>Celeste</name>
        <address>Celeste 111 W Hubbard St, Chicago, IL 60654</address>
        <description><![CDATA[Type: Bar<br>Neighborhood: River North<br>Reviews: <br>Address: 111 W Hubbard St, Chicago, IL 60654]]></description>
        <styleUrl>#icon-1899-7CB342</styleUrl>
        <ExtendedData>
          <Data name="Type">
            <value>Bar</value>
          </Data>
          <Data name="Neighborhood">
            <value>River North</value>
          </Data>
          <Data name="Reviews">
            <value/>
          </Data>
          <Data name="Address">
            <value>111 W Hubbard St, Chicago, IL 60654</value>
          </Data>
        </ExtendedData>
      </Placemark>
      <Placemark>
        <name>Headquarters Beercade</name>
        <address>Headquarters Beercade 213 W Institute Place, Chicago, IL 60610</address>
        <description><![CDATA[Type: Bar<br>Neighborhood: River North<br>Reviews: I (Allen) did not like this bar<br>Address: 213 W Institute Place, Chicago, IL 60610]]></description>
        <styleUrl>#icon-1899-7CB342</styleUrl>
        <ExtendedData>
          <Data name="Type">
            <value>Bar</value>
          </Data>
          <Data name="Neighborhood">
            <value>River North</value>
          </Data>
          <Data name="Reviews">
            <value>I (Allen) did not like this bar</value>
          </Data>
          <Data name="Address">
            <value>213 W Institute Place, Chicago, IL 60610</value>
          </Data>
        </ExtendedData>
      </Placemark>
      <Placemark>
        <name><![CDATA[Lulu's Speakeasy]]></name>
        <address><![CDATA[Lulu's Speakeasy 712 N Clark St, Chicago, IL 60654]]></address>
        <description><![CDATA[Type: Bar<br>Neighborhood: River North<br>Reviews: <br>Address: 712 N Clark St, Chicago, IL 60654]]></description>
        <styleUrl>#icon-1899-7CB342</styleUrl>
        <ExtendedData>
          <Data name="Type">
            <value>Bar</value>
          </Data>
          <Data name="Neighborhood">
            <value>River North</value>
          </Data>
          <Data name="Reviews">
            <value/>
          </Data>
          <Data name="Address">
            <value>712 N Clark St, Chicago, IL 60654</value>
          </Data>
        </ExtendedData>
      </Placemark>
      <Placemark>
        <name>The Redhead Piano Bar</name>
        <address>The Redhead Piano Bar 16 W Ontario St, Chicago, IL 60654</address>
        <description><![CDATA[Type: Bar<br>Neighborhood: River North<br>Reviews: Jazz bar, BRING JR<br>Address: 16 W Ontario St, Chicago, IL 60654]]></description>
        <styleUrl>#icon-1899-7CB342</styleUrl>
        <ExtendedData>
          <Data name="Type">
            <value>Bar</value>
          </Data>
          <Data name="Neighborhood">
            <value>River North</value>
          </Data>
          <Data name="Reviews">
            <value>Jazz bar, BRING JR</value>
          </Data>
          <Data name="Address">
            <value>16 W Ontario St, Chicago, IL 60654</value>
          </Data>
        </ExtendedData>
      </Placemark>
      <Placemark>
        <name>Poetry Foundation</name>
        <address>Poetry Foundation 61 W Superior St, Chicago, IL 60654</address>
        <description><![CDATA[Type: Books<br>Neighborhood: River North<br>Reviews: <br>Address: 61 W Superior St, Chicago, IL 60654]]></description>
        <styleUrl>#icon-1899-7CB342</styleUrl>
        <ExtendedData>
          <Data name="Type">
            <value>Books</value>
          </Data>
          <Data name="Neighborhood">
            <value>River North</value>
          </Data>
          <Data name="Reviews">
            <value/>
          </Data>
          <Data name="Address">
            <value>61 W Superior St, Chicago, IL 60654</value>
          </Data>
        </ExtendedData>
      </Placemark>
      <Placemark>
        <name>Bodega Nightclub</name>
        <address>Bodega Nightclub 353 N Clark St, Chicago, IL 60654</address>
        <description><![CDATA[Type: Club<br>Neighborhood: River North<br>Reviews: <br>Address: 353 N Clark St, Chicago, IL 60654]]></description>
        <styleUrl>#icon-1899-7CB342</styleUrl>
        <ExtendedData>
          <Data name="Type">
            <value>Club</value>
          </Data>
          <Data name="Neighborhood">
            <value>River North</value>
          </Data>
          <Data name="Reviews">
            <value/>
          </Data>
          <Data name="Address">
            <value>353 N Clark St, Chicago, IL 60654</value>
          </Data>
        </ExtendedData>
      </Placemark>
      <Placemark>
        <name>Joy District</name>
        <address>Joy District 112 W Hubbard St, Chicago, IL 60654</address>
        <description><![CDATA[Type: Club<br>Neighborhood: River North<br>Reviews: rec'd by multiple people<br>Address: 112 W Hubbard St, Chicago, IL 60654]]></description>
        <styleUrl>#icon-1899-7CB342</styleUrl>
        <ExtendedData>
          <Data name="Type">
            <value>Club</value>
          </Data>
          <Data name="Neighborhood">
            <value>River North</value>
          </Data>
          <Data name="Reviews">
            <value><![CDATA[rec'd by multiple people]]></value>
          </Data>
          <Data name="Address">
            <value>112 W Hubbard St, Chicago, IL 60654</value>
          </Data>
        </ExtendedData>
      </Placemark>
      <Placemark>
        <name>LITE Chicago</name>
        <address>LITE Chicago 215 W Ontario St, Chicago, IL 60654</address>
        <description><![CDATA[Type: Club<br>Neighborhood: River North<br>Reviews: Go to "Bevy's on Sundays" event<br>Address: 215 W Ontario St, Chicago, IL 60654]]></description>
        <styleUrl>#icon-1899-7CB342</styleUrl>
        <ExtendedData>
          <Data name="Type">
            <value>Club</value>
          </Data>
          <Data name="Neighborhood">
            <value>River North</value>
          </Data>
          <Data name="Reviews">
            <value><![CDATA[Go to "Bevy's on Sundays" event]]></value>
          </Data>
          <Data name="Address">
            <value>215 W Ontario St, Chicago, IL 60654</value>
          </Data>
        </ExtendedData>
      </Placemark>
      <Placemark>
        <name>Rocbar</name>
        <address>Rocbar 25 W Hubbard St, Chicago, IL 60654</address>
        <description><![CDATA[Type: Club<br>Neighborhood: River North<br>Reviews: <br>Address: 25 W Hubbard St, Chicago, IL 60654]]></description>
        <styleUrl>#icon-1899-7CB342</styleUrl>
        <ExtendedData>
          <Data name="Type">
            <value>Club</value>
          </Data>
          <Data name="Neighborhood">
            <value>River North</value>
          </Data>
          <Data name="Reviews">
            <value/>
          </Data>
          <Data name="Address">
            <value>25 W Hubbard St, Chicago, IL 60654</value>
          </Data>
        </ExtendedData>
      </Placemark>
      <Placemark>
        <name>Spybar</name>
        <address>Spybar 646 N Franklin St, Chicago, IL 60654</address>
        <description><![CDATA[Type: Club<br>Neighborhood: River North<br>Reviews: <br>Address: 646 N Franklin St, Chicago, IL 60654]]></description>
        <styleUrl>#icon-1899-7CB342</styleUrl>
        <ExtendedData>
          <Data name="Type">
            <value>Club</value>
          </Data>
          <Data name="Neighborhood">
            <value>River North</value>
          </Data>
          <Data name="Reviews">
            <value/>
          </Data>
          <Data name="Address">
            <value>646 N Franklin St, Chicago, IL 60654</value>
          </Data>
        </ExtendedData>
      </Placemark>
      <Placemark>
        <name>Tao</name>
        <address>Tao 632 N Dearborn St, Chicago, IL 60654</address>
        <description><![CDATA[Type: Club<br>Neighborhood: River North<br>Reviews: <br>Address: 632 N Dearborn St, Chicago, IL 60654]]></description>
        <styleUrl>#icon-1899-7CB342</styleUrl>
        <ExtendedData>
          <Data name="Type">
            <value>Club</value>
          </Data>
          <Data name="Neighborhood">
            <value>River North</value>
          </Data>
          <Data name="Reviews">
            <value/>
          </Data>
          <Data name="Address">
            <value>632 N Dearborn St, Chicago, IL 60654</value>
          </Data>
        </ExtendedData>
      </Placemark>
      <Placemark>
        <name>Tunnel</name>
        <address>Tunnel 151 W Kinzie St, Chicago, IL 60654</address>
        <description><![CDATA[Type: Club<br>Neighborhood: River North<br>Reviews: <br>Address: 151 W Kinzie St, Chicago, IL 60654]]></description>
        <styleUrl>#icon-1899-7CB342</styleUrl>
        <ExtendedData>
          <Data name="Type">
            <value>Club</value>
          </Data>
          <Data name="Neighborhood">
            <value>River North</value>
          </Data>
          <Data name="Reviews">
            <value/>
          </Data>
          <Data name="Address">
            <value>151 W Kinzie St, Chicago, IL 60654</value>
          </Data>
        </ExtendedData>
      </Placemark>
      <Placemark>
        <name>Y Bar</name>
        <address>Y Bar 224 W Ontario St, Chicago, IL 60654</address>
        <description><![CDATA[Type: Club<br>Neighborhood: River North<br>Reviews: <br>Address: 224 W Ontario St, Chicago, IL 60654]]></description>
        <styleUrl>#icon-1899-7CB342</styleUrl>
        <ExtendedData>
          <Data name="Type">
            <value>Club</value>
          </Data>
          <Data name="Neighborhood">
            <value>River North</value>
          </Data>
          <Data name="Reviews">
            <value/>
          </Data>
          <Data name="Address">
            <value>224 W Ontario St, Chicago, IL 60654</value>
          </Data>
        </ExtendedData>
      </Placemark>
      <Placemark>
        <name>The MART</name>
        <address>The MART 222 W Merchandise Mart Plaza, Chicago, IL 60654</address>
        <description><![CDATA[Type: Market<br>Neighborhood: River North<br>Reviews: <br>Address: 222 W Merchandise Mart Plaza, Chicago, IL 60654]]></description>
        <styleUrl>#icon-1899-7CB342</styleUrl>
        <ExtendedData>
          <Data name="Type">
            <value>Market</value>
          </Data>
          <Data name="Neighborhood">
            <value>River North</value>
          </Data>
          <Data name="Reviews">
            <value/>
          </Data>
          <Data name="Address">
            <value>222 W Merchandise Mart Plaza, Chicago, IL 60654</value>
          </Data>
        </ExtendedData>
      </Placemark>
      <Placemark>
        <name>Driehaus Museum</name>
        <address>Driehaus Museum 50 E Erie St, Chicago, IL 60611</address>
        <description><![CDATA[Type: Museum<br>Neighborhood: River North<br>Reviews: <br>Address: 50 E Erie St, Chicago, IL 60611]]></description>
        <styleUrl>#icon-1899-7CB342</styleUrl>
        <ExtendedData>
          <Data name="Type">
            <value>Museum</value>
          </Data>
          <Data name="Neighborhood">
            <value>River North</value>
          </Data>
          <Data name="Reviews">
            <value/>
          </Data>
          <Data name="Address">
            <value>50 E Erie St, Chicago, IL 60611</value>
          </Data>
        </ExtendedData>
      </Placemark>
      <Placemark>
        <name>Intuit Art Museum</name>
        <address>Intuit Art Museum 756 N Milwaukee Ave, Chicago, IL 60642</address>
        <description><![CDATA[Type: Museum<br>Neighborhood: River West<br>Reviews: outsider and self-taught artists<br>Address: 756 N Milwaukee Ave, Chicago, IL 60642]]></description>
        <styleUrl>#icon-1899-BDBDBD</styleUrl>
        <ExtendedData>
          <Data name="Type">
            <value>Museum</value>
          </Data>
          <Data name="Neighborhood">
            <value>River West</value>
          </Data>
          <Data name="Reviews">
            <value>outsider and self-taught artists</value>
          </Data>
          <Data name="Address">
            <value>756 N Milwaukee Ave, Chicago, IL 60642</value>
          </Data>
        </ExtendedData>
      </Placemark>
      <Placemark>
        <name>Leather Archives and Museum</name>
        <address>Leather Archives and Museum 6418 N Greenview Ave, Chicago, IL 60626</address>
        <description><![CDATA[Type: Museum<br>Neighborhood: Rogers Park<br>Reviews: LGBT/kink history museum<br>Address: 6418 N Greenview Ave, Chicago, IL 60626]]></description>
        <styleUrl>#icon-1899-BDBDBD</styleUrl>
        <ExtendedData>
          <Data name="Type">
            <value>Museum</value>
          </Data>
          <Data name="Neighborhood">
            <value>Rogers Park</value>
          </Data>
          <Data name="Reviews">
            <value>LGBT/kink history museum</value>
          </Data>
          <Data name="Address">
            <value>6418 N Greenview Ave, Chicago, IL 60626</value>
          </Data>
        </ExtendedData>
      </Placemark>
      <Placemark>
        <name>Reggies Chicago</name>
        <address>Reggies Chicago 2105 S State St, Chicago, IL 60616</address>
        <description><![CDATA[Type: Bar<br>Neighborhood: South Loop<br>Reviews: <br>Address: 2105 S State St, Chicago, IL 60616]]></description>
        <styleUrl>#icon-1899-880E4F</styleUrl>
        <ExtendedData>
          <Data name="Type">
            <value>Bar</value>
          </Data>
          <Data name="Neighborhood">
            <value>South Loop</value>
          </Data>
          <Data name="Reviews">
            <value/>
          </Data>
          <Data name="Address">
            <value>2105 S State St, Chicago, IL 60616</value>
          </Data>
        </ExtendedData>
      </Placemark>
      <Placemark>
        <name>12th Street Beach</name>
        <address>12th Street Beach 1200 S Linn White Dr, Chicago, IL 60605</address>
        <description><![CDATA[Type: Beach<br>Neighborhood: South Loop<br>Reviews: <br>Address: 1200 S Linn White Dr, Chicago, IL 60605]]></description>
        <styleUrl>#icon-1899-880E4F</styleUrl>
        <ExtendedData>
          <Data name="Type">
            <value>Beach</value>
          </Data>
          <Data name="Neighborhood">
            <value>South Loop</value>
          </Data>
          <Data name="Reviews">
            <value/>
          </Data>
          <Data name="Address">
            <value>1200 S Linn White Dr, Chicago, IL 60605</value>
          </Data>
        </ExtendedData>
      </Placemark>
      <Placemark>
        <name><![CDATA[Sandmeyer's Bookstore]]></name>
        <address><![CDATA[Sandmeyer's Bookstore 714 S Dearborn St, Chicago, IL 60605]]></address>
        <description><![CDATA[Type: Books<br>Neighborhood: South Loop<br>Reviews: Allen: cute little bookstore<br>Address: 714 S Dearborn St, Chicago, IL 60605]]></description>
        <styleUrl>#icon-1899-880E4F</styleUrl>
        <ExtendedData>
          <Data name="Type">
            <value>Books</value>
          </Data>
          <Data name="Neighborhood">
            <value>South Loop</value>
          </Data>
          <Data name="Reviews">
            <value>Allen: cute little bookstore</value>
          </Data>
          <Data name="Address">
            <value>714 S Dearborn St, Chicago, IL 60605</value>
          </Data>
        </ExtendedData>
      </Placemark>
      <Placemark>
        <name>BASSLINE</name>
        <address>BASSLINE 2239 S Michigan Ave, Chicago, IL 60616</address>
        <description><![CDATA[Type: Club<br>Neighborhood: South Loop<br>Reviews: <br>Address: 2239 S Michigan Ave, Chicago, IL 60616]]></description>
        <styleUrl>#icon-1899-880E4F</styleUrl>
        <ExtendedData>
          <Data name="Type">
            <value>Club</value>
          </Data>
          <Data name="Neighborhood">
            <value>South Loop</value>
          </Data>
          <Data name="Reviews">
            <value/>
          </Data>
          <Data name="Address">
            <value>2239 S Michigan Ave, Chicago, IL 60616</value>
          </Data>
        </ExtendedData>
      </Placemark>
      <Placemark>
        <name>Hue</name>
        <address>Hue 67 E Cermak Rd, Chicago, IL 60616</address>
        <description><![CDATA[Type: Club<br>Neighborhood: South Loop<br>Reviews: <br>Address: 67 E Cermak Rd, Chicago, IL 60616]]></description>
        <styleUrl>#icon-1899-880E4F</styleUrl>
        <ExtendedData>
          <Data name="Type">
            <value>Club</value>
          </Data>
          <Data name="Neighborhood">
            <value>South Loop</value>
          </Data>
          <Data name="Reviews">
            <value/>
          </Data>
          <Data name="Address">
            <value>67 E Cermak Rd, Chicago, IL 60616</value>
          </Data>
        </ExtendedData>
      </Placemark>
      <Placemark>
        <name>Adler Planetarium</name>
        <address>Adler Planetarium 1300 S DuSable Lake Shore Dr, Chicago, IL 60605</address>
        <description><![CDATA[Type: Museum<br>Neighborhood: South Loop<br>Reviews: <br>Address: 1300 S DuSable Lake Shore Dr, Chicago, IL 60605]]></description>
        <styleUrl>#icon-1899-880E4F</styleUrl>
        <ExtendedData>
          <Data name="Type">
            <value>Museum</value>
          </Data>
          <Data name="Neighborhood">
            <value>South Loop</value>
          </Data>
          <Data name="Reviews">
            <value/>
          </Data>
          <Data name="Address">
            <value>1300 S DuSable Lake Shore Dr, Chicago, IL 60605</value>
          </Data>
        </ExtendedData>
      </Placemark>
      <Placemark>
        <name>Field Museum</name>
        <address>Field Museum 1400 S Lake Shore Dr, Chicago, IL 60605</address>
        <description><![CDATA[Type: Museum<br>Neighborhood: South Loop<br>Reviews: <br>Address: 1400 S Lake Shore Dr, Chicago, IL 60605]]></description>
        <styleUrl>#icon-1899-880E4F</styleUrl>
        <ExtendedData>
          <Data name="Type">
            <value>Museum</value>
          </Data>
          <Data name="Neighborhood">
            <value>South Loop</value>
          </Data>
          <Data name="Reviews">
            <value/>
          </Data>
          <Data name="Address">
            <value>1400 S Lake Shore Dr, Chicago, IL 60605</value>
          </Data>
        </ExtendedData>
      </Placemark>
      <Placemark>
        <name>Shedd Aquarium</name>
        <address>Shedd Aquarium 1200 S DuSable Lake Shore Dr, Chicago, IL 60605</address>
        <description><![CDATA[Type: Museum<br>Neighborhood: South Loop<br>Reviews: <br>Address: 1200 S DuSable Lake Shore Dr, Chicago, IL 60605]]></description>
        <styleUrl>#icon-1899-880E4F</styleUrl>
        <ExtendedData>
          <Data name="Type">
            <value>Museum</value>
          </Data>
          <Data name="Neighborhood">
            <value>South Loop</value>
          </Data>
          <Data name="Reviews">
            <value/>
          </Data>
          <Data name="Address">
            <value>1200 S DuSable Lake Shore Dr, Chicago, IL 60605</value>
          </Data>
        </ExtendedData>
      </Placemark>
      <Placemark>
        <name>The Blackstone</name>
        <address>The Blackstone 636 S Michigan Ave, Chicago, IL 60605</address>
        <description><![CDATA[Type: Museum<br>Neighborhood: South Loop<br>Reviews: Art museum in a hotel<br>Address: 636 S Michigan Ave, Chicago, IL 60605]]></description>
        <styleUrl>#icon-1899-880E4F</styleUrl>
        <ExtendedData>
          <Data name="Type">
            <value>Museum</value>
          </Data>
          <Data name="Neighborhood">
            <value>South Loop</value>
          </Data>
          <Data name="Reviews">
            <value>Art museum in a hotel</value>
          </Data>
          <Data name="Address">
            <value>636 S Michigan Ave, Chicago, IL 60605</value>
          </Data>
        </ExtendedData>
      </Placemark>
      <Placemark>
        <name>Arts Club of Chicago</name>
        <address>Arts Club of Chicago 201 E Ontario St, Chicago, IL 60611</address>
        <description><![CDATA[Type: Landmark<br>Neighborhood: Streeterville<br>Reviews: <br>Address: 201 E Ontario St, Chicago, IL 60611]]></description>
        <styleUrl>#icon-1899-817717</styleUrl>
        <ExtendedData>
          <Data name="Type">
            <value>Landmark</value>
          </Data>
          <Data name="Neighborhood">
            <value>Streeterville</value>
          </Data>
          <Data name="Reviews">
            <value/>
          </Data>
          <Data name="Address">
            <value>201 E Ontario St, Chicago, IL 60611</value>
          </Data>
        </ExtendedData>
      </Placemark>
      <Placemark>
        <name>Chicago Water Tower</name>
        <address>Chicago Water Tower 806 Michigan Ave, Chicago, IL 60611</address>
        <description><![CDATA[Type: Landmark<br>Neighborhood: Streeterville<br>Reviews: <br>Address: 806 Michigan Ave, Chicago, IL 60611]]></description>
        <styleUrl>#icon-1899-817717</styleUrl>
        <ExtendedData>
          <Data name="Type">
            <value>Landmark</value>
          </Data>
          <Data name="Neighborhood">
            <value>Streeterville</value>
          </Data>
          <Data name="Reviews">
            <value/>
          </Data>
          <Data name="Address">
            <value>806 Michigan Ave, Chicago, IL 60611</value>
          </Data>
        </ExtendedData>
      </Placemark>
      <Placemark>
        <name>John Hancock Building</name>
        <address>John Hancock Building 875 N Michigan Ave, Chicago, IL 60611</address>
        <description><![CDATA[Type: Landmark<br>Neighborhood: Streeterville<br>Reviews: Go to observation deck with 100% glass box to step out into the skyline, the panoramic view of the city from 95 floors up is par none!<br>Address: 875 N Michigan Ave, Chicago, IL 60611]]></description>
        <styleUrl>#icon-1899-817717</styleUrl>
        <ExtendedData>
          <Data name="Type">
            <value>Landmark</value>
          </Data>
          <Data name="Neighborhood">
            <value>Streeterville</value>
          </Data>
          <Data name="Reviews">
            <value>Go to observation deck with 100% glass box to step out into the skyline, the panoramic view of the city from 95 floors up is par none!</value>
          </Data>
          <Data name="Address">
            <value>875 N Michigan Ave, Chicago, IL 60611</value>
          </Data>
        </ExtendedData>
      </Placemark>
      <Placemark>
        <name>Navy Pier</name>
        <address>Navy Pier 600 E Grand Ave, Chicago, IL 60611</address>
        <description><![CDATA[Type: Landmark<br>Neighborhood: Streeterville<br>Reviews: Visit Fun House Maze. The maze's target population is kids, but it has A LOT of Chicago facts tied into it. <br>Address: 600 E Grand Ave, Chicago, IL 60611]]></description>
        <styleUrl>#icon-1899-817717</styleUrl>
        <ExtendedData>
          <Data name="Type">
            <value>Landmark</value>
          </Data>
          <Data name="Neighborhood">
            <value>Streeterville</value>
          </Data>
          <Data name="Reviews">
            <value><![CDATA[Visit Fun House Maze. The maze's target population is kids, but it has A LOT of Chicago facts tied into it. ]]></value>
          </Data>
          <Data name="Address">
            <value>600 E Grand Ave, Chicago, IL 60611</value>
          </Data>
        </ExtendedData>
      </Placemark>
      <Placemark>
        <name>Tribune Tower</name>
        <address>Tribune Tower 435 Michigan Ave, Chicago, IL 60611</address>
        <description><![CDATA[Type: Landmark<br>Neighborhood: Streeterville<br>Reviews: Touch rocks from monuments around the world<br>Address: 435 Michigan Ave, Chicago, IL 60611]]></description>
        <styleUrl>#icon-1899-817717</styleUrl>
        <ExtendedData>
          <Data name="Type">
            <value>Landmark</value>
          </Data>
          <Data name="Neighborhood">
            <value>Streeterville</value>
          </Data>
          <Data name="Reviews">
            <value>Touch rocks from monuments around the world</value>
          </Data>
          <Data name="Address">
            <value>435 Michigan Ave, Chicago, IL 60611</value>
          </Data>
        </ExtendedData>
      </Placemark>
      <Placemark>
        <name>Chicago Sports Museum</name>
        <address>Chicago Sports Museum 835 N Michigan Ave, Chicago, IL 60611</address>
        <description><![CDATA[Type: Museum<br>Neighborhood: Streeterville<br>Reviews: <br>Address: 835 N Michigan Ave, Chicago, IL 60611]]></description>
        <styleUrl>#icon-1899-817717</styleUrl>
        <ExtendedData>
          <Data name="Type">
            <value>Museum</value>
          </Data>
          <Data name="Neighborhood">
            <value>Streeterville</value>
          </Data>
          <Data name="Reviews">
            <value/>
          </Data>
          <Data name="Address">
            <value>835 N Michigan Ave, Chicago, IL 60611</value>
          </Data>
        </ExtendedData>
      </Placemark>
      <Placemark>
        <name>Museum of Contemporary Art</name>
        <address>Museum of Contemporary Art 220 E Chicago Ave, Chicago, IL 60611</address>
        <description><![CDATA[Type: Museum<br>Neighborhood: Streeterville<br>Reviews: <br>Address: 220 E Chicago Ave, Chicago, IL 60611]]></description>
        <styleUrl>#icon-1899-817717</styleUrl>
        <ExtendedData>
          <Data name="Type">
            <value>Museum</value>
          </Data>
          <Data name="Neighborhood">
            <value>Streeterville</value>
          </Data>
          <Data name="Reviews">
            <value/>
          </Data>
          <Data name="Address">
            <value>220 E Chicago Ave, Chicago, IL 60611</value>
          </Data>
        </ExtendedData>
      </Placemark>
      <Placemark>
        <name>Museum Of Ice Cream</name>
        <address>Museum Of Ice Cream 435 N Michigan Ave, Chicago, IL 60611</address>
        <description><![CDATA[Type: Museum<br>Neighborhood: Streeterville<br>Reviews: Interactive museum<br>Address: 435 N Michigan Ave, Chicago, IL 60611]]></description>
        <styleUrl>#icon-1899-817717</styleUrl>
        <ExtendedData>
          <Data name="Type">
            <value>Museum</value>
          </Data>
          <Data name="Neighborhood">
            <value>Streeterville</value>
          </Data>
          <Data name="Reviews">
            <value>Interactive museum</value>
          </Data>
          <Data name="Address">
            <value>435 N Michigan Ave, Chicago, IL 60611</value>
          </Data>
        </ExtendedData>
      </Placemark>
      <Placemark>
        <name>Montrose Beach</name>
        <address>Montrose Beach 4400 N Lake Shore Dr, Chicago, IL 60640</address>
        <description><![CDATA[Type: Beach<br>Neighborhood: Uptown<br>Reviews: <br>Address: 4400 N Lake Shore Dr, Chicago, IL 60640]]></description>
        <styleUrl>#icon-1899-006064</styleUrl>
        <ExtendedData>
          <Data name="Type">
            <value>Beach</value>
          </Data>
          <Data name="Neighborhood">
            <value>Uptown</value>
          </Data>
          <Data name="Reviews">
            <value/>
          </Data>
          <Data name="Address">
            <value>4400 N Lake Shore Dr, Chicago, IL 60640</value>
          </Data>
        </ExtendedData>
      </Placemark>
      <Placemark>
        <name>Green Mill</name>
        <address>Green Mill 4802 N Broadway, Chicago, IL 60640</address>
        <description><![CDATA[Type: Club<br>Neighborhood: Uptown<br>Reviews: One of the oldest speakeasys in Chicago, plays jazz music<br>Address: 4802 N Broadway, Chicago, IL 60640]]></description>
        <styleUrl>#icon-1899-006064</styleUrl>
        <ExtendedData>
          <Data name="Type">
            <value>Club</value>
          </Data>
          <Data name="Neighborhood">
            <value>Uptown</value>
          </Data>
          <Data name="Reviews">
            <value>One of the oldest speakeasys in Chicago, plays jazz music</value>
          </Data>
          <Data name="Address">
            <value>4802 N Broadway, Chicago, IL 60640</value>
          </Data>
        </ExtendedData>
      </Placemark>
      <Placemark>
        <name>Haitian American Museum of Chicago</name>
        <address>Haitian American Museum of Chicago 4623 N Clark St, Chicago, IL 60640</address>
        <description><![CDATA[Type: Museum<br>Neighborhood: Uptown<br>Reviews: <br>Address: 4623 N Clark St, Chicago, IL 60640]]></description>
        <styleUrl>#icon-1899-006064</styleUrl>
        <ExtendedData>
          <Data name="Type">
            <value>Museum</value>
          </Data>
          <Data name="Neighborhood">
            <value>Uptown</value>
          </Data>
          <Data name="Reviews">
            <value/>
          </Data>
          <Data name="Address">
            <value>4623 N Clark St, Chicago, IL 60640</value>
          </Data>
        </ExtendedData>
      </Placemark>
      <Placemark>
        <name>Rooftop Cinema Club</name>
        <address>Rooftop Cinema Club 311 N Morgan St, Chicago, IL 60607</address>
        <description><![CDATA[Type: Activity<br>Neighborhood: West Loop<br>Reviews: outdoor movie theater<br>Address: 311 N Morgan St, Chicago, IL 60607]]></description>
        <styleUrl>#icon-1899-9C27B0</styleUrl>
        <ExtendedData>
          <Data name="Type">
            <value>Activity</value>
          </Data>
          <Data name="Neighborhood">
            <value>West Loop</value>
          </Data>
          <Data name="Reviews">
            <value>outdoor movie theater</value>
          </Data>
          <Data name="Address">
            <value>311 N Morgan St, Chicago, IL 60607</value>
          </Data>
        </ExtendedData>
      </Placemark>
      <Placemark>
        <name>WNDR Museum</name>
        <address>WNDR Museum 1130 W Monroe St, Chicago, IL 60607</address>
        <description><![CDATA[Type: Museum<br>Neighborhood: West Loop<br>Reviews: interactive museum<br>Address: 1130 W Monroe St, Chicago, IL 60607]]></description>
        <styleUrl>#icon-1899-9C27B0</styleUrl>
        <ExtendedData>
          <Data name="Type">
            <value>Museum</value>
          </Data>
          <Data name="Neighborhood">
            <value>West Loop</value>
          </Data>
          <Data name="Reviews">
            <value>interactive museum</value>
          </Data>
          <Data name="Address">
            <value>1130 W Monroe St, Chicago, IL 60607</value>
          </Data>
        </ExtendedData>
      </Placemark>
      <Placemark>
        <name>Empty Bottle</name>
        <address>Empty Bottle 1035 N Western Ave, Chicago, IL 60622</address>
        <description><![CDATA[Type: Club<br>Neighborhood: West Town<br>Reviews: Plays indie music, punk, r&b sometimes, dive bar<br>Address: 1035 N Western Ave, Chicago, IL 60622]]></description>
        <styleUrl>#icon-1899-BDBDBD</styleUrl>
        <ExtendedData>
          <Data name="Type">
            <value>Club</value>
          </Data>
          <Data name="Neighborhood">
            <value>West Town</value>
          </Data>
          <Data name="Reviews">
            <value><![CDATA[Plays indie music, punk, r&b sometimes, dive bar]]></value>
          </Data>
          <Data name="Address">
            <value>1035 N Western Ave, Chicago, IL 60622</value>
          </Data>
        </ExtendedData>
      </Placemark>
      <Placemark>
        <name><![CDATA[Dorian's]]></name>
        <address><![CDATA[Dorian's 1939 W North Ave, Chicago, IL 60622]]></address>
        <description><![CDATA[Type: Bar<br>Neighborhood: Wicker Park<br>Reviews: Hidden entrance speakeasy, jazz bands<br>rec'd by multiple people, Marissa too<br>Address: 1939 W North Ave, Chicago, IL 60622]]></description>
        <styleUrl>#icon-1899-558B2F</styleUrl>
        <ExtendedData>
          <Data name="Type">
            <value>Bar</value>
          </Data>
          <Data name="Neighborhood">
            <value>Wicker Park</value>
          </Data>
          <Data name="Reviews">
            <value><![CDATA[Hidden entrance speakeasy, jazz bands
rec'd by multiple people, Marissa too]]></value>
          </Data>
          <Data name="Address">
            <value>1939 W North Ave, Chicago, IL 60622</value>
          </Data>
        </ExtendedData>
      </Placemark>
      <Placemark>
        <name>Emporium Arcade Bar</name>
        <address>Emporium Arcade Bar 1366 N Milwaukee Ave, Chicago, IL 60622</address>
        <description><![CDATA[Type: Bar<br>Neighborhood: Wicker Park<br>Reviews: <br>Address: 1366 N Milwaukee Ave, Chicago, IL 60622]]></description>
        <styleUrl>#icon-1899-558B2F</styleUrl>
        <ExtendedData>
          <Data name="Type">
            <value>Bar</value>
          </Data>
          <Data name="Neighborhood">
            <value>Wicker Park</value>
          </Data>
          <Data name="Reviews">
            <value/>
          </Data>
          <Data name="Address">
            <value>1366 N Milwaukee Ave, Chicago, IL 60622</value>
          </Data>
        </ExtendedData>
      </Placemark>
      <Placemark>
        <name><![CDATA[Louie's Pub]]></name>
        <address><![CDATA[Louie's Pub 1659 W North Ave, Chicago, IL 60622]]></address>
        <description><![CDATA[Type: Bar<br>Neighborhood: Wicker Park<br>Reviews: karaoke, free popcorn<br>Address: 1659 W North Ave, Chicago, IL 60622]]></description>
        <styleUrl>#icon-1899-558B2F</styleUrl>
        <ExtendedData>
          <Data name="Type">
            <value>Bar</value>
          </Data>
          <Data name="Neighborhood">
            <value>Wicker Park</value>
          </Data>
          <Data name="Reviews">
            <value>karaoke, free popcorn</value>
          </Data>
          <Data name="Address">
            <value>1659 W North Ave, Chicago, IL 60622</value>
          </Data>
        </ExtendedData>
      </Placemark>
      <Placemark>
        <name>Barnes and Noble</name>
        <address>Barnes and Noble 1601 N Milwaukee Ave, Chicago, IL 60647</address>
        <description><![CDATA[Type: Books<br>Neighborhood: Wicker Park<br>Reviews: rec'd by multiple people<br>Address: 1601 N Milwaukee Ave, Chicago, IL 60647]]></description>
        <styleUrl>#icon-1899-558B2F</styleUrl>
        <ExtendedData>
          <Data name="Type">
            <value>Books</value>
          </Data>
          <Data name="Neighborhood">
            <value>Wicker Park</value>
          </Data>
          <Data name="Reviews">
            <value><![CDATA[rec'd by multiple people]]></value>
          </Data>
          <Data name="Address">
            <value>1601 N Milwaukee Ave, Chicago, IL 60647</value>
          </Data>
        </ExtendedData>
      </Placemark>
      <Placemark>
        <name>Challengers Comics</name>
        <address>Challengers Comics 1845 N Western Ave, Chicago, IL 60647</address>
        <description><![CDATA[Type: Books<br>Neighborhood: Wicker Park<br>Reviews: <br>Address: 1845 N Western Ave, Chicago, IL 60647]]></description>
        <styleUrl>#icon-1899-558B2F</styleUrl>
        <ExtendedData>
          <Data name="Type">
            <value>Books</value>
          </Data>
          <Data name="Neighborhood">
            <value>Wicker Park</value>
          </Data>
          <Data name="Reviews">
            <value/>
          </Data>
          <Data name="Address">
            <value>1845 N Western Ave, Chicago, IL 60647</value>
          </Data>
        </ExtendedData>
      </Placemark>
      <Placemark>
        <name>Myopic Books</name>
        <address>Myopic Books 1564 N Milwaukee Ave, Chicago, IL 60622</address>
        <description><![CDATA[Type: Books<br>Neighborhood: Wicker Park<br>Reviews: sell used books and comic books<br>Address: 1564 N Milwaukee Ave, Chicago, IL 60622]]></description>
        <styleUrl>#icon-1899-558B2F</styleUrl>
        <ExtendedData>
          <Data name="Type">
            <value>Books</value>
          </Data>
          <Data name="Neighborhood">
            <value>Wicker Park</value>
          </Data>
          <Data name="Reviews">
            <value>sell used books and comic books</value>
          </Data>
          <Data name="Address">
            <value>1564 N Milwaukee Ave, Chicago, IL 60622</value>
          </Data>
        </ExtendedData>
      </Placemark>
      <Placemark>
        <name><![CDATA[Quimby's]]></name>
        <address><![CDATA[Quimby's 1854 W North Ave, Chicago, IL 60622]]></address>
        <description><![CDATA[Type: Books<br>Neighborhood: Wicker Park<br>Reviews: has local diy zines<br>Address: 1854 W North Ave, Chicago, IL 60622]]></description>
        <styleUrl>#icon-1899-558B2F</styleUrl>
        <ExtendedData>
          <Data name="Type">
            <value>Books</value>
          </Data>
          <Data name="Neighborhood">
            <value>Wicker Park</value>
          </Data>
          <Data name="Reviews">
            <value>has local diy zines</value>
          </Data>
          <Data name="Address">
            <value>1854 W North Ave, Chicago, IL 60622</value>
          </Data>
        </ExtendedData>
      </Placemark>
      <Placemark>
        <name>Sheep Cult Comics</name>
        <address>Sheep Cult Comics 1632 N Milwaukee Ave, Chicago, IL 60647</address>
        <description><![CDATA[Type: Books<br>Neighborhood: Wicker Park<br>Reviews: REALLY COOL decor and comics<br>Address: 1632 N Milwaukee Ave, Chicago, IL 60647]]></description>
        <styleUrl>#icon-1899-558B2F</styleUrl>
        <ExtendedData>
          <Data name="Type">
            <value>Books</value>
          </Data>
          <Data name="Neighborhood">
            <value>Wicker Park</value>
          </Data>
          <Data name="Reviews">
            <value>REALLY COOL decor and comics</value>
          </Data>
          <Data name="Address">
            <value>1632 N Milwaukee Ave, Chicago, IL 60647</value>
          </Data>
        </ExtendedData>
      </Placemark>
      <Placemark>
        <name><![CDATA[Snakes & Lattes]]></name>
        <address><![CDATA[Snakes & Lattes 1965 N Milwaukee Ave, Chicago, IL 60647]]></address>
        <description><![CDATA[Type: Cafe<br>Neighborhood: Wicker Park<br>Reviews: rec'd by multiple people, including tiktok<br>Address: 1965 N Milwaukee Ave, Chicago, IL 60647]]></description>
        <styleUrl>#icon-1899-558B2F</styleUrl>
        <ExtendedData>
          <Data name="Type">
            <value>Cafe</value>
          </Data>
          <Data name="Neighborhood">
            <value>Wicker Park</value>
          </Data>
          <Data name="Reviews">
            <value><![CDATA[rec'd by multiple people, including tiktok]]></value>
          </Data>
          <Data name="Address">
            <value>1965 N Milwaukee Ave, Chicago, IL 60647</value>
          </Data>
        </ExtendedData>
      </Placemark>
      <Placemark>
        <name>Happy Belated Clothing</name>
        <address>Happy Belated Clothing 2025 W North Ave, Chicago, IL 60647</address>
        <description><![CDATA[Type: Retail<br>Neighborhood: Wicker Park<br>Reviews: secondhand japan clothes, $10/lb<br>Address: 2025 W North Ave, Chicago, IL 60647]]></description>
        <styleUrl>#icon-1899-558B2F</styleUrl>
        <ExtendedData>
          <Data name="Type">
            <value>Retail</value>
          </Data>
          <Data name="Neighborhood">
            <value>Wicker Park</value>
          </Data>
          <Data name="Reviews">
            <value>secondhand japan clothes, $10/lb</value>
          </Data>
          <Data name="Address">
            <value>2025 W North Ave, Chicago, IL 60647</value>
          </Data>
        </ExtendedData>
      </Placemark>
      <Placemark>
        <name>Layers Chicago</name>
        <address>Layers Chicago 1437 N Milwaukee Ave, Chicago, IL 60622</address>
        <description><![CDATA[Type: Retail<br>Neighborhood: Wicker Park<br>Reviews: has jerseys and jackets<br>Address: 1437 N Milwaukee Ave, Chicago, IL 60622]]></description>
        <styleUrl>#icon-1899-558B2F</styleUrl>
        <ExtendedData>
          <Data name="Type">
            <value>Retail</value>
          </Data>
          <Data name="Neighborhood">
            <value>Wicker Park</value>
          </Data>
          <Data name="Reviews">
            <value>has jerseys and jackets</value>
          </Data>
          <Data name="Address">
            <value>1437 N Milwaukee Ave, Chicago, IL 60622</value>
          </Data>
        </ExtendedData>
      </Placemark>
      <Placemark>
        <name><![CDATA[Una Mae's]]></name>
        <address><![CDATA[Una Mae's 1528 N Milwaukee Ave, Chicago, IL 60622]]></address>
        <description><![CDATA[Type: Retail<br>Neighborhood: Wicker Park<br>Reviews: has vintage clothes<br>Address: 1528 N Milwaukee Ave, Chicago, IL 60622]]></description>
        <styleUrl>#icon-1899-558B2F</styleUrl>
        <ExtendedData>
          <Data name="Type">
            <value>Retail</value>
          </Data>
          <Data name="Neighborhood">
            <value>Wicker Park</value>
          </Data>
          <Data name="Reviews">
            <value>has vintage clothes</value>
          </Data>
          <Data name="Address">
            <value>1528 N Milwaukee Ave, Chicago, IL 60622</value>
          </Data>
        </ExtendedData>
      </Placemark>
      <Placemark>
        <name>Vlillage Discount Outlet</name>
        <address>Vlillage Discount Outlet 2032 N Milwaukee Ave, Chicago, IL 60647, United States</address>
        <description><![CDATA[Type: Retail<br>Neighborhood: Wicker Park<br>Reviews: good sports clothes finds<br>Address: 2032 N Milwaukee Ave, Chicago, IL 60647, United States]]></description>
        <styleUrl>#icon-1899-558B2F</styleUrl>
        <ExtendedData>
          <Data name="Type">
            <value>Retail</value>
          </Data>
          <Data name="Neighborhood">
            <value>Wicker Park</value>
          </Data>
          <Data name="Reviews">
            <value>good sports clothes finds</value>
          </Data>
          <Data name="Address">
            <value>2032 N Milwaukee Ave, Chicago, IL 60647, United States</value>
          </Data>
        </ExtendedData>
      </Placemark>
      <Placemark>
        <name>Wanna Vintage</name>
        <address>Wanna Vintage 1555 N Milwaukee Ave, Chicago, IL 60622</address>
        <description><![CDATA[Type: Retail<br>Neighborhood: Wicker Park<br>Reviews: y2k clothes<br>Address: 1555 N Milwaukee Ave, Chicago, IL 60622]]></description>
        <styleUrl>#icon-1899-558B2F</styleUrl>
        <ExtendedData>
          <Data name="Type">
            <value>Retail</value>
          </Data>
          <Data name="Neighborhood">
            <value>Wicker Park</value>
          </Data>
          <Data name="Reviews">
            <value>y2k clothes</value>
          </Data>
          <Data name="Address">
            <value>1555 N Milwaukee Ave, Chicago, IL 60622</value>
          </Data>
        </ExtendedData>
      </Placemark>
      <Placemark>
        <name><![CDATA[Baha'i House of Worship]]></name>
        <address><![CDATA[Baha'i House of Worship 100 Linden Ave, Wilmette, IL 60091]]></address>
        <description><![CDATA[Type: Landmark<br>Neighborhood: Wilmette<br>Reviews: <br>Address: 100 Linden Ave, Wilmette, IL 60091]]></description>
        <styleUrl>#icon-1899-BDBDBD</styleUrl>
        <ExtendedData>
          <Data name="Type">
            <value>Landmark</value>
          </Data>
          <Data name="Neighborhood">
            <value>Wilmette</value>
          </Data>
          <Data name="Reviews">
            <value/>
          </Data>
          <Data name="Address">
            <value>100 Linden Ave, Wilmette, IL 60091</value>
          </Data>
        </ExtendedData>
      </Placemark>
      <Placemark>
        <name>Guthries</name>
        <address>Guthries 1300 W Addison St, Chicago, IL 60613</address>
        <description><![CDATA[Type: Bar<br>Neighborhood: Wrigleyville<br>Reviews: board game bar, trivia nights<br>Address: 1300 W Addison St, Chicago, IL 60613]]></description>
        <styleUrl>#icon-1899-0288D1</styleUrl>
        <ExtendedData>
          <Data name="Type">
            <value>Bar</value>
          </Data>
          <Data name="Neighborhood">
            <value>Wrigleyville</value>
          </Data>
          <Data name="Reviews">
            <value>board game bar, trivia nights</value>
          </Data>
          <Data name="Address">
            <value>1300 W Addison St, Chicago, IL 60613</value>
          </Data>
        </ExtendedData>
      </Placemark>
      <Placemark>
        <name>smartbar</name>
        <address>smartbar 3730 N Clark St, Chicago, IL 60613</address>
        <description><![CDATA[Type: Club<br>Neighborhood: Wrigleyville<br>Reviews: techno/house music, open until 4am on weekends<br>Address: 3730 N Clark St, Chicago, IL 60613]]></description>
        <styleUrl>#icon-1899-0288D1</styleUrl>
        <ExtendedData>
          <Data name="Type">
            <value>Club</value>
          </Data>
          <Data name="Neighborhood">
            <value>Wrigleyville</value>
          </Data>
          <Data name="Reviews">
            <value>techno/house music, open until 4am on weekends</value>
          </Data>
          <Data name="Address">
            <value>3730 N Clark St, Chicago, IL 60613</value>
          </Data>
        </ExtendedData>
      </Placemark>
      <Placemark>
        <name>Tin Roof</name>
        <address>Tin Roof 3519 N Clark St, Chicago, IL 60657</address>
        <description><![CDATA[Type: Club<br>Neighborhood: Wrigleyville<br>Reviews: Allen: Lively bar, good dj and dance floor<br>Address: 3519 N Clark St, Chicago, IL 60657]]></description>
        <styleUrl>#icon-1899-0288D1</styleUrl>
        <ExtendedData>
          <Data name="Type">
            <value>Club</value>
          </Data>
          <Data name="Neighborhood">
            <value>Wrigleyville</value>
          </Data>
          <Data name="Reviews">
            <value>Allen: Lively bar, good dj and dance floor</value>
          </Data>
          <Data name="Address">
            <value>3519 N Clark St, Chicago, IL 60657</value>
          </Data>
        </ExtendedData>
      </Placemark>
      <Placemark>
        <name>Underground Lounge</name>
        <address>Underground Lounge 952 W Newport Ave, Chicago, IL 60657</address>
        <description><![CDATA[Type: Club<br>Neighborhood: Wrigleyville<br>Reviews: <br>Address: 952 W Newport Ave, Chicago, IL 60657]]></description>
        <styleUrl>#icon-1899-0288D1</styleUrl>
        <ExtendedData>
          <Data name="Type">
            <value>Club</value>
          </Data>
          <Data name="Neighborhood">
            <value>Wrigleyville</value>
          </Data>
          <Data name="Reviews">
            <value/>
          </Data>
          <Data name="Address">
            <value>952 W Newport Ave, Chicago, IL 60657</value>
          </Data>
        </ExtendedData>
      </Placemark>
      <Placemark>
        <name>Music Box Theatre</name>
        <address>Music Box Theatre 3733 N Southport Ave, Chicago, IL 60613</address>
        <description><![CDATA[Type: Landmark<br>Neighborhood: Wrigleyville<br>Reviews: <br>Address: 3733 N Southport Ave, Chicago, IL 60613]]></description>
        <styleUrl>#icon-1899-0288D1</styleUrl>
        <ExtendedData>
          <Data name="Type">
            <value>Landmark</value>
          </Data>
          <Data name="Neighborhood">
            <value>Wrigleyville</value>
          </Data>
          <Data name="Reviews">
            <value/>
          </Data>
          <Data name="Address">
            <value>3733 N Southport Ave, Chicago, IL 60613</value>
          </Data>
        </ExtendedData>
      </Placemark>
    </Folder>
  </Document>
</kml>
